2026-09-21T01:40:28.237Z [INFO]  Terraform version: 1.16.3
2026-09-21T01:40:28.239Z [DEBUG] using github.com/hashicorp/go-tfe v1.110.0
2026-09-21T01:40:28.239Z [DEBUG] using github.com/hashicorp/hcl/v2 v2.24.0
2026-09-21T01:40:28.240Z [DEBUG] using github.com/hashicorp/terraform-svchost v0.2.1
2026-09-21T01:40:28.240Z [DEBUG] using github.com/zclconf/go-cty v1.18.1
2026-09-21T01:40:28.240Z [INFO]  Go runtime version: go1.26.8
2026-09-21T01:40:28.241Z [INFO]  CLI args: []string{"/snap/terraform/938/terraform", "apply", "-auto-approve"}
2026-09-21T01:40:28.241Z [DEBUG] Attempting to open CLI config file: /home/nithin_kallem/.terraformrc
2026-09-21T01:40:28.242Z [DEBUG] File doesn't exist, but doesn't need to. Ignoring.
2026-09-21T01:40:28.245Z [DEBUG] ignoring non-existing provider search directory terraform.d/plugins
2026-09-21T01:40:28.245Z [DEBUG] ignoring non-existing provider search directory /home/nithin_kallem/.terraform.d/plugins
2026-09-21T01:40:28.246Z [DEBUG] ignoring non-existing provider search directory /home/nithin_kallem/.local/share/terraform/plugins
2026-09-21T01:40:28.247Z [DEBUG] ignoring non-existing provider search directory /usr/local/share/terraform/plugins
2026-09-21T01:40:28.247Z [DEBUG] ignoring non-existing provider search directory /usr/share/terraform/plugins
2026-09-21T01:40:28.248Z [DEBUG] ignoring non-existing provider search directory /var/lib/snapd/desktop/terraform/plugins
2026-09-21T01:40:28.255Z [INFO]  CLI command args: []string{"apply", "-auto-approve"}
2026-09-21T01:41:21.706Z [DEBUG] checking for provisioner in "."
2026-09-21T01:41:21.709Z [DEBUG] checking for provisioner in "/snap/terraform/938"
2026-09-21T01:41:21.820Z [INFO]  backend/local: starting Apply operation
2026-09-21T01:41:21.988Z [DEBUG] ReferenceTransformer: "var.user_name" references: []
2026-09-21T01:41:21.989Z [DEBUG] ReferenceTransformer: "var.instance_type" references: []
2026-09-21T01:41:21.990Z [DEBUG] ReferenceTransformer: "var.region" references: []
2026-09-21T01:41:21.991Z [DEBUG] Starting graph walk: walkInit
2026-09-21T01:41:22.074Z [DEBUG] created provider logger: level=debug
2026-09-21T01:41:22.080Z [INFO]  provider: configuring client automatic mTLS
2026-09-21T01:41:22.126Z [DEBUG] provider: starting plugin: path=.terraform/providers/registry.terraform.io/hashicorp/aws/6.65.0/linux_amd64/terraform-provider-aws_v6.65.0_x5 args=[".terraform/providers/registry.terraform.io/hashicorp/aws/6.65.0/linux_amd64/terraform-provider-aws_v6.65.0_x5"]
2026-09-21T01:41:22.150Z [DEBUG] provider: plugin started: path=.terraform/providers/registry.terraform.io/hashicorp/aws/6.65.0/linux_amd64/terraform-provider-aws_v6.65.0_x5 pid=231851
2026-09-21T01:41:22.151Z [DEBUG] provider: waiting for RPC address: plugin=.terraform/providers/registry.terraform.io/hashicorp/aws/6.65.0/linux_amd64/terraform-provider-aws_v6.65.0_x5
2026-09-21T01:41:26.474Z [DEBUG] provider.terraform-provider-aws_v6.65.0_x5: Starting github.com/hashicorp/terraform-provider-aws@6.65.0 (go1.26.6)...
2026-09-21T01:41:26.475Z [DEBUG] provider.terraform-provider-aws_v6.65.0_x5: Creating Terraform AWS Provider (SDKv2-style)...
2026-09-21T01:41:26.480Z [DEBUG] provider.terraform-provider-aws_v6.65.0_x5: Initializing Terraform AWS Provider (SDKv2-style)...
2026-09-21T01:41:27.752Z [DEBUG] provider.terraform-provider-aws_v6.65.0_x5: Creating Terraform AWS Provider (Framework-style)...
2026-09-21T01:41:27.754Z [DEBUG] provider.terraform-provider-aws_v6.65.0_x5: Initializing Terraform AWS Provider (Framework-style)...
2026-09-21T01:41:27.797Z [DEBUG] provider.terraform-provider-aws_v6.65.0_x5: configuring server automatic mTLS: timestamp=2026-09-21T01:41:27.797Z
2026-09-21T01:41:27.858Z [DEBUG] provider: using plugin: version=5
2026-09-21T01:41:27.858Z [DEBUG] provider.terraform-provider-aws_v6.65.0_x5: plugin address: address=/tmp/plugin3575954424 network=unix timestamp=2026-09-21T01:41:27.857Z
2026-09-21T01:41:34.613Z [DEBUG] provider.stdio: received EOF, stopping recv loop: err="rpc error: code = Unavailable desc = error reading from server: EOF"
2026-09-21T01:41:34.746Z [INFO]  provider: plugin process exited: plugin=.terraform/providers/registry.terraform.io/hashicorp/aws/6.65.0/linux_amd64/terraform-provider-aws_v6.65.0_x5 id=231851
2026-09-21T01:41:34.747Z [DEBUG] provider: plugin exited
2026-09-21T01:41:34.748Z [DEBUG] Building and walking validate graph
2026-09-21T01:41:34.753Z [DEBUG] ProviderTransformer: "aws_instance.worker_node" (*terraform.NodeValidatableResource) needs provider["registry.terraform.io/hashicorp/aws"]
2026-09-21T01:41:34.754Z [DEBUG] ProviderTransformer: "aws_iam_user.onboarding_user" (*terraform.NodeValidatableResource) needs provider["registry.terraform.io/hashicorp/aws"]
2026-09-21T01:41:34.755Z [DEBUG] ReferenceTransformer: "var.region" references: []
2026-09-21T01:41:34.756Z [DEBUG] ReferenceTransformer: "var.user_name" references: []
2026-09-21T01:41:34.757Z [DEBUG] ReferenceTransformer: "var.instance_type" references: []
2026-09-21T01:41:34.761Z [DEBUG] ReferenceTransformer: "output.iam_user_names (expand)" references: [aws_iam_user.onboarding_user]
2026-09-21T01:41:34.762Z [DEBUG] ReferenceTransformer: "output.iam_user_names (expand)" references: aws_iam_user.onboarding_user
2026-09-21T01:41:34.763Z [DEBUG] ReferenceTransformer: "output.worker_node_ids (expand)" references: [aws_instance.worker_node]
2026-09-21T01:41:34.764Z [DEBUG] ReferenceTransformer: "output.worker_node_ids (expand)" references: aws_instance.worker_node
2026-09-21T01:41:34.765Z [DEBUG] ReferenceTransformer: "provider[\"registry.terraform.io/hashicorp/aws\"]" references: [var.region]
2026-09-21T01:41:34.765Z [DEBUG] ReferenceTransformer: "provider[\"registry.terraform.io/hashicorp/aws\"]" references: var.region
2026-09-21T01:41:34.766Z [DEBUG] ReferenceTransformer: "aws_iam_user.onboarding_user" references: [var.user_name]
2026-09-21T01:41:34.767Z [DEBUG] ReferenceTransformer: "aws_iam_user.onboarding_user" references: var.user_name
2026-09-21T01:41:34.768Z [DEBUG] ReferenceTransformer: "aws_instance.worker_node" references: [var.instance_type]
2026-09-21T01:41:34.769Z [DEBUG] ReferenceTransformer: "aws_instance.worker_node" references: var.instance_type
2026-09-21T01:41:34.771Z [DEBUG] Starting graph walk: walkValidate
2026-09-21T01:41:34.800Z [DEBUG] created provider logger: level=debug
2026-09-21T01:41:34.801Z [INFO]  provider: configuring client automatic mTLS
2026-09-21T01:41:34.817Z [DEBUG] provider: starting plugin: path=.terraform/providers/registry.terraform.io/hashicorp/aws/6.65.0/linux_amd64/terraform-provider-aws_v6.65.0_x5 args=[".terraform/providers/registry.terraform.io/hashicorp/aws/6.65.0/linux_amd64/terraform-provider-aws_v6.65.0_x5"]
2026-09-21T01:41:34.839Z [DEBUG] provider: plugin started: path=.terraform/providers/registry.terraform.io/hashicorp/aws/6.65.0/linux_amd64/terraform-provider-aws_v6.65.0_x5 pid=231931
2026-09-21T01:41:34.841Z [DEBUG] provider: waiting for RPC address: plugin=.terraform/providers/registry.terraform.io/hashicorp/aws/6.65.0/linux_amd64/terraform-provider-aws_v6.65.0_x5
2026-09-21T01:41:38.936Z [DEBUG] provider.terraform-provider-aws_v6.65.0_x5: Starting github.com/hashicorp/terraform-provider-aws@6.65.0 (go1.26.6)...
2026-09-21T01:41:38.938Z [DEBUG] provider.terraform-provider-aws_v6.65.0_x5: Creating Terraform AWS Provider (SDKv2-style)...
2026-09-21T01:41:38.942Z [DEBUG] provider.terraform-provider-aws_v6.65.0_x5: Initializing Terraform AWS Provider (SDKv2-style)...
2026-09-21T01:41:40.259Z [DEBUG] provider.terraform-provider-aws_v6.65.0_x5: Creating Terraform AWS Provider (Framework-style)...
2026-09-21T01:41:40.260Z [DEBUG] provider.terraform-provider-aws_v6.65.0_x5: Initializing Terraform AWS Provider (Framework-style)...
2026-09-21T01:41:40.304Z [DEBUG] provider.terraform-provider-aws_v6.65.0_x5: configuring server automatic mTLS: timestamp=2026-09-21T01:41:40.304Z
2026-09-21T01:41:40.370Z [DEBUG] provider: using plugin: version=5
2026-09-21T01:41:40.370Z [DEBUG] provider.terraform-provider-aws_v6.65.0_x5: plugin address: address=/tmp/plugin822058036 network=unix timestamp=2026-09-21T01:41:40.370Z
2026-09-21T01:41:42.386Z [DEBUG] provider.stdio: received EOF, stopping recv loop: err="rpc error: code = Unavailable desc = error reading from server: EOF"
2026-09-21T01:41:42.524Z [INFO]  provider: plugin process exited: plugin=.terraform/providers/registry.terraform.io/hashicorp/aws/6.65.0/linux_amd64/terraform-provider-aws_v6.65.0_x5 id=231931
2026-09-21T01:41:42.525Z [DEBUG] provider: plugin exited
2026-09-21T01:41:42.526Z [INFO]  backend/local: apply calling Plan
2026-09-21T01:41:42.528Z [DEBUG] Building and walking plan graph for NormalMode
2026-09-21T01:41:42.560Z [DEBUG] ProviderTransformer: "aws_iam_user.onboarding_user (expand)" (*terraform.nodeExpandPlannableResource) needs provider["registry.terraform.io/hashicorp/aws"]
2026-09-21T01:41:42.561Z [DEBUG] ProviderTransformer: "aws_instance.worker_node (expand)" (*terraform.nodeExpandPlannableResource) needs provider["registry.terraform.io/hashicorp/aws"]
2026-09-21T01:41:42.563Z [DEBUG] ReferenceTransformer: "output.iam_user_names (expand)" references: [aws_iam_user.onboarding_user (expand)]
2026-09-21T01:41:42.564Z [DEBUG] ReferenceTransformer: "output.iam_user_names (expand)" references: aws_iam_user.onboarding_user (expand)
2026-09-21T01:41:42.565Z [DEBUG] ReferenceTransformer: "output.worker_node_ids (expand)" references: [aws_instance.worker_node (expand)]
2026-09-21T01:41:42.566Z [DEBUG] ReferenceTransformer: "output.worker_node_ids (expand)" references: aws_instance.worker_node (expand)
2026-09-21T01:41:42.568Z [DEBUG] ReferenceTransformer: "provider[\"registry.terraform.io/hashicorp/aws\"]" references: [var.region]
2026-09-21T01:41:42.569Z [DEBUG] ReferenceTransformer: "provider[\"registry.terraform.io/hashicorp/aws\"]" references: var.region
2026-09-21T01:41:42.570Z [DEBUG] ReferenceTransformer: "aws_iam_user.onboarding_user (expand)" references: [var.user_name]
2026-09-21T01:41:42.571Z [DEBUG] ReferenceTransformer: "aws_iam_user.onboarding_user (expand)" references: var.user_name
2026-09-21T01:41:42.572Z [DEBUG] ReferenceTransformer: "aws_instance.worker_node (expand)" references: [var.instance_type]
2026-09-21T01:41:42.573Z [DEBUG] ReferenceTransformer: "aws_instance.worker_node (expand)" references: var.instance_type
2026-09-21T01:41:42.574Z [DEBUG] ReferenceTransformer: "var.region" references: []
2026-09-21T01:41:42.575Z [DEBUG] ReferenceTransformer: "var.user_name" references: []
2026-09-21T01:41:42.576Z [DEBUG] ReferenceTransformer: "var.instance_type" references: []
2026-09-21T01:41:42.578Z [DEBUG] Starting graph walk: walkPlan
2026-09-21T01:41:42.611Z [DEBUG] created provider logger: level=debug
2026-09-21T01:41:42.613Z [INFO]  provider: configuring client automatic mTLS
2026-09-21T01:41:42.633Z [DEBUG] provider: starting plugin: path=.terraform/providers/registry.terraform.io/hashicorp/aws/6.65.0/linux_amd64/terraform-provider-aws_v6.65.0_x5 args=[".terraform/providers/registry.terraform.io/hashicorp/aws/6.65.0/linux_amd64/terraform-provider-aws_v6.65.0_x5"]
2026-09-21T01:41:42.659Z [DEBUG] provider: plugin started: path=.terraform/providers/registry.terraform.io/hashicorp/aws/6.65.0/linux_amd64/terraform-provider-aws_v6.65.0_x5 pid=231990
2026-09-21T01:41:42.661Z [DEBUG] provider: waiting for RPC address: plugin=.terraform/providers/registry.terraform.io/hashicorp/aws/6.65.0/linux_amd64/terraform-provider-aws_v6.65.0_x5
2026-09-21T01:41:47.879Z [DEBUG] provider.terraform-provider-aws_v6.65.0_x5: Starting github.com/hashicorp/terraform-provider-aws@6.65.0 (go1.26.6)...
2026-09-21T01:41:47.881Z [DEBUG] provider.terraform-provider-aws_v6.65.0_x5: Creating Terraform AWS Provider (SDKv2-style)...
2026-09-21T01:41:47.884Z [DEBUG] provider.terraform-provider-aws_v6.65.0_x5: Initializing Terraform AWS Provider (SDKv2-style)...
2026-09-21T01:41:49.479Z [DEBUG] provider.terraform-provider-aws_v6.65.0_x5: Creating Terraform AWS Provider (Framework-style)...
2026-09-21T01:41:49.481Z [DEBUG] provider.terraform-provider-aws_v6.65.0_x5: Initializing Terraform AWS Provider (Framework-style)...
2026-09-21T01:41:49.538Z [DEBUG] provider.terraform-provider-aws_v6.65.0_x5: configuring server automatic mTLS: timestamp=2026-09-21T01:41:49.537Z
2026-09-21T01:41:49.615Z [DEBUG] provider: using plugin: version=5
2026-09-21T01:41:49.615Z [DEBUG] provider.terraform-provider-aws_v6.65.0_x5: plugin address: network=unix address=/tmp/plugin1915798649 timestamp=2026-09-21T01:41:49.614Z
2026-09-21T01:41:50.821Z [DEBUG] provider.terraform-provider-aws_v6.65.0_x5: Configuring Terraform AWS Provider: @caller=github.com/hashicorp/terraform-provider-aws/internal/conns/config.go:150 @module=aws tf_provider_addr=registry.terraform.io/hashicorp/aws tf_req_id=f7ee33ed-0a18-66fa-a09f-970e9266e181 tf_mux_provider="*schema.GRPCProviderServer" tf_rpc=ConfigureProvider timestamp=2026-09-21T01:41:50.816Z
2026-09-21T01:41:50.831Z [DEBUG] provider.terraform-provider-aws_v6.65.0_x5: Resolving credentials provider: @caller=github.com/hashicorp/aws-sdk-go-base/v2@v2.0.0-beta.73/logging/tf_logger.go:47 @module=aws.aws-base tf_mux_provider="*schema.GRPCProviderServer" tf_provider_addr=registry.terraform.io/hashicorp/aws tf_req_id=f7ee33ed-0a18-66fa-a09f-970e9266e181 tf_rpc=ConfigureProvider timestamp=2026-09-21T01:41:50.831Z
2026-09-21T01:41:50.836Z [DEBUG] provider.terraform-provider-aws_v6.65.0_x5: Loading configuration: tf_mux_provider="*schema.GRPCProviderServer" tf_provider_addr=registry.terraform.io/hashicorp/aws @caller=github.com/hashicorp/aws-sdk-go-base/v2@v2.0.0-beta.73/logging/tf_logger.go:47 @module=aws.aws-base tf_req_id=f7ee33ed-0a18-66fa-a09f-970e9266e181 tf_rpc=ConfigureProvider timestamp=2026-09-21T01:41:50.835Z
2026-09-21T01:41:50.870Z [DEBUG] provider.terraform-provider-aws_v6.65.0_x5: Retrieving credentials: @caller=github.com/hashicorp/aws-sdk-go-base/v2@v2.0.0-beta.73/logging/tf_logger.go:47 @module=aws.aws-base tf_mux_provider="*schema.GRPCProviderServer" tf_provider_addr=registry.terraform.io/hashicorp/aws tf_req_id=f7ee33ed-0a18-66fa-a09f-970e9266e181 tf_rpc=ConfigureProvider timestamp=2026-09-21T01:41:50.869Z
2026-09-21T01:41:50.875Z [INFO]  provider.terraform-provider-aws_v6.65.0_x5: Retrieved credentials: tf_mux_provider="*schema.GRPCProviderServer" tf_req_id=f7ee33ed-0a18-66fa-a09f-970e9266e181 tf_rpc=ConfigureProvider @caller=github.com/hashicorp/aws-sdk-go-base/v2@v2.0.0-beta.73/logging/tf_logger.go:39 tf_aws.credentials_source="SharedConfigCredentials: /home/nithin_kallem/.aws/credentials" tf_provider_addr=registry.terraform.io/hashicorp/aws @module=aws.aws-base timestamp=2026-09-21T01:41:50.875Z
2026-09-21T01:41:50.876Z [DEBUG] provider.terraform-provider-aws_v6.65.0_x5: Loading configuration: @caller=github.com/hashicorp/aws-sdk-go-base/v2@v2.0.0-beta.73/logging/tf_logger.go:47 @module=aws.aws-base tf_mux_provider="*schema.GRPCProviderServer" tf_provider_addr=registry.terraform.io/hashicorp/aws tf_req_id=f7ee33ed-0a18-66fa-a09f-970e9266e181 tf_rpc=ConfigureProvider timestamp=2026-09-21T01:41:50.875Z
2026-09-21T01:41:50.877Z [DEBUG] provider.terraform-provider-aws_v6.65.0_x5: Retrieving AWS account details: @caller=github.com/hashicorp/terraform-provider-aws/internal/conns/config.go:188 @module=aws tf_provider_addr=registry.terraform.io/hashicorp/aws tf_rpc=ConfigureProvider tf_mux_provider="*schema.GRPCProviderServer" tf_req_id=f7ee33ed-0a18-66fa-a09f-970e9266e181 timestamp=2026-09-21T01:41:50.876Z
2026-09-21T01:41:50.882Z [DEBUG] provider.terraform-provider-aws_v6.65.0_x5: Retrieving caller identity from STS: @caller=github.com/hashicorp/aws-sdk-go-base/v2@v2.0.0-beta.73/logging/tf_logger.go:47 tf_mux_provider="*schema.GRPCProviderServer" tf_provider_addr=registry.terraform.io/hashicorp/aws @module=aws.aws-base tf_req_id=f7ee33ed-0a18-66fa-a09f-970e9266e181 tf_rpc=ConfigureProvider timestamp=2026-09-21T01:41:50.882Z
2026-09-21T01:41:50.929Z [DEBUG] provider.terraform-provider-aws_v6.65.0_x5: HTTP Request Sent: @caller=github.com/hashicorp/aws-sdk-go-base/v2@v2.0.0-beta.73/logging/tf_logger.go:47 http.method=POST
  http.request.body=
  | Action=GetCallerIdentity&Version=2011-06-15
   http.request_content_length=43 tf_req_id=f7ee33ed-0a18-66fa-a09f-970e9266e181 @module=aws.aws-base aws.region=us-east-1 http.request.header.amz_sdk_request="attempt=1; max=25" http.request.header.authorization="AWS4-HMAC-SHA256 Credential=AKIA************HAG5/20260921/us-east-1/sts/aws4_request, SignedHeaders=amz-sdk-invocation-id;amz-sdk-request;content-length;content-type;host;x-amz-date, Signature=*****" http.request.header.x_amz_date=20260921T014150Z http.url=https://sts.us-east-1.amazonaws.com/ tf_aws.sdk=aws-sdk-go-v2 http.request.header.content_type=application/x-www-form-urlencoded rpc.method=STS/GetCallerIdentity rpc.system.name=aws-api tf_aws.signing_region="" tf_mux_provider="*schema.GRPCProviderServer" http.request.header.amz_sdk_invocation_id=165c85f9-5d5d-46d3-8553-f399a7df9df1 http.user_agent="APN/1.0 HashiCorp/1.0 Terraform/1.16.3 (+https://www.terraform.io) terraform-provider-aws/6.65.0 (+https://registry.terraform.io/providers/hashicorp/aws) aws-sdk-go-v2/1.47.0 ua/2.1 os/linux lang/go#1.26.6 md/GOOS#linux md/GOARCH#amd64 api/sts#1.50.0 m/n" net.peer.name=sts.us-east-1.amazonaws.com tf_provider_addr=registry.terraform.io/hashicorp/aws tf_rpc=ConfigureProvider timestamp=2026-09-21T01:41:50.928Z
2026-09-21T01:41:52.254Z [DEBUG] provider.terraform-provider-aws_v6.65.0_x5: HTTP Response Received: @module=aws.aws-base aws.region=us-east-1 http.response.header.content_type=text/xml http.response_content_length=387 http.status_code=200 tf_aws.sdk=aws-sdk-go-v2 tf_provider_addr=registry.terraform.io/hashicorp/aws
  http.response.body=
  | <GetCallerIdentityResponse xmlns="https://sts.amazonaws.com/doc/2011-06-15/">
  |   <GetCallerIdentityResult>
  |     <Arn>arn:aws:iam::020651500156:root</Arn>
  |     <UserId>020651500156</UserId>
  |     <Account>020651500156</Account>
  |   </GetCallerIdentityResult>
  |   <ResponseMetadata>
  |     <RequestId>f83bb251-37bc-4fb8-a5bf-4d9b94c1dab4</RequestId>
  |   </ResponseMetadata>
  | </GetCallerIdentityResponse>
   http.response.header.x_amz_sts_extended_request_id=MTp1cy1lYXN0LTE6UzoxNzg5OTU0OTEyMjM1OlI6R0RUamtjcjA= http.response.header.x_amzn_requestid=f83bb251-37bc-4fb8-a5bf-4d9b94c1dab4 rpc.method=STS/GetCallerIdentity http.duration=1324 tf_aws.signing_region="" tf_rpc=ConfigureProvider http.response.header.date="Mon, 21 Sep 2026 01:41:52 GMT" rpc.system.name=aws-api tf_mux_provider="*schema.GRPCProviderServer" tf_req_id=f7ee33ed-0a18-66fa-a09f-970e9266e181 @caller=github.com/hashicorp/aws-sdk-go-base/v2@v2.0.0-beta.73/logging/tf_logger.go:47 timestamp=2026-09-21T01:41:52.254Z
2026-09-21T01:41:52.259Z [INFO]  provider.terraform-provider-aws_v6.65.0_x5: Retrieved caller identity from STS: tf_mux_provider="*schema.GRPCProviderServer" tf_req_id=f7ee33ed-0a18-66fa-a09f-970e9266e181 tf_rpc=ConfigureProvider @module=aws.aws-base tf_provider_addr=registry.terraform.io/hashicorp/aws @caller=github.com/hashicorp/aws-sdk-go-base/v2@v2.0.0-beta.73/logging/tf_logger.go:39 timestamp=2026-09-21T01:41:52.258Z
2026-09-21T01:41:52.264Z [DEBUG] No policy client configured, skipping policy evaluation for provider["registry.terraform.io/hashicorp/aws"]
2026-09-21T01:41:52.267Z [DEBUG] Resource instance state not found for node "aws_instance.worker_node[0]", instance aws_instance.worker_node[0]
2026-09-21T01:41:52.268Z [DEBUG] Resource instance state not found for node "aws_instance.worker_node[1]", instance aws_instance.worker_node[1]
2026-09-21T01:41:52.269Z [DEBUG] Resource instance state not found for node "aws_instance.worker_node[2]", instance aws_instance.worker_node[2]
2026-09-21T01:41:52.271Z [DEBUG] Resource instance state not found for node "aws_iam_user.onboarding_user[0]", instance aws_iam_user.onboarding_user[0]
2026-09-21T01:41:52.272Z [DEBUG] Resource instance state not found for node "aws_iam_user.onboarding_user[1]", instance aws_iam_user.onboarding_user[1]
2026-09-21T01:41:52.274Z [DEBUG] Resource instance state not found for node "aws_iam_user.onboarding_user[2]", instance aws_iam_user.onboarding_user[2]
2026-09-21T01:41:52.288Z [DEBUG] refresh: aws_iam_user.onboarding_user[1]: no state, so not refreshing
2026-09-21T01:41:52.289Z [DEBUG] refresh: aws_iam_user.onboarding_user[0]: no state, so not refreshing
2026-09-21T01:41:52.291Z [DEBUG] refresh: aws_instance.worker_node[0]: no state, so not refreshing
2026-09-21T01:41:52.292Z [DEBUG] refresh: aws_instance.worker_node[2]: no state, so not refreshing
2026-09-21T01:41:52.294Z [DEBUG] refresh: aws_iam_user.onboarding_user[2]: no state, so not refreshing
2026-09-21T01:41:52.296Z [DEBUG] refresh: aws_instance.worker_node[1]: no state, so not refreshing
2026-09-21T01:41:53.268Z [WARN]  Provider "registry.terraform.io/hashicorp/aws" produced an invalid plan for aws_iam_user.onboarding_user[2], but we are tolerating it because it is using the legacy plugin SDK.
    The following problems may be the cause of any confusing errors from downstream operations:
      - .force_destroy: planned value cty.False for a non-computed attribute
      - .path: planned value cty.StringVal("/") for a non-computed attribute
2026-09-21T01:41:53.269Z [WARN]  Provider "registry.terraform.io/hashicorp/aws" produced an invalid plan for aws_iam_user.onboarding_user[1], but we are tolerating it because it is using the legacy plugin SDK.
    The following problems may be the cause of any confusing errors from downstream operations:
      - .force_destroy: planned value cty.False for a non-computed attribute
      - .path: planned value cty.StringVal("/") for a non-computed attribute
2026-09-21T01:41:53.271Z [WARN]  Provider "registry.terraform.io/hashicorp/aws" produced an invalid plan for aws_iam_user.onboarding_user[0], but we are tolerating it because it is using the legacy plugin SDK.
    The following problems may be the cause of any confusing errors from downstream operations:
      - .force_destroy: planned value cty.False for a non-computed attribute
      - .path: planned value cty.StringVal("/") for a non-computed attribute
2026-09-21T01:41:53.361Z [WARN]  Provider "registry.terraform.io/hashicorp/aws" produced an invalid plan for aws_instance.worker_node[1], but we are tolerating it because it is using the legacy plugin SDK.
    The following problems may be the cause of any confusing errors from downstream operations:
      - .force_destroy: planned value cty.False for a non-computed attribute
      - .get_password_data: planned value cty.False for a non-computed attribute
      - .user_data_replace_on_change: planned value cty.False for a non-computed attribute
      - .source_dest_check: planned value cty.True for a non-computed attribute
      - .ephemeral_block_device: planned unknown value for non-computed block
      - .maintenance_options: planned unknown value for non-computed block
      - .ebs_block_device: planned unknown value for non-computed block
      - .enclave_options: planned unknown value for non-computed block
      - .metadata_options: planned unknown value for non-computed block
      - .root_block_device: planned unknown value for non-computed block
      - .capacity_reservation_specification: planned unknown value for non-computed block
      - .instance_market_options: planned unknown value for non-computed block
      - .primary_network_interface: planned unknown value for non-computed block
      - .private_dns_name_options: planned unknown value for non-computed block
      - .cpu_options: planned unknown value for non-computed block
      - .network_interface: planned unknown value for non-computed block
      - .secondary_network_interface: planned unknown value for non-computed block
2026-09-21T01:41:53.362Z [WARN]  Provider "registry.terraform.io/hashicorp/aws" produced an invalid plan for aws_instance.worker_node[2], but we are tolerating it because it is using the legacy plugin SDK.
    The following problems may be the cause of any confusing errors from downstream operations:
      - .force_destroy: planned value cty.False for a non-computed attribute
      - .get_password_data: planned value cty.False for a non-computed attribute
      - .user_data_replace_on_change: planned value cty.False for a non-computed attribute
      - .source_dest_check: planned value cty.True for a non-computed attribute
      - .cpu_options: planned unknown value for non-computed block
      - .network_interface: planned unknown value for non-computed block
      - .secondary_network_interface: planned unknown value for non-computed block
      - .ephemeral_block_device: planned unknown value for non-computed block
      - .maintenance_options: planned unknown value for non-computed block
      - .ebs_block_device: planned unknown value for non-computed block
      - .enclave_options: planned unknown value for non-computed block
      - .metadata_options: planned unknown value for non-computed block
      - .root_block_device: planned unknown value for non-computed block
      - .capacity_reservation_specification: planned unknown value for non-computed block
      - .instance_market_options: planned unknown value for non-computed block
      - .primary_network_interface: planned unknown value for non-computed block
      - .private_dns_name_options: planned unknown value for non-computed block
2026-09-21T01:41:53.363Z [WARN]  Provider "registry.terraform.io/hashicorp/aws" produced an invalid plan for aws_instance.worker_node[0], but we are tolerating it because it is using the legacy plugin SDK.
    The following problems may be the cause of any confusing errors from downstream operations:
      - .source_dest_check: planned value cty.True for a non-computed attribute
      - .force_destroy: planned value cty.False for a non-computed attribute
      - .get_password_data: planned value cty.False for a non-computed attribute
      - .user_data_replace_on_change: planned value cty.False for a non-computed attribute
      - .metadata_options: planned unknown value for non-computed block
      - .root_block_device: planned unknown value for non-computed block
      - .capacity_reservation_specification: planned unknown value for non-computed block
      - .instance_market_options: planned unknown value for non-computed block
      - .primary_network_interface: planned unknown value for non-computed block
      - .private_dns_name_options: planned unknown value for non-computed block
      - .cpu_options: planned unknown value for non-computed block
      - .network_interface: planned unknown value for non-computed block
      - .secondary_network_interface: planned unknown value for non-computed block
      - .ephemeral_block_device: planned unknown value for non-computed block
      - .maintenance_options: planned unknown value for non-computed block
      - .ebs_block_device: planned unknown value for non-computed block
      - .enclave_options: planned unknown value for non-computed block
2026-09-21T01:41:53.369Z [DEBUG] provider.stdio: received EOF, stopping recv loop: err="rpc error: code = Unavailable desc = error reading from server: EOF"
2026-09-21T01:41:53.491Z [INFO]  provider: plugin process exited: plugin=.terraform/providers/registry.terraform.io/hashicorp/aws/6.65.0/linux_amd64/terraform-provider-aws_v6.65.0_x5 id=231990
2026-09-21T01:41:53.492Z [DEBUG] provider: plugin exited
2026-09-21T01:41:53.498Z [DEBUG] building apply graph to check for errors
2026-09-21T01:41:53.499Z [DEBUG] Resource state not found for node "aws_iam_user.onboarding_user[1]", instance aws_iam_user.onboarding_user[1]
2026-09-21T01:41:53.500Z [DEBUG] Resource state not found for node "aws_iam_user.onboarding_user[0]", instance aws_iam_user.onboarding_user[0]
2026-09-21T01:41:53.501Z [DEBUG] Resource state not found for node "aws_instance.worker_node[1]", instance aws_instance.worker_node[1]
2026-09-21T01:41:53.502Z [DEBUG] Resource state not found for node "aws_iam_user.onboarding_user[2]", instance aws_iam_user.onboarding_user[2]
2026-09-21T01:41:53.503Z [DEBUG] Resource state not found for node "aws_instance.worker_node[2]", instance aws_instance.worker_node[2]
2026-09-21T01:41:53.503Z [DEBUG] Resource state not found for node "aws_instance.worker_node[0]", instance aws_instance.worker_node[0]
2026-09-21T01:41:53.505Z [DEBUG] ProviderTransformer: "aws_iam_user.onboarding_user[0]" (*terraform.NodeApplyableResourceInstance) needs provider["registry.terraform.io/hashicorp/aws"]
2026-09-21T01:41:53.506Z [DEBUG] ProviderTransformer: "aws_instance.worker_node[1]" (*terraform.NodeApplyableResourceInstance) needs provider["registry.terraform.io/hashicorp/aws"]
2026-09-21T01:41:53.507Z [DEBUG] ProviderTransformer: "aws_instance.worker_node (expand)" (*terraform.nodeExpandApplyableResource) needs provider["registry.terraform.io/hashicorp/aws"]
2026-09-21T01:41:53.508Z [DEBUG] ProviderTransformer: "aws_iam_user.onboarding_user (expand)" (*terraform.nodeExpandApplyableResource) needs provider["registry.terraform.io/hashicorp/aws"]
2026-09-21T01:41:53.509Z [DEBUG] ProviderTransformer: "aws_iam_user.onboarding_user[2]" (*terraform.NodeApplyableResourceInstance) needs provider["registry.terraform.io/hashicorp/aws"]
2026-09-21T01:41:53.510Z [DEBUG] ProviderTransformer: "aws_instance.worker_node[2]" (*terraform.NodeApplyableResourceInstance) needs provider["registry.terraform.io/hashicorp/aws"]
2026-09-21T01:41:53.510Z [DEBUG] ProviderTransformer: "aws_instance.worker_node[0]" (*terraform.NodeApplyableResourceInstance) needs provider["registry.terraform.io/hashicorp/aws"]
2026-09-21T01:41:53.512Z [DEBUG] ProviderTransformer: "aws_iam_user.onboarding_user[1]" (*terraform.NodeApplyableResourceInstance) needs provider["registry.terraform.io/hashicorp/aws"]
2026-09-21T01:41:53.513Z [DEBUG] ReferenceTransformer: "var.instance_type" references: []
2026-09-21T01:41:53.513Z [DEBUG] ReferenceTransformer: "output.worker_node_ids (expand)" references: [aws_instance.worker_node[1] aws_instance.worker_node (expand) aws_instance.worker_node[2] aws_instance.worker_node[0]]
2026-09-21T01:41:53.514Z [DEBUG] ReferenceTransformer: "output.worker_node_ids (expand)" references: aws_instance.worker_node[1]
2026-09-21T01:41:53.515Z [DEBUG] ReferenceTransformer: "output.worker_node_ids (expand)" references: aws_instance.worker_node (expand)
2026-09-21T01:41:53.515Z [DEBUG] ReferenceTransformer: "output.worker_node_ids (expand)" references: aws_instance.worker_node[2]
2026-09-21T01:41:53.516Z [DEBUG] ReferenceTransformer: "output.worker_node_ids (expand)" references: aws_instance.worker_node[0]
2026-09-21T01:41:53.517Z [DEBUG] ReferenceTransformer: "aws_iam_user.onboarding_user[1]" references: [var.user_name]
2026-09-21T01:41:53.517Z [DEBUG] ReferenceTransformer: "aws_iam_user.onboarding_user[1]" references: var.user_name
2026-09-21T01:41:53.518Z [DEBUG] ReferenceTransformer: "aws_iam_user.onboarding_user[0]" references: [var.user_name]
2026-09-21T01:41:53.519Z [DEBUG] ReferenceTransformer: "aws_iam_user.onboarding_user[0]" references: var.user_name
2026-09-21T01:41:53.520Z [DEBUG] ReferenceTransformer: "aws_instance.worker_node[1]" references: [var.instance_type]
2026-09-21T01:41:53.520Z [DEBUG] ReferenceTransformer: "aws_instance.worker_node[1]" references: var.instance_type
2026-09-21T01:41:53.521Z [DEBUG] ReferenceTransformer: "aws_instance.worker_node (expand)" references: [var.instance_type]
2026-09-21T01:41:53.522Z [DEBUG] ReferenceTransformer: "aws_instance.worker_node (expand)" references: var.instance_type
2026-09-21T01:41:53.522Z [DEBUG] ReferenceTransformer: "aws_iam_user.onboarding_user (expand)" references: [var.user_name]
2026-09-21T01:41:53.523Z [DEBUG] ReferenceTransformer: "aws_iam_user.onboarding_user (expand)" references: var.user_name
2026-09-21T01:41:53.524Z [DEBUG] ReferenceTransformer: "var.region" references: []
2026-09-21T01:41:53.525Z [DEBUG] ReferenceTransformer: "output.iam_user_names (expand)" references: [aws_iam_user.onboarding_user[1] aws_iam_user.onboarding_user[0] aws_iam_user.onboarding_user (expand) aws_iam_user.onboarding_user[2]]
2026-09-21T01:41:53.526Z [DEBUG] ReferenceTransformer: "output.iam_user_names (expand)" references: aws_iam_user.onboarding_user[1]
2026-09-21T01:41:53.527Z [DEBUG] ReferenceTransformer: "output.iam_user_names (expand)" references: aws_iam_user.onboarding_user[0]
2026-09-21T01:41:53.528Z [DEBUG] ReferenceTransformer: "output.iam_user_names (expand)" references: aws_iam_user.onboarding_user (expand)
2026-09-21T01:41:53.529Z [DEBUG] ReferenceTransformer: "output.iam_user_names (expand)" references: aws_iam_user.onboarding_user[2]
2026-09-21T01:41:53.530Z [DEBUG] ReferenceTransformer: "aws_iam_user.onboarding_user[2]" references: [var.user_name]
2026-09-21T01:41:53.531Z [DEBUG] ReferenceTransformer: "aws_iam_user.onboarding_user[2]" references: var.user_name
2026-09-21T01:41:53.532Z [DEBUG] ReferenceTransformer: "aws_instance.worker_node[2]" references: [var.instance_type]
2026-09-21T01:41:53.533Z [DEBUG] ReferenceTransformer: "aws_instance.worker_node[2]" references: var.instance_type
2026-09-21T01:41:53.533Z [DEBUG] ReferenceTransformer: "aws_instance.worker_node[0]" references: [var.instance_type]
2026-09-21T01:41:53.534Z [DEBUG] ReferenceTransformer: "aws_instance.worker_node[0]" references: var.instance_type
2026-09-21T01:41:53.535Z [DEBUG] ReferenceTransformer: "provider[\"registry.terraform.io/hashicorp/aws\"]" references: [var.region]
2026-09-21T01:41:53.536Z [DEBUG] ReferenceTransformer: "provider[\"registry.terraform.io/hashicorp/aws\"]" references: var.region
2026-09-21T01:41:53.537Z [DEBUG] ReferenceTransformer: "var.user_name" references: []
2026-09-21T01:41:53.948Z [INFO]  backend/local: apply calling Apply
2026-09-21T01:41:53.949Z [DEBUG] Building and walking apply graph for NormalMode plan
2026-09-21T01:41:53.950Z [DEBUG] Resource state not found for node "aws_iam_user.onboarding_user[2]", instance aws_iam_user.onboarding_user[2]
2026-09-21T01:41:53.951Z [DEBUG] Resource state not found for node "aws_iam_user.onboarding_user[1]", instance aws_iam_user.onboarding_user[1]
2026-09-21T01:41:53.951Z [DEBUG] Resource state not found for node "aws_instance.worker_node[1]", instance aws_instance.worker_node[1]
2026-09-21T01:41:53.952Z [DEBUG] Resource state not found for node "aws_iam_user.onboarding_user[0]", instance aws_iam_user.onboarding_user[0]
2026-09-21T01:41:53.953Z [DEBUG] Resource state not found for node "aws_instance.worker_node[2]", instance aws_instance.worker_node[2]
2026-09-21T01:41:53.953Z [DEBUG] Resource state not found for node "aws_instance.worker_node[0]", instance aws_instance.worker_node[0]
2026-09-21T01:41:53.955Z [DEBUG] ProviderTransformer: "aws_iam_user.onboarding_user[2]" (*terraform.NodeApplyableResourceInstance) needs provider["registry.terraform.io/hashicorp/aws"]
2026-09-21T01:41:53.956Z [DEBUG] ProviderTransformer: "aws_iam_user.onboarding_user[1]" (*terraform.NodeApplyableResourceInstance) needs provider["registry.terraform.io/hashicorp/aws"]
2026-09-21T01:41:53.957Z [DEBUG] ProviderTransformer: "aws_instance.worker_node[1]" (*terraform.NodeApplyableResourceInstance) needs provider["registry.terraform.io/hashicorp/aws"]
2026-09-21T01:41:53.957Z [DEBUG] ProviderTransformer: "aws_instance.worker_node (expand)" (*terraform.nodeExpandApplyableResource) needs provider["registry.terraform.io/hashicorp/aws"]
2026-09-21T01:41:53.958Z [DEBUG] ProviderTransformer: "aws_iam_user.onboarding_user[0]" (*terraform.NodeApplyableResourceInstance) needs provider["registry.terraform.io/hashicorp/aws"]
2026-09-21T01:41:53.958Z [DEBUG] ProviderTransformer: "aws_instance.worker_node[2]" (*terraform.NodeApplyableResourceInstance) needs provider["registry.terraform.io/hashicorp/aws"]
2026-09-21T01:41:53.959Z [DEBUG] ProviderTransformer: "aws_instance.worker_node[0]" (*terraform.NodeApplyableResourceInstance) needs provider["registry.terraform.io/hashicorp/aws"]
2026-09-21T01:41:53.960Z [DEBUG] ProviderTransformer: "aws_iam_user.onboarding_user (expand)" (*terraform.nodeExpandApplyableResource) needs provider["registry.terraform.io/hashicorp/aws"]
2026-09-21T01:41:53.961Z [DEBUG] ReferenceTransformer: "var.instance_type" references: []
2026-09-21T01:41:53.962Z [DEBUG] ReferenceTransformer: "aws_iam_user.onboarding_user[0]" references: [var.user_name]
2026-09-21T01:41:53.962Z [DEBUG] ReferenceTransformer: "aws_iam_user.onboarding_user[0]" references: var.user_name
2026-09-21T01:41:53.963Z [DEBUG] ReferenceTransformer: "aws_instance.worker_node[2]" references: [var.instance_type]
2026-09-21T01:41:53.963Z [DEBUG] ReferenceTransformer: "aws_instance.worker_node[2]" references: var.instance_type
2026-09-21T01:41:53.964Z [DEBUG] ReferenceTransformer: "aws_instance.worker_node[0]" references: [var.instance_type]
2026-09-21T01:41:53.965Z [DEBUG] ReferenceTransformer: "aws_instance.worker_node[0]" references: var.instance_type
2026-09-21T01:41:53.966Z [DEBUG] ReferenceTransformer: "provider[\"registry.terraform.io/hashicorp/aws\"]" references: [var.region]
2026-09-21T01:41:53.966Z [DEBUG] ReferenceTransformer: "provider[\"registry.terraform.io/hashicorp/aws\"]" references: var.region
2026-09-21T01:41:53.967Z [DEBUG] ReferenceTransformer: "aws_iam_user.onboarding_user (expand)" references: [var.user_name]
2026-09-21T01:41:53.968Z [DEBUG] ReferenceTransformer: "aws_iam_user.onboarding_user (expand)" references: var.user_name
2026-09-21T01:41:53.968Z [DEBUG] ReferenceTransformer: "var.region" references: []
2026-09-21T01:41:53.969Z [DEBUG] ReferenceTransformer: "var.user_name" references: []
2026-09-21T01:41:53.969Z [DEBUG] ReferenceTransformer: "output.iam_user_names (expand)" references: [aws_iam_user.onboarding_user[0] aws_iam_user.onboarding_user (expand) aws_iam_user.onboarding_user[2] aws_iam_user.onboarding_user[1]]
2026-09-21T01:41:53.970Z [DEBUG] ReferenceTransformer: "output.iam_user_names (expand)" references: aws_iam_user.onboarding_user[0]
2026-09-21T01:41:53.971Z [DEBUG] ReferenceTransformer: "output.iam_user_names (expand)" references: aws_iam_user.onboarding_user (expand)
2026-09-21T01:41:53.972Z [DEBUG] ReferenceTransformer: "output.iam_user_names (expand)" references: aws_iam_user.onboarding_user[2]
2026-09-21T01:41:53.972Z [DEBUG] ReferenceTransformer: "output.iam_user_names (expand)" references: aws_iam_user.onboarding_user[1]
2026-09-21T01:41:53.973Z [DEBUG] ReferenceTransformer: "output.worker_node_ids (expand)" references: [aws_instance.worker_node[2] aws_instance.worker_node[0] aws_instance.worker_node[1] aws_instance.worker_node (expand)]
2026-09-21T01:41:53.974Z [DEBUG] ReferenceTransformer: "output.worker_node_ids (expand)" references: aws_instance.worker_node[2]
2026-09-21T01:41:53.975Z [DEBUG] ReferenceTransformer: "output.worker_node_ids (expand)" references: aws_instance.worker_node[0]
2026-09-21T01:41:53.975Z [DEBUG] ReferenceTransformer: "output.worker_node_ids (expand)" references: aws_instance.worker_node[1]
2026-09-21T01:41:53.976Z [DEBUG] ReferenceTransformer: "output.worker_node_ids (expand)" references: aws_instance.worker_node (expand)
2026-09-21T01:41:53.976Z [DEBUG] ReferenceTransformer: "aws_iam_user.onboarding_user[2]" references: [var.user_name]
2026-09-21T01:41:53.977Z [DEBUG] ReferenceTransformer: "aws_iam_user.onboarding_user[2]" references: var.user_name
2026-09-21T01:41:53.978Z [DEBUG] ReferenceTransformer: "aws_iam_user.onboarding_user[1]" references: [var.user_name]
2026-09-21T01:41:53.978Z [DEBUG] ReferenceTransformer: "aws_iam_user.onboarding_user[1]" references: var.user_name
2026-09-21T01:41:53.979Z [DEBUG] ReferenceTransformer: "aws_instance.worker_node[1]" references: [var.instance_type]
2026-09-21T01:41:53.980Z [DEBUG] ReferenceTransformer: "aws_instance.worker_node[1]" references: var.instance_type
2026-09-21T01:41:53.980Z [DEBUG] ReferenceTransformer: "aws_instance.worker_node (expand)" references: [var.instance_type]
2026-09-21T01:41:53.981Z [DEBUG] ReferenceTransformer: "aws_instance.worker_node (expand)" references: var.instance_type
2026-09-21T01:41:53.984Z [DEBUG] Starting graph walk: walkApply
2026-09-21T01:41:54.007Z [DEBUG] created provider logger: level=debug
2026-09-21T01:41:54.008Z [INFO]  provider: configuring client automatic mTLS
2026-09-21T01:41:54.020Z [DEBUG] provider: starting plugin: path=.terraform/providers/registry.terraform.io/hashicorp/aws/6.65.0/linux_amd64/terraform-provider-aws_v6.65.0_x5 args=[".terraform/providers/registry.terraform.io/hashicorp/aws/6.65.0/linux_amd64/terraform-provider-aws_v6.65.0_x5"]
2026-09-21T01:41:54.036Z [DEBUG] provider: plugin started: path=.terraform/providers/registry.terraform.io/hashicorp/aws/6.65.0/linux_amd64/terraform-provider-aws_v6.65.0_x5 pid=232047
2026-09-21T01:41:54.037Z [DEBUG] provider: waiting for RPC address: plugin=.terraform/providers/registry.terraform.io/hashicorp/aws/6.65.0/linux_amd64/terraform-provider-aws_v6.65.0_x5
2026-09-21T01:41:58.177Z [DEBUG] provider.terraform-provider-aws_v6.65.0_x5: Starting github.com/hashicorp/terraform-provider-aws@6.65.0 (go1.26.6)...
2026-09-21T01:41:58.178Z [DEBUG] provider.terraform-provider-aws_v6.65.0_x5: Creating Terraform AWS Provider (SDKv2-style)...
2026-09-21T01:41:58.182Z [DEBUG] provider.terraform-provider-aws_v6.65.0_x5: Initializing Terraform AWS Provider (SDKv2-style)...
2026-09-21T01:41:59.691Z [DEBUG] provider.terraform-provider-aws_v6.65.0_x5: Creating Terraform AWS Provider (Framework-style)...
2026-09-21T01:41:59.693Z [DEBUG] provider.terraform-provider-aws_v6.65.0_x5: Initializing Terraform AWS Provider (Framework-style)...
2026-09-21T01:41:59.731Z [DEBUG] provider.terraform-provider-aws_v6.65.0_x5: configuring server automatic mTLS: timestamp=2026-09-21T01:41:59.731Z
2026-09-21T01:41:59.785Z [DEBUG] provider: using plugin: version=5
2026-09-21T01:41:59.785Z [DEBUG] provider.terraform-provider-aws_v6.65.0_x5: plugin address: address=/tmp/plugin446690233 network=unix timestamp=2026-09-21T01:41:59.784Z
2026-09-21T01:42:01.090Z [DEBUG] provider.terraform-provider-aws_v6.65.0_x5: Configuring Terraform AWS Provider: tf_provider_addr=registry.terraform.io/hashicorp/aws tf_rpc=ConfigureProvider @module=aws tf_mux_provider="*schema.GRPCProviderServer" tf_req_id=c56de3ea-471e-b6ba-1331-788fee62cc3f @caller=github.com/hashicorp/terraform-provider-aws/internal/conns/config.go:150 timestamp=2026-09-21T01:42:01.086Z
2026-09-21T01:42:01.097Z [DEBUG] provider.terraform-provider-aws_v6.65.0_x5: Resolving credentials provider: tf_rpc=ConfigureProvider @caller=github.com/hashicorp/aws-sdk-go-base/v2@v2.0.0-beta.73/logging/tf_logger.go:47 tf_mux_provider="*schema.GRPCProviderServer" tf_req_id=c56de3ea-471e-b6ba-1331-788fee62cc3f @module=aws.aws-base tf_provider_addr=registry.terraform.io/hashicorp/aws timestamp=2026-09-21T01:42:01.097Z
2026-09-21T01:42:01.099Z [DEBUG] provider.terraform-provider-aws_v6.65.0_x5: Loading configuration: tf_provider_addr=registry.terraform.io/hashicorp/aws tf_req_id=c56de3ea-471e-b6ba-1331-788fee62cc3f tf_rpc=ConfigureProvider @caller=github.com/hashicorp/aws-sdk-go-base/v2@v2.0.0-beta.73/logging/tf_logger.go:47 @module=aws.aws-base tf_mux_provider="*schema.GRPCProviderServer" timestamp=2026-09-21T01:42:01.099Z
2026-09-21T01:42:01.111Z [DEBUG] provider.terraform-provider-aws_v6.65.0_x5: Retrieving credentials: tf_provider_addr=registry.terraform.io/hashicorp/aws @caller=github.com/hashicorp/aws-sdk-go-base/v2@v2.0.0-beta.73/logging/tf_logger.go:47 @module=aws.aws-base tf_req_id=c56de3ea-471e-b6ba-1331-788fee62cc3f tf_rpc=ConfigureProvider tf_mux_provider="*schema.GRPCProviderServer" timestamp=2026-09-21T01:42:01.110Z
2026-09-21T01:42:01.114Z [INFO]  provider.terraform-provider-aws_v6.65.0_x5: Retrieved credentials: tf_aws.credentials_source="SharedConfigCredentials: /home/nithin_kallem/.aws/credentials" tf_mux_provider="*schema.GRPCProviderServer" tf_req_id=c56de3ea-471e-b6ba-1331-788fee62cc3f tf_rpc=ConfigureProvider @module=aws.aws-base tf_provider_addr=registry.terraform.io/hashicorp/aws @caller=github.com/hashicorp/aws-sdk-go-base/v2@v2.0.0-beta.73/logging/tf_logger.go:39 timestamp=2026-09-21T01:42:01.114Z
2026-09-21T01:42:01.115Z [DEBUG] provider.terraform-provider-aws_v6.65.0_x5: Loading configuration: @module=aws.aws-base tf_req_id=c56de3ea-471e-b6ba-1331-788fee62cc3f tf_rpc=ConfigureProvider @caller=github.com/hashicorp/aws-sdk-go-base/v2@v2.0.0-beta.73/logging/tf_logger.go:47 tf_mux_provider="*schema.GRPCProviderServer" tf_provider_addr=registry.terraform.io/hashicorp/aws timestamp=2026-09-21T01:42:01.114Z
2026-09-21T01:42:01.116Z [DEBUG] provider.terraform-provider-aws_v6.65.0_x5: Retrieving AWS account details: tf_mux_provider="*schema.GRPCProviderServer" tf_req_id=c56de3ea-471e-b6ba-1331-788fee62cc3f tf_rpc=ConfigureProvider @module=aws tf_provider_addr=registry.terraform.io/hashicorp/aws @caller=github.com/hashicorp/terraform-provider-aws/internal/conns/config.go:188 timestamp=2026-09-21T01:42:01.115Z
2026-09-21T01:42:01.119Z [DEBUG] provider.terraform-provider-aws_v6.65.0_x5: Retrieving caller identity from STS: tf_mux_provider="*schema.GRPCProviderServer" tf_rpc=ConfigureProvider @module=aws.aws-base tf_provider_addr=registry.terraform.io/hashicorp/aws tf_req_id=c56de3ea-471e-b6ba-1331-788fee62cc3f @caller=github.com/hashicorp/aws-sdk-go-base/v2@v2.0.0-beta.73/logging/tf_logger.go:47 timestamp=2026-09-21T01:42:01.118Z
2026-09-21T01:42:01.149Z [DEBUG] provider.terraform-provider-aws_v6.65.0_x5: HTTP Request Sent: @caller=github.com/hashicorp/aws-sdk-go-base/v2@v2.0.0-beta.73/logging/tf_logger.go:47 http.request.header.authorization="AWS4-HMAC-SHA256 Credential=AKIA************HAG5/20260921/us-east-1/sts/aws4_request, SignedHeaders=amz-sdk-invocation-id;amz-sdk-request;content-length;content-type;host;x-amz-date, Signature=*****" http.request.header.content_type=application/x-www-form-urlencoded rpc.method=STS/GetCallerIdentity tf_provider_addr=registry.terraform.io/hashicorp/aws tf_rpc=ConfigureProvider aws.region=us-east-1 http.request.header.amz_sdk_request="attempt=1; max=25" http.request.header.x_amz_date=20260921T014201Z net.peer.name=sts.us-east-1.amazonaws.com rpc.system.name=aws-api tf_aws.sdk=aws-sdk-go-v2 tf_aws.signing_region="" tf_req_id=c56de3ea-471e-b6ba-1331-788fee62cc3f
  http.request.body=
  | Action=GetCallerIdentity&Version=2011-06-15
   http.request.header.amz_sdk_invocation_id=17431f05-304a-494f-aeec-9d73554fb468 http.request_content_length=43 http.url=https://sts.us-east-1.amazonaws.com/ http.user_agent="APN/1.0 HashiCorp/1.0 Terraform/1.16.3 (+https://www.terraform.io) terraform-provider-aws/6.65.0 (+https://registry.terraform.io/providers/hashicorp/aws) aws-sdk-go-v2/1.47.0 ua/2.1 os/linux lang/go#1.26.6 md/GOOS#linux md/GOARCH#amd64 api/sts#1.50.0 m/n" @module=aws.aws-base http.method=POST tf_mux_provider="*schema.GRPCProviderServer" timestamp=2026-09-21T01:42:01.149Z
2026-09-21T01:42:02.352Z [DEBUG] provider.terraform-provider-aws_v6.65.0_x5: HTTP Response Received: http.response.header.date="Mon, 21 Sep 2026 01:42:02 GMT" http.response_content_length=387 rpc.system.name=aws-api tf_provider_addr=registry.terraform.io/hashicorp/aws http.duration=1201 tf_aws.sdk=aws-sdk-go-v2 tf_aws.signing_region="" tf_rpc=ConfigureProvider aws.region=us-east-1
  http.response.body=
  | <GetCallerIdentityResponse xmlns="https://sts.amazonaws.com/doc/2011-06-15/">
  |   <GetCallerIdentityResult>
  |     <Arn>arn:aws:iam::020651500156:root</Arn>
  |     <UserId>020651500156</UserId>
  |     <Account>020651500156</Account>
  |   </GetCallerIdentityResult>
  |   <ResponseMetadata>
  |     <RequestId>0cb76781-d46d-4cbe-a425-b20b359184fe</RequestId>
  |   </ResponseMetadata>
  | </GetCallerIdentityResponse>
   http.response.header.x_amz_sts_extended_request_id=MTp1cy1lYXN0LTE6UzoxNzg5OTU0OTIyMjg3OlI6RU1kSzQ0bmU= http.response.header.x_amzn_requestid=0cb76781-d46d-4cbe-a425-b20b359184fe @caller=github.com/hashicorp/aws-sdk-go-base/v2@v2.0.0-beta.73/logging/tf_logger.go:47 @module=aws.aws-base http.response.header.content_type=text/xml http.status_code=200 rpc.method=STS/GetCallerIdentity tf_mux_provider="*schema.GRPCProviderServer" tf_req_id=c56de3ea-471e-b6ba-1331-788fee62cc3f timestamp=2026-09-21T01:42:02.350Z
2026-09-21T01:42:02.361Z [INFO]  provider.terraform-provider-aws_v6.65.0_x5: Retrieved caller identity from STS: tf_provider_addr=registry.terraform.io/hashicorp/aws tf_mux_provider="*schema.GRPCProviderServer" tf_req_id=c56de3ea-471e-b6ba-1331-788fee62cc3f tf_rpc=ConfigureProvider @caller=github.com/hashicorp/aws-sdk-go-base/v2@v2.0.0-beta.73/logging/tf_logger.go:39 @module=aws.aws-base timestamp=2026-09-21T01:42:02.360Z
2026-09-21T01:42:02.368Z [DEBUG] No policy client configured, skipping policy evaluation for provider["registry.terraform.io/hashicorp/aws"]
2026-09-21T01:42:03.170Z [WARN]  Provider "registry.terraform.io/hashicorp/aws" produced an invalid plan for aws_iam_user.onboarding_user[1], but we are tolerating it because it is using the legacy plugin SDK.
    The following problems may be the cause of any confusing errors from downstream operations:
      - .path: planned value cty.StringVal("/") for a non-computed attribute
      - .force_destroy: planned value cty.False for a non-computed attribute
2026-09-21T01:42:03.172Z [WARN]  Provider "registry.terraform.io/hashicorp/aws" produced an invalid plan for aws_iam_user.onboarding_user[0], but we are tolerating it because it is using the legacy plugin SDK.
    The following problems may be the cause of any confusing errors from downstream operations:
      - .force_destroy: planned value cty.False for a non-computed attribute
      - .path: planned value cty.StringVal("/") for a non-computed attribute
2026-09-21T01:42:03.177Z [WARN]  Provider "registry.terraform.io/hashicorp/aws" produced an invalid plan for aws_iam_user.onboarding_user[2], but we are tolerating it because it is using the legacy plugin SDK.
    The following problems may be the cause of any confusing errors from downstream operations:
      - .force_destroy: planned value cty.False for a non-computed attribute
      - .path: planned value cty.StringVal("/") for a non-computed attribute
2026-09-21T01:42:03.179Z [DEBUG] NodeApplyableResourceInstance: invoking before actions for aws_iam_user.onboarding_user[1]
2026-09-21T01:42:03.180Z [INFO]  Starting apply for aws_iam_user.onboarding_user[1]
2026-09-21T01:42:03.181Z [DEBUG] NodeApplyableResourceInstance: invoking before actions for aws_iam_user.onboarding_user[0]
2026-09-21T01:42:03.182Z [DEBUG] NodeApplyableResourceInstance: invoking before actions for aws_iam_user.onboarding_user[2]
2026-09-21T01:42:03.184Z [INFO]  Starting apply for aws_iam_user.onboarding_user[0]
2026-09-21T01:42:03.187Z [INFO]  Starting apply for aws_iam_user.onboarding_user[2]
2026-09-21T01:42:03.188Z [DEBUG] aws_iam_user.onboarding_user[1]: applying the planned Create change
2026-09-21T01:42:03.190Z [DEBUG] aws_iam_user.onboarding_user[2]: applying the planned Create change
2026-09-21T01:42:03.192Z [DEBUG] aws_iam_user.onboarding_user[0]: applying the planned Create change
2026-09-21T01:42:03.196Z [DEBUG] provider.terraform-provider-aws_v6.65.0_x5: [DEBUG] setting computed for "tags_all" from ComputedKeys
2026-09-21T01:42:03.200Z [DEBUG] provider.terraform-provider-aws_v6.65.0_x5: [DEBUG] setting computed for "tags_all" from ComputedKeys
2026-09-21T01:42:03.203Z [DEBUG] provider.terraform-provider-aws_v6.65.0_x5: [DEBUG] setting computed for "tags_all" from ComputedKeys
2026-09-21T01:42:03.248Z [DEBUG] provider.terraform-provider-aws_v6.65.0_x5: HTTP Request Sent: aws.region=us-east-1 http.request.header.content_type=application/x-www-form-urlencoded http.request_content_length=67 http.url=https://iam.amazonaws.com/ http.user_agent="APN/1.0 HashiCorp/1.0 Terraform/1.16.3 (+https://www.terraform.io) terraform-provider-aws/6.65.0 (+https://registry.terraform.io/providers/hashicorp/aws) aws-sdk-go-v2/1.47.0 ua/2.1 os/linux lang/go#1.26.6 md/GOOS#linux md/GOARCH#amd64 api/iam#1.64.0 m/n" net.peer.name=iam.amazonaws.com rpc.method=IAM/CreateUser tf_aws.sdk=aws-sdk-go-v2 @caller=github.com/hashicorp/aws-sdk-go-base/v2@v2.0.0-beta.73/logging/tf_logger.go:45 @module=aws http.method=POST
  http.request.body=
  | Action=CreateUser&Path=%2F&UserName=jenkins.user&Version=2010-05-08
   rpc.system.name=aws-api tf_provider_addr=registry.terraform.io/hashicorp/aws tf_req_id=284a8d35-9a7b-abe5-517d-c820ed88e640 http.request.header.amz_sdk_invocation_id=b7ea625a-54c7-4c3b-a432-477024c7b43a tf_aws.signing_region="" tf_mux_provider="*schema.GRPCProviderServer" http.request.header.amz_sdk_request="attempt=1; max=25" http.request.header.authorization="AWS4-HMAC-SHA256 Credential=AKIA************HAG5/20260921/us-east-1/iam/aws4_request, SignedHeaders=amz-sdk-invocation-id;amz-sdk-request;content-length;content-type;host;x-amz-date, Signature=*****" http.request.header.x_amz_date=20260921T014203Z tf_resource_type=aws_iam_user tf_rpc=ApplyResourceChange timestamp=2026-09-21T01:42:03.247Z
2026-09-21T01:42:03.249Z [DEBUG] provider.terraform-provider-aws_v6.65.0_x5: HTTP Request Sent: @module=aws http.user_agent="APN/1.0 HashiCorp/1.0 Terraform/1.16.3 (+https://www.terraform.io) terraform-provider-aws/6.65.0 (+https://registry.terraform.io/providers/hashicorp/aws) aws-sdk-go-v2/1.47.0 ua/2.1 os/linux lang/go#1.26.6 md/GOOS#linux md/GOARCH#amd64 api/iam#1.64.0 m/n" tf_aws.signing_region="" tf_provider_addr=registry.terraform.io/hashicorp/aws tf_resource_type=aws_iam_user tf_rpc=ApplyResourceChange http.method=POST
  http.request.body=
  | Action=CreateUser&Path=%2F&UserName=redis.user&Version=2010-05-08
   http.request.header.amz_sdk_invocation_id=f1accabd-b315-43bb-8336-794a5efa7b23 http.url=https://iam.amazonaws.com/ rpc.system.name=aws-api tf_mux_provider="*schema.GRPCProviderServer" rpc.method=IAM/CreateUser tf_aws.sdk=aws-sdk-go-v2 tf_req_id=2cd0d1ba-f860-4433-fe2f-8ba81f7e985a http.request.header.content_type=application/x-www-form-urlencoded http.request.header.x_amz_date=20260921T014203Z http.request_content_length=65 @caller=github.com/hashicorp/aws-sdk-go-base/v2@v2.0.0-beta.73/logging/tf_logger.go:45 aws.region=us-east-1 http.request.header.amz_sdk_request="attempt=1; max=25" http.request.header.authorization="AWS4-HMAC-SHA256 Credential=AKIA************HAG5/20260921/us-east-1/iam/aws4_request, SignedHeaders=amz-sdk-invocation-id;amz-sdk-request;content-length;content-type;host;x-amz-date, Signature=*****" net.peer.name=iam.amazonaws.com timestamp=2026-09-21T01:42:03.247Z
2026-09-21T01:42:03.248Z [WARN]  Provider "registry.terraform.io/hashicorp/aws" produced an invalid plan for aws_instance.worker_node[2], but we are tolerating it because it is using the legacy plugin SDK.
    The following problems may be the cause of any confusing errors from downstream operations:
      - .user_data_replace_on_change: planned value cty.False for a non-computed attribute
      - .source_dest_check: planned value cty.True for a non-computed attribute
      - .force_destroy: planned value cty.False for a non-computed attribute
      - .get_password_data: planned value cty.False for a non-computed attribute
      - .network_interface: planned unknown value for non-computed block
      - .secondary_network_interface: planned unknown value for non-computed block
      - .ephemeral_block_device: planned unknown value for non-computed block
      - .maintenance_options: planned unknown value for non-computed block
      - .ebs_block_device: planned unknown value for non-computed block
      - .enclave_options: planned unknown value for non-computed block
      - .metadata_options: planned unknown value for non-computed block
      - .root_block_device: planned unknown value for non-computed block
      - .capacity_reservation_specification: planned unknown value for non-computed block
      - .instance_market_options: planned unknown value for non-computed block
      - .primary_network_interface: planned unknown value for non-computed block
      - .private_dns_name_options: planned unknown value for non-computed block
      - .cpu_options: planned unknown value for non-computed block
2026-09-21T01:42:03.251Z [DEBUG] provider.terraform-provider-aws_v6.65.0_x5: HTTP Request Sent: aws.region=us-east-1 http.method=POST http.request.header.amz_sdk_request="attempt=1; max=25" http.request.header.authorization="AWS4-HMAC-SHA256 Credential=AKIA************HAG5/20260921/us-east-1/iam/aws4_request, SignedHeaders=amz-sdk-invocation-id;amz-sdk-request;content-length;content-type;host;x-amz-date, Signature=*****" http.request.header.content_type=application/x-www-form-urlencoded http.request.header.x_amz_date=20260921T014203Z http.user_agent="APN/1.0 HashiCorp/1.0 Terraform/1.16.3 (+https://www.terraform.io) terraform-provider-aws/6.65.0 (+https://registry.terraform.io/providers/hashicorp/aws) aws-sdk-go-v2/1.47.0 ua/2.1 os/linux lang/go#1.26.6 md/GOOS#linux md/GOARCH#amd64 api/iam#1.64.0 m/n" @caller=github.com/hashicorp/aws-sdk-go-base/v2@v2.0.0-beta.73/logging/tf_logger.go:45 net.peer.name=iam.amazonaws.com rpc.method=IAM/CreateUser rpc.system.name=aws-api tf_aws.sdk=aws-sdk-go-v2 tf_aws.signing_region="" tf_provider_addr=registry.terraform.io/hashicorp/aws @module=aws http.request.header.amz_sdk_invocation_id=a153bc13-4acd-4d30-9fc8-5904f341d762 tf_mux_provider="*schema.GRPCProviderServer" tf_rpc=ApplyResourceChange
  http.request.body=
  | Action=CreateUser&Path=%2F&UserName=kafka.user&Version=2010-05-08
   http.request_content_length=65 http.url=https://iam.amazonaws.com/ tf_req_id=97e9de16-b1bc-61e9-d141-61f78ea902a2 tf_resource_type=aws_iam_user timestamp=2026-09-21T01:42:03.247Z
2026-09-21T01:42:03.252Z [WARN]  Provider "registry.terraform.io/hashicorp/aws" produced an invalid plan for aws_instance.worker_node[0], but we are tolerating it because it is using the legacy plugin SDK.
    The following problems may be the cause of any confusing errors from downstream operations:
      - .source_dest_check: planned value cty.True for a non-computed attribute
      - .force_destroy: planned value cty.False for a non-computed attribute
      - .get_password_data: planned value cty.False for a non-computed attribute
      - .user_data_replace_on_change: planned value cty.False for a non-computed attribute
      - .private_dns_name_options: planned unknown value for non-computed block
      - .cpu_options: planned unknown value for non-computed block
      - .network_interface: planned unknown value for non-computed block
      - .secondary_network_interface: planned unknown value for non-computed block
      - .ephemeral_block_device: planned unknown value for non-computed block
      - .maintenance_options: planned unknown value for non-computed block
      - .ebs_block_device: planned unknown value for non-computed block
      - .enclave_options: planned unknown value for non-computed block
      - .metadata_options: planned unknown value for non-computed block
      - .root_block_device: planned unknown value for non-computed block
      - .capacity_reservation_specification: planned unknown value for non-computed block
      - .instance_market_options: planned unknown value for non-computed block
      - .primary_network_interface: planned unknown value for non-computed block
2026-09-21T01:42:03.253Z [WARN]  Provider "registry.terraform.io/hashicorp/aws" produced an invalid plan for aws_instance.worker_node[1], but we are tolerating it because it is using the legacy plugin SDK.
    The following problems may be the cause of any confusing errors from downstream operations:
      - .force_destroy: planned value cty.False for a non-computed attribute
      - .get_password_data: planned value cty.False for a non-computed attribute
      - .user_data_replace_on_change: planned value cty.False for a non-computed attribute
      - .source_dest_check: planned value cty.True for a non-computed attribute
      - .cpu_options: planned unknown value for non-computed block
      - .network_interface: planned unknown value for non-computed block
      - .secondary_network_interface: planned unknown value for non-computed block
      - .ephemeral_block_device: planned unknown value for non-computed block
      - .maintenance_options: planned unknown value for non-computed block
      - .ebs_block_device: planned unknown value for non-computed block
      - .enclave_options: planned unknown value for non-computed block
      - .metadata_options: planned unknown value for non-computed block
      - .root_block_device: planned unknown value for non-computed block
      - .capacity_reservation_specification: planned unknown value for non-computed block
      - .instance_market_options: planned unknown value for non-computed block
      - .primary_network_interface: planned unknown value for non-computed block
      - .private_dns_name_options: planned unknown value for non-computed block
2026-09-21T01:42:03.254Z [DEBUG] NodeApplyableResourceInstance: invoking before actions for aws_instance.worker_node[2]
2026-09-21T01:42:03.255Z [INFO]  Starting apply for aws_instance.worker_node[2]
2026-09-21T01:42:03.255Z [DEBUG] NodeApplyableResourceInstance: invoking before actions for aws_instance.worker_node[0]
2026-09-21T01:42:03.256Z [DEBUG] NodeApplyableResourceInstance: invoking before actions for aws_instance.worker_node[1]
2026-09-21T01:42:03.256Z [INFO]  Starting apply for aws_instance.worker_node[1]
2026-09-21T01:42:03.257Z [DEBUG] aws_instance.worker_node[2]: applying the planned Create change
2026-09-21T01:42:03.257Z [INFO]  Starting apply for aws_instance.worker_node[0]
2026-09-21T01:42:03.259Z [DEBUG] aws_instance.worker_node[1]: applying the planned Create change
2026-09-21T01:42:03.260Z [DEBUG] aws_instance.worker_node[0]: applying the planned Create change
2026-09-21T01:42:03.263Z [DEBUG] provider.terraform-provider-aws_v6.65.0_x5: [DEBUG] setting computed for "security_groups" from ComputedKeys
2026-09-21T01:42:03.264Z [DEBUG] provider.terraform-provider-aws_v6.65.0_x5: [DEBUG] setting computed for "ebs_block_device" from ComputedKeys
2026-09-21T01:42:03.265Z [DEBUG] provider.terraform-provider-aws_v6.65.0_x5: [DEBUG] setting computed for "instance_market_options" from ComputedKeys
2026-09-21T01:42:03.265Z [DEBUG] provider.terraform-provider-aws_v6.65.0_x5: [DEBUG] setting computed for "ipv6_addresses" from ComputedKeys
2026-09-21T01:42:03.266Z [DEBUG] provider.terraform-provider-aws_v6.65.0_x5: [DEBUG] setting computed for "private_dns_name_options" from ComputedKeys
2026-09-21T01:42:03.267Z [DEBUG] provider.terraform-provider-aws_v6.65.0_x5: [DEBUG] setting computed for "ephemeral_block_device" from ComputedKeys
2026-09-21T01:42:03.268Z [DEBUG] provider.terraform-provider-aws_v6.65.0_x5: [DEBUG] setting computed for "root_block_device" from ComputedKeys
2026-09-21T01:42:03.269Z [DEBUG] provider.terraform-provider-aws_v6.65.0_x5: [DEBUG] setting computed for "metadata_options" from ComputedKeys
2026-09-21T01:42:03.269Z [DEBUG] provider.terraform-provider-aws_v6.65.0_x5: [DEBUG] setting computed for "secondary_network_interface" from ComputedKeys
2026-09-21T01:42:03.270Z [DEBUG] provider.terraform-provider-aws_v6.65.0_x5: [DEBUG] setting computed for "capacity_reservation_specification" from ComputedKeys
2026-09-21T01:42:03.271Z [DEBUG] provider.terraform-provider-aws_v6.65.0_x5: [DEBUG] setting computed for "primary_network_interface" from ComputedKeys
2026-09-21T01:42:03.271Z [DEBUG] provider.terraform-provider-aws_v6.65.0_x5: [DEBUG] setting computed for "cpu_options" from ComputedKeys
2026-09-21T01:42:03.272Z [DEBUG] provider.terraform-provider-aws_v6.65.0_x5: [DEBUG] setting computed for "secondary_private_ips" from ComputedKeys
2026-09-21T01:42:03.272Z [DEBUG] provider.terraform-provider-aws_v6.65.0_x5: [DEBUG] setting computed for "vpc_security_group_ids" from ComputedKeys
2026-09-21T01:42:03.273Z [DEBUG] provider.terraform-provider-aws_v6.65.0_x5: [DEBUG] setting computed for "network_interface" from ComputedKeys
2026-09-21T01:42:03.274Z [DEBUG] provider.terraform-provider-aws_v6.65.0_x5: [DEBUG] setting computed for "enclave_options" from ComputedKeys
2026-09-21T01:42:03.274Z [DEBUG] provider.terraform-provider-aws_v6.65.0_x5: [DEBUG] setting computed for "network_interface" from ComputedKeys
2026-09-21T01:42:03.275Z [DEBUG] provider.terraform-provider-aws_v6.65.0_x5: [DEBUG] setting computed for "maintenance_options" from ComputedKeys
2026-09-21T01:42:03.276Z [DEBUG] provider.terraform-provider-aws_v6.65.0_x5: [DEBUG] setting computed for "enclave_options" from ComputedKeys
2026-09-21T01:42:03.277Z [DEBUG] provider.terraform-provider-aws_v6.65.0_x5: [DEBUG] setting computed for "metadata_options" from ComputedKeys
2026-09-21T01:42:03.278Z [DEBUG] provider.terraform-provider-aws_v6.65.0_x5: [DEBUG] setting computed for "secondary_private_ips" from ComputedKeys
2026-09-21T01:42:03.278Z [DEBUG] provider.terraform-provider-aws_v6.65.0_x5: [DEBUG] setting computed for "security_groups" from ComputedKeys
2026-09-21T01:42:03.279Z [DEBUG] provider.terraform-provider-aws_v6.65.0_x5: [DEBUG] setting computed for "maintenance_options" from ComputedKeys
2026-09-21T01:42:03.280Z [DEBUG] provider.terraform-provider-aws_v6.65.0_x5: [DEBUG] setting computed for "primary_network_interface" from ComputedKeys
2026-09-21T01:42:03.284Z [DEBUG] provider.terraform-provider-aws_v6.65.0_x5: [DEBUG] setting computed for "ephemeral_block_device" from ComputedKeys
2026-09-21T01:42:03.285Z [DEBUG] provider.terraform-provider-aws_v6.65.0_x5: [DEBUG] setting computed for "ebs_block_device" from ComputedKeys
2026-09-21T01:42:03.286Z [DEBUG] provider.terraform-provider-aws_v6.65.0_x5: [DEBUG] setting computed for "private_dns_name_options" from ComputedKeys
2026-09-21T01:42:03.286Z [DEBUG] provider.terraform-provider-aws_v6.65.0_x5: [DEBUG] setting computed for "root_block_device" from ComputedKeys
2026-09-21T01:42:03.287Z [DEBUG] provider.terraform-provider-aws_v6.65.0_x5: [DEBUG] setting computed for "instance_market_options" from ComputedKeys
2026-09-21T01:42:03.288Z [DEBUG] provider.terraform-provider-aws_v6.65.0_x5: [DEBUG] setting computed for "secondary_network_interface" from ComputedKeys
2026-09-21T01:42:03.289Z [DEBUG] provider.terraform-provider-aws_v6.65.0_x5: [DEBUG] setting computed for "cpu_options" from ComputedKeys
2026-09-21T01:42:03.289Z [DEBUG] provider.terraform-provider-aws_v6.65.0_x5: [DEBUG] setting computed for "ipv6_addresses" from ComputedKeys
2026-09-21T01:42:03.290Z [DEBUG] provider.terraform-provider-aws_v6.65.0_x5: [DEBUG] setting computed for "vpc_security_group_ids" from ComputedKeys
2026-09-21T01:42:03.290Z [DEBUG] provider.terraform-provider-aws_v6.65.0_x5: [DEBUG] setting computed for "capacity_reservation_specification" from ComputedKeys
2026-09-21T01:42:03.291Z [DEBUG] provider.terraform-provider-aws_v6.65.0_x5: [DEBUG] setting computed for "network_interface" from ComputedKeys
2026-09-21T01:42:03.292Z [DEBUG] provider.terraform-provider-aws_v6.65.0_x5: [DEBUG] setting computed for "network_interface" from ComputedKeys
2026-09-21T01:42:03.292Z [DEBUG] provider.terraform-provider-aws_v6.65.0_x5: [DEBUG] setting computed for "maintenance_options" from ComputedKeys
2026-09-21T01:42:03.293Z [DEBUG] provider.terraform-provider-aws_v6.65.0_x5: [DEBUG] setting computed for "metadata_options" from ComputedKeys
2026-09-21T01:42:03.293Z [DEBUG] provider.terraform-provider-aws_v6.65.0_x5: [DEBUG] setting computed for "enclave_options" from ComputedKeys
2026-09-21T01:42:03.294Z [DEBUG] provider.terraform-provider-aws_v6.65.0_x5: [DEBUG] setting computed for "instance_market_options" from ComputedKeys
2026-09-21T01:42:03.295Z [DEBUG] provider.terraform-provider-aws_v6.65.0_x5: [DEBUG] setting computed for "ebs_block_device" from ComputedKeys
2026-09-21T01:42:03.295Z [DEBUG] provider.terraform-provider-aws_v6.65.0_x5: [DEBUG] setting computed for "network_interface" from ComputedKeys
2026-09-21T01:42:03.296Z [DEBUG] provider.terraform-provider-aws_v6.65.0_x5: [DEBUG] setting computed for "primary_network_interface" from ComputedKeys
2026-09-21T01:42:03.296Z [DEBUG] provider.terraform-provider-aws_v6.65.0_x5: [DEBUG] setting computed for "root_block_device" from ComputedKeys
2026-09-21T01:42:03.297Z [DEBUG] provider.terraform-provider-aws_v6.65.0_x5: [DEBUG] setting computed for "network_interface" from ComputedKeys
2026-09-21T01:42:03.297Z [DEBUG] provider.terraform-provider-aws_v6.65.0_x5: [DEBUG] setting computed for "vpc_security_group_ids" from ComputedKeys
2026-09-21T01:42:03.298Z [DEBUG] provider.terraform-provider-aws_v6.65.0_x5: [DEBUG] setting computed for "cpu_options" from ComputedKeys
2026-09-21T01:42:03.299Z [DEBUG] provider.terraform-provider-aws_v6.65.0_x5: [DEBUG] setting computed for "ipv6_addresses" from ComputedKeys
2026-09-21T01:42:03.300Z [DEBUG] provider.terraform-provider-aws_v6.65.0_x5: [DEBUG] setting computed for "private_dns_name_options" from ComputedKeys
2026-09-21T01:42:03.301Z [DEBUG] provider.terraform-provider-aws_v6.65.0_x5: [DEBUG] setting computed for "ephemeral_block_device" from ComputedKeys
2026-09-21T01:42:03.302Z [DEBUG] provider.terraform-provider-aws_v6.65.0_x5: [DEBUG] setting computed for "secondary_private_ips" from ComputedKeys
2026-09-21T01:42:03.303Z [DEBUG] provider.terraform-provider-aws_v6.65.0_x5: [DEBUG] setting computed for "secondary_network_interface" from ComputedKeys
2026-09-21T01:42:03.304Z [DEBUG] provider.terraform-provider-aws_v6.65.0_x5: [DEBUG] setting computed for "capacity_reservation_specification" from ComputedKeys
2026-09-21T01:42:03.304Z [DEBUG] provider.terraform-provider-aws_v6.65.0_x5: [DEBUG] setting computed for "security_groups" from ComputedKeys
2026-09-21T01:42:03.305Z [DEBUG] provider.terraform-provider-aws_v6.65.0_x5: HTTP Request Sent:
  http.request.body=
  | Action=RunInstances&ClientToken=terraform-kydvLdroQ3xvQIfkGNp0kzuyxA&DisableApiTermination=false&EbsOptimized=false&HibernationOptions.Configured=false&ImageId=ami-0354c98ae10b02961&InstanceType=t2.small&MaxCount=1&MinCount=1&Monitoring.Enabled=false&Placement.AvailabilityZone=&TagSpecification.1.ResourceType=instance&TagSpecification.1.Tag.1.Key=Name&TagSpecification.1.Tag.1.Value=Worker_Node_2&Version=2016-11-15
   http.request.header.amz_sdk_invocation_id=dd110b22-d9c4-48d3-add6-8585ffea5b2a http.request.header.authorization="AWS4-HMAC-SHA256 Credential=AKIA************HAG5/20260921/us-east-1/ec2/aws4_request, SignedHeaders=amz-sdk-invocation-id;amz-sdk-request;content-length;content-type;host;x-amz-date, Signature=*****" http.request.header.content_type=application/x-www-form-urlencoded http.request.header.x_amz_date=20260921T014203Z net.peer.name=ec2.us-east-1.amazonaws.com aws.region=us-east-1 http.method=POST http.request_content_length=417 rpc.method=EC2/RunInstances rpc.system.name=aws-api tf_provider_addr=registry.terraform.io/hashicorp/aws tf_req_id=137eee9d-6d4d-d2ec-49f3-27b2e5990e91 tf_aws.sdk=aws-sdk-go-v2 tf_aws.signing_region="" tf_mux_provider="*schema.GRPCProviderServer" tf_rpc=ApplyResourceChange http.request.header.amz_sdk_request="attempt=1; max=25" http.url=https://ec2.us-east-1.amazonaws.com/ http.user_agent="APN/1.0 HashiCorp/1.0 Terraform/1.16.3 (+https://www.terraform.io) terraform-provider-aws/6.65.0 (+https://registry.terraform.io/providers/hashicorp/aws) aws-sdk-go-v2/1.47.0 ua/2.1 os/linux lang/go#1.26.6 md/GOOS#linux md/GOARCH#amd64 api/ec2#1.332.0 m/n" tf_resource_type=aws_instance @caller=github.com/hashicorp/aws-sdk-go-base/v2@v2.0.0-beta.73/logging/tf_logger.go:45 @module=aws timestamp=2026-09-21T01:42:03.303Z
2026-09-21T01:42:03.307Z [DEBUG] provider.terraform-provider-aws_v6.65.0_x5: HTTP Request Sent: http.request.header.content_type=application/x-www-form-urlencoded http.request.header.x_amz_date=20260921T014203Z http.url=https://ec2.us-east-1.amazonaws.com/ tf_req_id=f3f6935d-eb7d-14c1-8edb-38a5b5405313 tf_rpc=ApplyResourceChange @caller=github.com/hashicorp/aws-sdk-go-base/v2@v2.0.0-beta.73/logging/tf_logger.go:45 http.method=POST
  http.request.body=
  | Action=RunInstances&ClientToken=terraform-IJVRgnVuhY9SVT61RlerBNeh0N&DisableApiTermination=false&EbsOptimized=false&HibernationOptions.Configured=false&ImageId=ami-0354c98ae10b02961&InstanceType=t2.small&MaxCount=1&MinCount=1&Monitoring.Enabled=false&Placement.AvailabilityZone=&TagSpecification.1.ResourceType=instance&TagSpecification.1.Tag.1.Key=Name&TagSpecification.1.Tag.1.Value=Worker_Node_0&Version=2016-11-15
   http.user_agent="APN/1.0 HashiCorp/1.0 Terraform/1.16.3 (+https://www.terraform.io) terraform-provider-aws/6.65.0 (+https://registry.terraform.io/providers/hashicorp/aws) aws-sdk-go-v2/1.47.0 ua/2.1 os/linux lang/go#1.26.6 md/GOOS#linux md/GOARCH#amd64 api/ec2#1.332.0 m/n" rpc.method=EC2/RunInstances tf_aws.signing_region="" tf_resource_type=aws_instance @module=aws http.request.header.amz_sdk_request="attempt=1; max=25" http.request.header.authorization="AWS4-HMAC-SHA256 Credential=AKIA************HAG5/20260921/us-east-1/ec2/aws4_request, SignedHeaders=amz-sdk-invocation-id;amz-sdk-request;content-length;content-type;host;x-amz-date, Signature=*****" net.peer.name=ec2.us-east-1.amazonaws.com aws.region=us-east-1 http.request.header.amz_sdk_invocation_id=28b61895-6f2a-4704-b1c6-a944ef1e3a5c http.request_content_length=417 rpc.system.name=aws-api tf_aws.sdk=aws-sdk-go-v2 tf_mux_provider="*schema.GRPCProviderServer" tf_provider_addr=registry.terraform.io/hashicorp/aws timestamp=2026-09-21T01:42:03.307Z
2026-09-21T01:42:03.308Z [DEBUG] provider.terraform-provider-aws_v6.65.0_x5: HTTP Request Sent:
  http.request.body=
  | Action=RunInstances&ClientToken=terraform-jdbGfTvfKkLT17SOqZh82uiHS9&DisableApiTermination=false&EbsOptimized=false&HibernationOptions.Configured=false&ImageId=ami-0354c98ae10b02961&InstanceType=t2.small&MaxCount=1&MinCount=1&Monitoring.Enabled=false&Placement.AvailabilityZone=&TagSpecification.1.ResourceType=instance&TagSpecification.1.Tag.1.Key=Name&TagSpecification.1.Tag.1.Value=Worker_Node_1&Version=2016-11-15
   http.request.header.amz_sdk_invocation_id=d8f31b7f-22c8-4c65-9cdf-c6e3aba608e7 net.peer.name=ec2.us-east-1.amazonaws.com tf_aws.signing_region="" @module=aws http.request.header.authorization="AWS4-HMAC-SHA256 Credential=AKIA************HAG5/20260921/us-east-1/ec2/aws4_request, SignedHeaders=amz-sdk-invocation-id;amz-sdk-request;content-length;content-type;host;x-amz-date, Signature=*****" http.request.header.x_amz_date=20260921T014203Z http.user_agent="APN/1.0 HashiCorp/1.0 Terraform/1.16.3 (+https://www.terraform.io) terraform-provider-aws/6.65.0 (+https://registry.terraform.io/providers/hashicorp/aws) aws-sdk-go-v2/1.47.0 ua/2.1 os/linux lang/go#1.26.6 md/GOOS#linux md/GOARCH#amd64 api/ec2#1.332.0 m/n" rpc.method=EC2/RunInstances tf_aws.sdk=aws-sdk-go-v2 tf_mux_provider="*schema.GRPCProviderServer" @caller=github.com/hashicorp/aws-sdk-go-base/v2@v2.0.0-beta.73/logging/tf_logger.go:45 aws.region=us-east-1 http.request.header.amz_sdk_request="attempt=1; max=25" http.url=https://ec2.us-east-1.amazonaws.com/ tf_provider_addr=registry.terraform.io/hashicorp/aws tf_resource_type=aws_instance http.request_content_length=417 rpc.system.name=aws-api tf_req_id=611f9f29-cb15-b023-6d75-e8c6615f20cf tf_rpc=ApplyResourceChange http.request.header.content_type=application/x-www-form-urlencoded http.method=POST timestamp=2026-09-21T01:42:03.307Z
2026-09-21T01:42:04.299Z [DEBUG] provider.terraform-provider-aws_v6.65.0_x5: HTTP Response Received: http.status_code=200 rpc.method=IAM/CreateUser rpc.system.name=aws-api
  http.response.body=
  | <CreateUserResponse xmlns="https://iam.amazonaws.com/doc/2010-05-08/">
  |   <CreateUserResult>
  |     <User>
  |       <Path>/</Path>
  |       <UserName>kafka.user</UserName>
  |       <Arn>arn:aws:iam::020651500156:user/kafka.user</Arn>
  |       <UserId>AIDA*************3SHR</UserId>
  |       <CreateDate>2026-09-21T01:42:04Z</CreateDate>
  |     </User>
  |   </CreateUserResult>
  |   <ResponseMetadata>
  |     <RequestId>7ac6759c-1d20-4e99-9c92-cf002081f921</RequestId>
  |   </ResponseMetadata>
  | </CreateUserResponse>
   tf_aws.sdk=aws-sdk-go-v2 tf_mux_provider="*schema.GRPCProviderServer" tf_req_id=97e9de16-b1bc-61e9-d141-61f78ea902a2 tf_resource_type=aws_iam_user http.duration=1049 tf_aws.signing_region="" @caller=github.com/hashicorp/aws-sdk-go-base/v2@v2.0.0-beta.73/logging/tf_logger.go:45 aws.region=us-east-1 http.response.header.x_amzn_requestid=7ac6759c-1d20-4e99-9c92-cf002081f921 tf_provider_addr=registry.terraform.io/hashicorp/aws tf_rpc=ApplyResourceChange @module=aws http.response.header.content_type=text/xml http.response.header.date="Mon, 21 Sep 2026 01:42:04 GMT" http.response_content_length=481 timestamp=2026-09-21T01:42:04.298Z
2026-09-21T01:42:04.307Z [DEBUG] provider.terraform-provider-aws_v6.65.0_x5: HTTP Response Received: tf_provider_addr=registry.terraform.io/hashicorp/aws tf_req_id=2cd0d1ba-f860-4433-fe2f-8ba81f7e985a @caller=github.com/hashicorp/aws-sdk-go-base/v2@v2.0.0-beta.73/logging/tf_logger.go:45 @module=aws aws.region=us-east-1 http.response.header.content_type=text/xml http.response.header.date="Mon, 21 Sep 2026 01:42:04 GMT" http.response.header.x_amzn_requestid=3493de9e-b14b-4cb1-8be6-748119e0aa95 tf_rpc=ApplyResourceChange
  http.response.body=
  | <CreateUserResponse xmlns="https://iam.amazonaws.com/doc/2010-05-08/">
  |   <CreateUserResult>
  |     <User>
  |       <Path>/</Path>
  |       <UserName>redis.user</UserName>
  |       <Arn>arn:aws:iam::020651500156:user/redis.user</Arn>
  |       <UserId>AIDA*************4OLP</UserId>
  |       <CreateDate>2026-09-21T01:42:04Z</CreateDate>
  |     </User>
  |   </CreateUserResult>
  |   <ResponseMetadata>
  |     <RequestId>3493de9e-b14b-4cb1-8be6-748119e0aa95</RequestId>
  |   </ResponseMetadata>
  | </CreateUserResponse>
   http.response_content_length=481 http.status_code=200 tf_mux_provider="*schema.GRPCProviderServer" tf_resource_type=aws_iam_user rpc.method=IAM/CreateUser http.duration=1050 rpc.system.name=aws-api tf_aws.sdk=aws-sdk-go-v2 tf_aws.signing_region="" timestamp=2026-09-21T01:42:04.298Z
2026-09-21T01:42:04.310Z [DEBUG] provider.terraform-provider-aws_v6.65.0_x5: HTTP Response Received: aws.region=us-east-1 rpc.method=IAM/CreateUser tf_mux_provider="*schema.GRPCProviderServer" tf_rpc=ApplyResourceChange @caller=github.com/hashicorp/aws-sdk-go-base/v2@v2.0.0-beta.73/logging/tf_logger.go:45
  http.response.body=
  | <CreateUserResponse xmlns="https://iam.amazonaws.com/doc/2010-05-08/">
  |   <CreateUserResult>
  |     <User>
  |       <Path>/</Path>
  |       <UserName>jenkins.user</UserName>
  |       <Arn>arn:aws:iam::020651500156:user/jenkins.user</Arn>
  |       <UserId>AIDA*************OYP3</UserId>
  |       <CreateDate>2026-09-21T01:42:04Z</CreateDate>
  |     </User>
  |   </CreateUserResult>
  |   <ResponseMetadata>
  |     <RequestId>0057fa9e-31a4-40b2-9aba-84e443895692</RequestId>
  |   </ResponseMetadata>
  | </CreateUserResponse>
   http.response.header.content_type=text/xml http.response.header.date="Mon, 21 Sep 2026 01:42:04 GMT" rpc.system.name=aws-api @module=aws http.duration=1050 http.response.header.x_amzn_requestid=0057fa9e-31a4-40b2-9aba-84e443895692 http.response_content_length=485 tf_aws.sdk=aws-sdk-go-v2 tf_aws.signing_region="" tf_provider_addr=registry.terraform.io/hashicorp/aws tf_req_id=284a8d35-9a7b-abe5-517d-c820ed88e640 http.status_code=200 tf_resource_type=aws_iam_user timestamp=2026-09-21T01:42:04.298Z
2026-09-21T01:42:04.334Z [DEBUG] provider.terraform-provider-aws_v6.65.0_x5: HTTP Request Sent:
  http.request.body=
  | Action=GetUser&UserName=jenkins.user&Version=2010-05-08
   http.request.header.amz_sdk_invocation_id=9facbf4f-22ad-4d95-beba-c1907ef1d4eb http.request.header.content_type=application/x-www-form-urlencoded http.request.header.x_amz_date=20260921T014204Z http.url=https://iam.amazonaws.com/ rpc.method=IAM/GetUser tf_aws.signing_region="" @caller=github.com/hashicorp/aws-sdk-go-base/v2@v2.0.0-beta.73/logging/tf_logger.go:45 aws.region=us-east-1 http.request.header.amz_sdk_request="attempt=1; max=25" http.request.header.authorization="AWS4-HMAC-SHA256 Credential=AKIA************HAG5/20260921/us-east-1/iam/aws4_request, SignedHeaders=amz-sdk-invocation-id;amz-sdk-request;content-length;content-type;host;x-amz-date, Signature=*****" http.request_content_length=55 rpc.system.name=aws-api tf_mux_provider="*schema.GRPCProviderServer" tf_rpc=ApplyResourceChange http.method=POST http.user_agent="APN/1.0 HashiCorp/1.0 Terraform/1.16.3 (+https://www.terraform.io) terraform-provider-aws/6.65.0 (+https://registry.terraform.io/providers/hashicorp/aws) aws-sdk-go-v2/1.47.0 ua/2.1 os/linux lang/go#1.26.6 md/GOOS#linux md/GOARCH#amd64 api/iam#1.64.0 m/n" tf_provider_addr=registry.terraform.io/hashicorp/aws @module=aws net.peer.name=iam.amazonaws.com tf_aws.sdk=aws-sdk-go-v2 tf_req_id=284a8d35-9a7b-abe5-517d-c820ed88e640 tf_resource_type=aws_iam_user timestamp=2026-09-21T01:42:04.333Z
2026-09-21T01:42:04.338Z [DEBUG] provider.terraform-provider-aws_v6.65.0_x5: HTTP Request Sent: tf_provider_addr=registry.terraform.io/hashicorp/aws @caller=github.com/hashicorp/aws-sdk-go-base/v2@v2.0.0-beta.73/logging/tf_logger.go:45 http.method=POST
  http.request.body=
  | Action=GetUser&UserName=kafka.user&Version=2010-05-08
   http.request.header.amz_sdk_request="attempt=1; max=25" tf_aws.sdk=aws-sdk-go-v2 tf_aws.signing_region="" http.request.header.amz_sdk_invocation_id=f2da08f2-1f4d-4369-abb1-0e4ae05fa005 http.request.header.authorization="AWS4-HMAC-SHA256 Credential=AKIA************HAG5/20260921/us-east-1/iam/aws4_request, SignedHeaders=amz-sdk-invocation-id;amz-sdk-request;content-length;content-type;host;x-amz-date, Signature=*****" http.request.header.x_amz_date=20260921T014204Z http.url=https://iam.amazonaws.com/ http.user_agent="APN/1.0 HashiCorp/1.0 Terraform/1.16.3 (+https://www.terraform.io) terraform-provider-aws/6.65.0 (+https://registry.terraform.io/providers/hashicorp/aws) aws-sdk-go-v2/1.47.0 ua/2.1 os/linux lang/go#1.26.6 md/GOOS#linux md/GOARCH#amd64 api/iam#1.64.0 m/n" rpc.method=IAM/GetUser tf_req_id=97e9de16-b1bc-61e9-d141-61f78ea902a2 aws.region=us-east-1 http.request_content_length=53 net.peer.name=iam.amazonaws.com rpc.system.name=aws-api tf_mux_provider="*schema.GRPCProviderServer" tf_resource_type=aws_iam_user tf_rpc=ApplyResourceChange @module=aws http.request.header.content_type=application/x-www-form-urlencoded timestamp=2026-09-21T01:42:04.334Z
2026-09-21T01:42:04.340Z [DEBUG] provider.terraform-provider-aws_v6.65.0_x5: HTTP Request Sent: @module=aws
  http.request.body=
  | Action=GetUser&UserName=redis.user&Version=2010-05-08
   http.url=https://iam.amazonaws.com/ rpc.system.name=aws-api tf_provider_addr=registry.terraform.io/hashicorp/aws tf_req_id=2cd0d1ba-f860-4433-fe2f-8ba81f7e985a tf_resource_type=aws_iam_user aws.region=us-east-1 http.method=POST http.request.header.content_type=application/x-www-form-urlencoded @caller=github.com/hashicorp/aws-sdk-go-base/v2@v2.0.0-beta.73/logging/tf_logger.go:45 http.request.header.amz_sdk_request="attempt=1; max=25" http.request.header.authorization="AWS4-HMAC-SHA256 Credential=AKIA************HAG5/20260921/us-east-1/iam/aws4_request, SignedHeaders=amz-sdk-invocation-id;amz-sdk-request;content-length;content-type;host;x-amz-date, Signature=*****" http.request.header.x_amz_date=20260921T014204Z http.request_content_length=53 http.user_agent="APN/1.0 HashiCorp/1.0 Terraform/1.16.3 (+https://www.terraform.io) terraform-provider-aws/6.65.0 (+https://registry.terraform.io/providers/hashicorp/aws) aws-sdk-go-v2/1.47.0 ua/2.1 os/linux lang/go#1.26.6 md/GOOS#linux md/GOARCH#amd64 api/iam#1.64.0 m/n" net.peer.name=iam.amazonaws.com http.request.header.amz_sdk_invocation_id=98d23deb-c5c6-4e16-95ed-31a7f0804b10 rpc.method=IAM/GetUser tf_aws.sdk=aws-sdk-go-v2 tf_aws.signing_region="" tf_mux_provider="*schema.GRPCProviderServer" tf_rpc=ApplyResourceChange timestamp=2026-09-21T01:42:04.334Z
2026-09-21T01:42:04.606Z [DEBUG] provider.terraform-provider-aws_v6.65.0_x5: HTTP Response Received: @caller=github.com/hashicorp/aws-sdk-go-base/v2@v2.0.0-beta.73/logging/tf_logger.go:45
  http.response.body=
  | <GetUserResponse xmlns="https://iam.amazonaws.com/doc/2010-05-08/">
  |   <GetUserResult>
  |     <User>
  |       <Path>/</Path>
  |       <UserName>redis.user</UserName>
  |       <Arn>arn:aws:iam::020651500156:user/redis.user</Arn>
  |       <UserId>AIDA*************4OLP</UserId>
  |       <CreateDate>2026-09-21T01:42:04Z</CreateDate>
  |     </User>
  |   </GetUserResult>
  |   <ResponseMetadata>
  |     <RequestId>04189680-91ba-45e2-89e3-171f8aaea377</RequestId>
  |   </ResponseMetadata>
  | </GetUserResponse>
   rpc.system.name=aws-api tf_req_id=2cd0d1ba-f860-4433-fe2f-8ba81f7e985a tf_resource_type=aws_iam_user http.duration=269 http.response_content_length=469 rpc.method=IAM/GetUser tf_mux_provider="*schema.GRPCProviderServer" tf_provider_addr=registry.terraform.io/hashicorp/aws tf_rpc=ApplyResourceChange aws.region=us-east-1 http.response.header.x_amzn_requestid=04189680-91ba-45e2-89e3-171f8aaea377 tf_aws.sdk=aws-sdk-go-v2 tf_aws.signing_region="" @module=aws http.response.header.content_type=text/xml http.response.header.date="Mon, 21 Sep 2026 01:42:04 GMT" http.status_code=200 timestamp=2026-09-21T01:42:04.605Z
2026-09-21T01:42:04.610Z [DEBUG] provider.terraform-provider-aws_v6.65.0_x5: HTTP Response Received: http.duration=271
  http.response.body=
  | <GetUserResponse xmlns="https://iam.amazonaws.com/doc/2010-05-08/">
  |   <GetUserResult>
  |     <User>
  |       <Path>/</Path>
  |       <UserName>kafka.user</UserName>
  |       <Arn>arn:aws:iam::020651500156:user/kafka.user</Arn>
  |       <UserId>AIDA*************3SHR</UserId>
  |       <CreateDate>2026-09-21T01:42:04Z</CreateDate>
  |     </User>
  |   </GetUserResult>
  |   <ResponseMetadata>
  |     <RequestId>34b669be-465d-4519-bd6a-b55326c9ca49</RequestId>
  |   </ResponseMetadata>
  | </GetUserResponse>
   http.response.header.content_type=text/xml http.response.header.date="Mon, 21 Sep 2026 01:42:04 GMT" @module=aws http.response_content_length=469 http.response.header.x_amzn_requestid=34b669be-465d-4519-bd6a-b55326c9ca49 rpc.system.name=aws-api tf_mux_provider="*schema.GRPCProviderServer" tf_provider_addr=registry.terraform.io/hashicorp/aws tf_resource_type=aws_iam_user tf_aws.sdk=aws-sdk-go-v2 tf_aws.signing_region="" aws.region=us-east-1 rpc.method=IAM/GetUser tf_req_id=97e9de16-b1bc-61e9-d141-61f78ea902a2 tf_rpc=ApplyResourceChange http.status_code=200 @caller=github.com/hashicorp/aws-sdk-go-base/v2@v2.0.0-beta.73/logging/tf_logger.go:45 timestamp=2026-09-21T01:42:04.606Z
2026-09-21T01:42:04.618Z [DEBUG] provider.terraform-provider-aws_v6.65.0_x5: HTTP Response Received: @caller=github.com/hashicorp/aws-sdk-go-base/v2@v2.0.0-beta.73/logging/tf_logger.go:45 aws.region=us-east-1 http.response.header.content_type=text/xml http.response.header.date="Mon, 21 Sep 2026 01:42:04 GMT" http.response.header.x_amzn_requestid=94269a6f-3162-4bd0-a6ba-7bb706c4b852 http.response_content_length=473 tf_aws.signing_region="" @module=aws rpc.method=IAM/GetUser tf_mux_provider="*schema.GRPCProviderServer" tf_rpc=ApplyResourceChange http.status_code=200
  http.response.body=
  | <GetUserResponse xmlns="https://iam.amazonaws.com/doc/2010-05-08/">
  |   <GetUserResult>
  |     <User>
  |       <Path>/</Path>
  |       <UserName>jenkins.user</UserName>
  |       <Arn>arn:aws:iam::020651500156:user/jenkins.user</Arn>
  |       <UserId>AIDA*************OYP3</UserId>
  |       <CreateDate>2026-09-21T01:42:04Z</CreateDate>
  |     </User>
  |   </GetUserResult>
  |   <ResponseMetadata>
  |     <RequestId>94269a6f-3162-4bd0-a6ba-7bb706c4b852</RequestId>
  |   </ResponseMetadata>
  | </GetUserResponse>
   rpc.system.name=aws-api tf_req_id=284a8d35-9a7b-abe5-517d-c820ed88e640 tf_resource_type=aws_iam_user http.duration=273 tf_aws.sdk=aws-sdk-go-v2 tf_provider_addr=registry.terraform.io/hashicorp/aws timestamp=2026-09-21T01:42:04.607Z
2026-09-21T01:42:04.644Z [WARN]  Provider "provider[\"registry.terraform.io/hashicorp/aws\"]" produced an unexpected new value for aws_iam_user.onboarding_user[1], but we are tolerating it because it is using the legacy plugin SDK.
    The following problems may be the cause of any confusing errors from downstream operations:
      - .permissions_boundary: was null, but now cty.StringVal("")
2026-09-21T01:42:04.646Z [WARN]  Provider "provider[\"registry.terraform.io/hashicorp/aws\"]" produced an unexpected new value for aws_iam_user.onboarding_user[2], but we are tolerating it because it is using the legacy plugin SDK.
    The following problems may be the cause of any confusing errors from downstream operations:
      - .permissions_boundary: was null, but now cty.StringVal("")
2026-09-21T01:42:04.664Z [WARN]  Provider "provider[\"registry.terraform.io/hashicorp/aws\"]" produced an unexpected new value for aws_iam_user.onboarding_user[0], but we are tolerating it because it is using the legacy plugin SDK.
    The following problems may be the cause of any confusing errors from downstream operations:
      - .permissions_boundary: was null, but now cty.StringVal("")
2026-09-21T01:42:04.722Z [DEBUG] State storage *statemgr.Filesystem declined to persist a state snapshot
2026-09-21T01:42:04.729Z [DEBUG] State storage *statemgr.Filesystem declined to persist a state snapshot
2026-09-21T01:42:04.734Z [DEBUG] State storage *statemgr.Filesystem declined to persist a state snapshot
2026-09-21T01:42:05.644Z [DEBUG] provider.terraform-provider-aws_v6.65.0_x5: HTTP Response Received: @module=aws http.duration=2338 http.response.header.content_type=text/xml;charset=UTF-8 tf_aws.signing_region="" tf_req_id=137eee9d-6d4d-d2ec-49f3-27b2e5990e91 tf_resource_type=aws_instance tf_rpc=ApplyResourceChange http.response.header.cache_control="no-cache, no-store" http.response.header.date="Mon, 21 Sep 2026 01:42:05 GMT" http.response.header.strict_transport_security="max-age=31536000; includeSubDomains" http.response.header.x_amzn_requestid=8e5ed4e8-ca52-4f52-8d2f-3308ed3af7a7 rpc.method=EC2/RunInstances tf_provider_addr=registry.terraform.io/hashicorp/aws aws.region=us-east-1
  http.response.body=
  | <?xml version="1.0" encoding="UTF-8"?>
  | <RunInstancesResponse xmlns="http://ec2.amazonaws.com/doc/2016-11-15/">
  |     <requestId>8e5ed4e8-ca52-4f52-8d2f-3308ed3af7a7</requestId>
  |     <reservationId>r-0fcb516657a4a2cae</reservationId>
  |     <ownerId>020651500156</ownerId>
  |     <groupSet/>
  |     <instancesSet>
  |         <item>
  |             <instanceId>i-0e8c6fb6bc29c8abf</instanceId>
  |             <imageId>ami-0354c98ae10b02961</imageId>
  |             <instanceState>
  |                 <code>0</code>
  |                 <name>pending</name>
  |             </instanceState>
  |             <privateDnsName>ip-172-31-46-127.ec2.internal</privateDnsName>
  |             <dnsName></dnsName>
  |             <reason></reason>
  |             <amiLaunchIndex>0</amiLaunchIndex>
  |             <productCodes/>
  |             <operator>
  |                 <managed>false</managed>
  |             </operator>
  |             <instanceType>t2.small</instanceType>
  |             <launchTime>2026-09-21T01:42:05.000Z</launchTime>
  |             <placement>
  |                 <availabilityZone>us-east-1d</availabilityZone>
  |                 <availabilityZoneId>use1-az6</availabilityZoneId>
  |                 <groupName></groupName>
  |                 <tenancy>default</tenancy>
  |             </placement>
  |             <monitoring>
  |                 <state>disabled</state>
  |             </monitoring>
  |             <subnetId>subnet-0fe2133ba8cb0de6b</subnetId>
  |             <vpcId>vpc-0cd3652e4e8e18a78</vpcId>
  |             <privateIpAddress>172.31.46.127</privateIpAddress>
  |             <sourceDestCheck>true</sourceDestCheck>
  |             <groupSet>
  |                 <item>
  |                     <groupId>sg-0d4ecf989cb68563d</groupId>
  |                     <groupName>default</groupName>
  |                 </item>
  |             </groupSet>
  |             <stateReason>
  |                 <code>pending</code>
  |                 <message>pending</message>
  |             </stateReason>
  |             <architecture>x86_64</architecture>
  |             <rootDeviceType>ebs</rootDeviceType>
  |             <rootDeviceName>/dev/xvda</rootDeviceName>
  |             <blockDeviceMapping/>
  |             <virtualizationType>hvm</virtualizationType>
  |             <clientToken>terraform-kydvLdroQ3xvQIfkGNp0kzuyxA</clientToken>
  |             <tagSet>
  |                 <item>
  |                     <key>Name</key>
  |                     <value>Worker_Node_2</value>
  |                 </item>
  |             </tagSet>
  |             <hypervisor>xen</hypervisor>
  |             <networkInterfaceSet>
  |                 <item>
  |                     <networkInterfaceId>eni-0d2054f3cc0061f5c</networkInterfaceId>
  |                     <subnetId>subnet-0fe2133ba8cb0de6b</subnetId>
  |                     <vpcId>vpc-0cd3652e4e8e18a78</vpcId>
  |                     <description></description>
  |                     <ownerId>020651500156</ownerId>
  |                     <status>in-use</status>
  |                     <macAddress>0e:ff:cc:f1:2a:6b</macAddress>
  |                     <privateIpAddress>172.31.46.127</privateIpAddress>
  |                     <privateDnsName>ip-172-31-46-127.ec2.internal</privateDnsName>
  |                     <sourceDestCheck>true</sourceDestCheck>
  |                     <groupSet>
  |                         <item>
  |                             <groupId>sg-0d4ecf989cb68563d</groupId>
  |                             <groupName>default</groupName>
  |                         </item>
  |                     </groupSet>
  |                     <attachment>
  |                         <attachmentId>eni-attach-0b82abde9578f5364</attachmentId>
  |                         <deviceIndex>0</deviceIndex>
  |                         <status>attaching</status>
  |                         <attachTime>2026-09-21T01:42:05.000Z</attachTime>
  |                         <deleteOnTermination>true</deleteOnTermination>
  |                         <networkCardIndex>0</networkCardIndex>
  |                     </attachment>
  |                     <privateIpAddressesSet>
  |                         <item>
  |                             <privateIpAddress>172.31.46.127</privateIpAddress>
  |                             <privateDnsName>ip-172-31-46-127.ec2.internal</privateDnsName>
  |                             <primary>true</primary>
  | [truncated...]
   tf_aws.sdk=aws-sdk-go-v2 tf_mux_provider="*schema.GRPCProviderServer" http.response.header.server=AmazonEC2 http.response.header.vary=accept-encoding http.status_code=200 rpc.system.name=aws-api @caller=github.com/hashicorp/aws-sdk-go-base/v2@v2.0.0-beta.73/logging/tf_logger.go:45 timestamp=2026-09-21T01:42:05.642Z
2026-09-21T01:42:05.651Z [DEBUG] provider.terraform-provider-aws_v6.65.0_x5: HTTP Response Received: http.response.header.content_type=text/xml;charset=UTF-8 http.response.header.date="Mon, 21 Sep 2026 01:42:05 GMT" http.response.header.server=AmazonEC2 http.status_code=200 rpc.method=EC2/RunInstances rpc.system.name=aws-api tf_mux_provider="*schema.GRPCProviderServer" http.duration=2337
  http.response.body=
  | <?xml version="1.0" encoding="UTF-8"?>
  | <RunInstancesResponse xmlns="http://ec2.amazonaws.com/doc/2016-11-15/">
  |     <requestId>5b299779-c701-4f65-9f6e-6dcd592b651e</requestId>
  |     <reservationId>r-06c016c994fd06c16</reservationId>
  |     <ownerId>020651500156</ownerId>
  |     <groupSet/>
  |     <instancesSet>
  |         <item>
  |             <instanceId>i-0183c7ae07ebb5fbd</instanceId>
  |             <imageId>ami-0354c98ae10b02961</imageId>
  |             <instanceState>
  |                 <code>0</code>
  |                 <name>pending</name>
  |             </instanceState>
  |             <privateDnsName>ip-172-31-44-251.ec2.internal</privateDnsName>
  |             <dnsName></dnsName>
  |             <reason></reason>
  |             <amiLaunchIndex>0</amiLaunchIndex>
  |             <productCodes/>
  |             <operator>
  |                 <managed>false</managed>
  |             </operator>
  |             <instanceType>t2.small</instanceType>
  |             <launchTime>2026-09-21T01:42:05.000Z</launchTime>
  |             <placement>
  |                 <availabilityZone>us-east-1d</availabilityZone>
  |                 <availabilityZoneId>use1-az6</availabilityZoneId>
  |                 <groupName></groupName>
  |                 <tenancy>default</tenancy>
  |             </placement>
  |             <monitoring>
  |                 <state>disabled</state>
  |             </monitoring>
  |             <subnetId>subnet-0fe2133ba8cb0de6b</subnetId>
  |             <vpcId>vpc-0cd3652e4e8e18a78</vpcId>
  |             <privateIpAddress>172.31.44.251</privateIpAddress>
  |             <sourceDestCheck>true</sourceDestCheck>
  |             <groupSet>
  |                 <item>
  |                     <groupId>sg-0d4ecf989cb68563d</groupId>
  |                     <groupName>default</groupName>
  |                 </item>
  |             </groupSet>
  |             <stateReason>
  |                 <code>pending</code>
  |                 <message>pending</message>
  |             </stateReason>
  |             <architecture>x86_64</architecture>
  |             <rootDeviceType>ebs</rootDeviceType>
  |             <rootDeviceName>/dev/xvda</rootDeviceName>
  |             <blockDeviceMapping/>
  |             <virtualizationType>hvm</virtualizationType>
  |             <clientToken>terraform-IJVRgnVuhY9SVT61RlerBNeh0N</clientToken>
  |             <tagSet>
  |                 <item>
  |                     <key>Name</key>
  |                     <value>Worker_Node_0</value>
  |                 </item>
  |             </tagSet>
  |             <hypervisor>xen</hypervisor>
  |             <networkInterfaceSet>
  |                 <item>
  |                     <networkInterfaceId>eni-0ab1e42bb22c5ab85</networkInterfaceId>
  |                     <subnetId>subnet-0fe2133ba8cb0de6b</subnetId>
  |                     <vpcId>vpc-0cd3652e4e8e18a78</vpcId>
  |                     <description></description>
  |                     <ownerId>020651500156</ownerId>
  |                     <status>in-use</status>
  |                     <macAddress>0e:ff:c2:ec:3f:db</macAddress>
  |                     <privateIpAddress>172.31.44.251</privateIpAddress>
  |                     <privateDnsName>ip-172-31-44-251.ec2.internal</privateDnsName>
  |                     <sourceDestCheck>true</sourceDestCheck>
  |                     <groupSet>
  |                         <item>
  |                             <groupId>sg-0d4ecf989cb68563d</groupId>
  |                             <groupName>default</groupName>
  |                         </item>
  |                     </groupSet>
  |                     <attachment>
  |                         <attachmentId>eni-attach-069d22873953fe166</attachmentId>
  |                         <deviceIndex>0</deviceIndex>
  |                         <status>attaching</status>
  |                         <attachTime>2026-09-21T01:42:05.000Z</attachTime>
  |                         <deleteOnTermination>true</deleteOnTermination>
  |                         <networkCardIndex>0</networkCardIndex>
  |                     </attachment>
  |                     <privateIpAddressesSet>
  |                         <item>
  |                             <privateIpAddress>172.31.44.251</privateIpAddress>
  |                             <privateDnsName>ip-172-31-44-251.ec2.internal</privateDnsName>
  |                             <primary>true</primary>
  | [truncated...]
   tf_aws.sdk=aws-sdk-go-v2 tf_provider_addr=registry.terraform.io/hashicorp/aws tf_rpc=ApplyResourceChange aws.region=us-east-1 http.response.header.vary=accept-encoding tf_req_id=f3f6935d-eb7d-14c1-8edb-38a5b5405313 @module=aws http.response.header.cache_control="no-cache, no-store" http.response.header.strict_transport_security="max-age=31536000; includeSubDomains" http.response.header.x_amzn_requestid=5b299779-c701-4f65-9f6e-6dcd592b651e tf_aws.signing_region="" tf_resource_type=aws_instance @caller=github.com/hashicorp/aws-sdk-go-base/v2@v2.0.0-beta.73/logging/tf_logger.go:45 timestamp=2026-09-21T01:42:05.646Z
2026-09-21T01:42:05.662Z [DEBUG] provider.terraform-provider-aws_v6.65.0_x5: HTTP Response Received: http.response.header.x_amzn_requestid=1ba0c96a-d701-4e2a-a018-a517c2f6dc98 rpc.method=EC2/RunInstances tf_aws.sdk=aws-sdk-go-v2 tf_req_id=611f9f29-cb15-b023-6d75-e8c6615f20cf http.response.header.cache_control="no-cache, no-store" http.response.header.strict_transport_security="max-age=31536000; includeSubDomains" rpc.system.name=aws-api tf_rpc=ApplyResourceChange @caller=github.com/hashicorp/aws-sdk-go-base/v2@v2.0.0-beta.73/logging/tf_logger.go:45 @module=aws http.response.header.server=AmazonEC2 http.response.header.vary=accept-encoding http.status_code=200 tf_aws.signing_region="" tf_mux_provider="*schema.GRPCProviderServer" aws.region=us-east-1 http.duration=2337 http.response.header.date="Mon, 21 Sep 2026 01:42:05 GMT" tf_provider_addr=registry.terraform.io/hashicorp/aws tf_resource_type=aws_instance
  http.response.body=
  | <?xml version="1.0" encoding="UTF-8"?>
  | <RunInstancesResponse xmlns="http://ec2.amazonaws.com/doc/2016-11-15/">
  |     <requestId>1ba0c96a-d701-4e2a-a018-a517c2f6dc98</requestId>
  |     <reservationId>r-01a1aa503c7edd071</reservationId>
  |     <ownerId>020651500156</ownerId>
  |     <groupSet/>
  |     <instancesSet>
  |         <item>
  |             <instanceId>i-0375066a2908bdbaa</instanceId>
  |             <imageId>ami-0354c98ae10b02961</imageId>
  |             <instanceState>
  |                 <code>0</code>
  |                 <name>pending</name>
  |             </instanceState>
  |             <privateDnsName>ip-172-31-43-195.ec2.internal</privateDnsName>
  |             <dnsName></dnsName>
  |             <reason></reason>
  |             <amiLaunchIndex>0</amiLaunchIndex>
  |             <productCodes/>
  |             <operator>
  |                 <managed>false</managed>
  |             </operator>
  |             <instanceType>t2.small</instanceType>
  |             <launchTime>2026-09-21T01:42:05.000Z</launchTime>
  |             <placement>
  |                 <availabilityZone>us-east-1d</availabilityZone>
  |                 <availabilityZoneId>use1-az6</availabilityZoneId>
  |                 <groupName></groupName>
  |                 <tenancy>default</tenancy>
  |             </placement>
  |             <monitoring>
  |                 <state>disabled</state>
  |             </monitoring>
  |             <subnetId>subnet-0fe2133ba8cb0de6b</subnetId>
  |             <vpcId>vpc-0cd3652e4e8e18a78</vpcId>
  |             <privateIpAddress>172.31.43.195</privateIpAddress>
  |             <sourceDestCheck>true</sourceDestCheck>
  |             <groupSet>
  |                 <item>
  |                     <groupId>sg-0d4ecf989cb68563d</groupId>
  |                     <groupName>default</groupName>
  |                 </item>
  |             </groupSet>
  |             <stateReason>
  |                 <code>pending</code>
  |                 <message>pending</message>
  |             </stateReason>
  |             <architecture>x86_64</architecture>
  |             <rootDeviceType>ebs</rootDeviceType>
  |             <rootDeviceName>/dev/xvda</rootDeviceName>
  |             <blockDeviceMapping/>
  |             <virtualizationType>hvm</virtualizationType>
  |             <clientToken>terraform-jdbGfTvfKkLT17SOqZh82uiHS9</clientToken>
  |             <tagSet>
  |                 <item>
  |                     <key>Name</key>
  |                     <value>Worker_Node_1</value>
  |                 </item>
  |             </tagSet>
  |             <hypervisor>xen</hypervisor>
  |             <networkInterfaceSet>
  |                 <item>
  |                     <networkInterfaceId>eni-09c6d9441f946b701</networkInterfaceId>
  |                     <subnetId>subnet-0fe2133ba8cb0de6b</subnetId>
  |                     <vpcId>vpc-0cd3652e4e8e18a78</vpcId>
  |                     <description></description>
  |                     <ownerId>020651500156</ownerId>
  |                     <status>in-use</status>
  |                     <macAddress>0e:ff:f9:3a:b3:9f</macAddress>
  |                     <privateIpAddress>172.31.43.195</privateIpAddress>
  |                     <privateDnsName>ip-172-31-43-195.ec2.internal</privateDnsName>
  |                     <sourceDestCheck>true</sourceDestCheck>
  |                     <groupSet>
  |                         <item>
  |                             <groupId>sg-0d4ecf989cb68563d</groupId>
  |                             <groupName>default</groupName>
  |                         </item>
  |                     </groupSet>
  |                     <attachment>
  |                         <attachmentId>eni-attach-08465dde0850becdc</attachmentId>
  |                         <deviceIndex>0</deviceIndex>
  |                         <status>attaching</status>
  |                         <attachTime>2026-09-21T01:42:05.000Z</attachTime>
  |                         <deleteOnTermination>true</deleteOnTermination>
  |                         <networkCardIndex>0</networkCardIndex>
  |                     </attachment>
  |                     <privateIpAddressesSet>
  |                         <item>
  |                             <privateIpAddress>172.31.43.195</privateIpAddress>
  |                             <privateDnsName>ip-172-31-43-195.ec2.internal</privateDnsName>
  |                             <primary>true</primary>
  | [truncated...]
   http.response.header.content_type=text/xml;charset=UTF-8 timestamp=2026-09-21T01:42:05.647Z
2026-09-21T01:42:15.769Z [DEBUG] provider.terraform-provider-aws_v6.65.0_x5: HTTP Request Sent: tf_rpc=ApplyResourceChange http.method=POST
  http.request.body=
  | Action=DescribeInstances&InstanceId.1=i-0375066a2908bdbaa&Version=2016-11-15
   http.request.header.amz_sdk_invocation_id=1769c277-ce69-46da-aeb2-67e83629ec85 http.request.header.x_amz_date=20260921T014216Z rpc.system.name=aws-api tf_req_id=611f9f29-cb15-b023-6d75-e8c6615f20cf @caller=github.com/hashicorp/aws-sdk-go-base/v2@v2.0.0-beta.73/logging/tf_logger.go:45 http.request.header.content_type=application/x-www-form-urlencoded net.peer.name=ec2.us-east-1.amazonaws.com tf_aws.signing_region="" aws.region=us-east-1 http.request.header.amz_sdk_request="attempt=1; max=25; ttl=20260921T015206Z" http.request.header.authorization="AWS4-HMAC-SHA256 Credential=AKIA************HAG5/20260921/us-east-1/ec2/aws4_request, SignedHeaders=amz-sdk-invocation-id;amz-sdk-request;content-length;content-type;host;x-amz-date, Signature=*****" http.user_agent="APN/1.0 HashiCorp/1.0 Terraform/1.16.3 (+https://www.terraform.io) terraform-provider-aws/6.65.0 (+https://registry.terraform.io/providers/hashicorp/aws) aws-sdk-go-v2/1.47.0 ua/2.1 os/linux lang/go#1.26.6 md/GOOS#linux md/GOARCH#amd64 api/ec2#1.332.0 m/C,n" rpc.method=EC2/DescribeInstances tf_aws.sdk=aws-sdk-go-v2 tf_provider_addr=registry.terraform.io/hashicorp/aws @module=aws http.request_content_length=76 http.url=https://ec2.us-east-1.amazonaws.com/ tf_mux_provider="*schema.GRPCProviderServer" tf_resource_type=aws_instance timestamp=2026-09-21T01:42:15.768Z
2026-09-21T01:42:15.771Z [DEBUG] provider.terraform-provider-aws_v6.65.0_x5: HTTP Request Sent: tf_resource_type=aws_instance http.request.header.amz_sdk_request="attempt=1; max=25; ttl=20260921T015206Z" tf_provider_addr=registry.terraform.io/hashicorp/aws tf_req_id=137eee9d-6d4d-d2ec-49f3-27b2e5990e91 tf_rpc=ApplyResourceChange @caller=github.com/hashicorp/aws-sdk-go-base/v2@v2.0.0-beta.73/logging/tf_logger.go:45 http.method=POST http.request.header.authorization="AWS4-HMAC-SHA256 Credential=AKIA************HAG5/20260921/us-east-1/ec2/aws4_request, SignedHeaders=amz-sdk-invocation-id;amz-sdk-request;content-length;content-type;host;x-amz-date, Signature=*****" http.request.header.x_amz_date=20260921T014216Z http.user_agent="APN/1.0 HashiCorp/1.0 Terraform/1.16.3 (+https://www.terraform.io) terraform-provider-aws/6.65.0 (+https://registry.terraform.io/providers/hashicorp/aws) aws-sdk-go-v2/1.47.0 ua/2.1 os/linux lang/go#1.26.6 md/GOOS#linux md/GOARCH#amd64 api/ec2#1.332.0 m/C,n" net.peer.name=ec2.us-east-1.amazonaws.com rpc.method=EC2/DescribeInstances @module=aws aws.region=us-east-1
  http.request.body=
  | Action=DescribeInstances&InstanceId.1=i-0e8c6fb6bc29c8abf&Version=2016-11-15
   http.request.header.amz_sdk_invocation_id=79b41771-e0b2-41b1-aab7-64c71fa0e2eb http.request_content_length=76 http.url=https://ec2.us-east-1.amazonaws.com/ rpc.system.name=aws-api tf_aws.sdk=aws-sdk-go-v2 http.request.header.content_type=application/x-www-form-urlencoded tf_aws.signing_region="" tf_mux_provider="*schema.GRPCProviderServer" timestamp=2026-09-21T01:42:15.769Z
2026-09-21T01:42:15.772Z [DEBUG] provider.terraform-provider-aws_v6.65.0_x5: HTTP Request Sent: tf_mux_provider="*schema.GRPCProviderServer" rpc.method=EC2/DescribeInstances rpc.system.name=aws-api tf_resource_type=aws_instance tf_rpc=ApplyResourceChange @module=aws http.method=POST
  http.request.body=
  | Action=DescribeInstances&InstanceId.1=i-0183c7ae07ebb5fbd&Version=2016-11-15
   http.request.header.amz_sdk_invocation_id=94f831ff-2886-4e52-b592-896c4787f046 http.request.header.content_type=application/x-www-form-urlencoded http.request.header.x_amz_date=20260921T014216Z tf_aws.sdk=aws-sdk-go-v2 tf_req_id=f3f6935d-eb7d-14c1-8edb-38a5b5405313 @caller=github.com/hashicorp/aws-sdk-go-base/v2@v2.0.0-beta.73/logging/tf_logger.go:45 http.request.header.authorization="AWS4-HMAC-SHA256 Credential=AKIA************HAG5/20260921/us-east-1/ec2/aws4_request, SignedHeaders=amz-sdk-invocation-id;amz-sdk-request;content-length;content-type;host;x-amz-date, Signature=*****" http.request_content_length=76 http.url=https://ec2.us-east-1.amazonaws.com/ tf_provider_addr=registry.terraform.io/hashicorp/aws aws.region=us-east-1 http.request.header.amz_sdk_request="attempt=1; max=25; ttl=20260921T015206Z" http.user_agent="APN/1.0 HashiCorp/1.0 Terraform/1.16.3 (+https://www.terraform.io) terraform-provider-aws/6.65.0 (+https://registry.terraform.io/providers/hashicorp/aws) aws-sdk-go-v2/1.47.0 ua/2.1 os/linux lang/go#1.26.6 md/GOOS#linux md/GOARCH#amd64 api/ec2#1.332.0 m/C,n" net.peer.name=ec2.us-east-1.amazonaws.com tf_aws.signing_region="" timestamp=2026-09-21T01:42:15.769Z
2026-09-21T01:42:16.137Z [DEBUG] provider.terraform-provider-aws_v6.65.0_x5: HTTP Response Received: @caller=github.com/hashicorp/aws-sdk-go-base/v2@v2.0.0-beta.73/logging/tf_logger.go:45 @module=aws aws.region=us-east-1 http.status_code=200
  http.response.body=
  | <?xml version="1.0" encoding="UTF-8"?>
  | <DescribeInstancesResponse xmlns="http://ec2.amazonaws.com/doc/2016-11-15/">
  |     <requestId>2607d3fe-0ce4-4bf5-8878-1dee3a112d1f</requestId>
  |     <reservationSet>
  |         <item>
  |             <reservationId>r-01a1aa503c7edd071</reservationId>
  |             <ownerId>020651500156</ownerId>
  |             <groupSet/>
  |             <instancesSet>
  |                 <item>
  |                     <instanceId>i-0375066a2908bdbaa</instanceId>
  |                     <imageId>ami-0354c98ae10b02961</imageId>
  |                     <instanceState>
  |                         <code>16</code>
  |                         <name>running</name>
  |                     </instanceState>
  |                     <privateDnsName>ip-172-31-43-195.ec2.internal</privateDnsName>
  |                     <publicIpDnsNameOptions>
  |                         <dnsHostnameType>public-ipv4-dns-name</dnsHostnameType>
  |                         <publicIpv4DnsName>ec2-54-147-233-91.compute-1.amazonaws.com</publicIpv4DnsName>
  |                     </publicIpDnsNameOptions>
  |                     <dnsName>ec2-54-147-233-91.compute-1.amazonaws.com</dnsName>
  |                     <reason/>
  |                     <amiLaunchIndex>0</amiLaunchIndex>
  |                     <productCodes/>
  |                     <operator>
  |                         <managed>false</managed>
  |                         <hiddenByDefault>false</hiddenByDefault>
  |                     </operator>
  |                     <instanceType>t2.small</instanceType>
  |                     <launchTime>2026-09-21T01:42:05.000Z</launchTime>
  |                     <placement>
  |                         <availabilityZone>us-east-1d</availabilityZone>
  |                         <availabilityZoneId>use1-az6</availabilityZoneId>
  |                         <groupName/>
  |                         <tenancy>default</tenancy>
  |                     </placement>
  |                     <monitoring>
  |                         <state>disabled</state>
  |                     </monitoring>
  |                     <subnetId>subnet-0fe2133ba8cb0de6b</subnetId>
  |                     <vpcId>vpc-0cd3652e4e8e18a78</vpcId>
  |                     <privateIpAddress>172.31.43.195</privateIpAddress>
  |                     <ipAddress>54.147.233.91</ipAddress>
  |                     <sourceDestCheck>true</sourceDestCheck>
  |                     <groupSet>
  |                         <item>
  |                             <groupId>sg-0d4ecf989cb68563d</groupId>
  |                             <groupName>default</groupName>
  |                         </item>
  |                     </groupSet>
  |                     <architecture>x86_64</architecture>
  |                     <rootDeviceType>ebs</rootDeviceType>
  |                     <rootDeviceName>/dev/xvda</rootDeviceName>
  |                     <blockDeviceMapping>
  |                         <item>
  |                             <deviceName>/dev/xvda</deviceName>
  |                             <ebs>
  |                                 <volumeId>vol-0682103a1626de428</volumeId>
  |                                 <status>attached</status>
  |                                 <attachTime>2026-09-21T01:42:06.000Z</attachTime>
  |                                 <deleteOnTermination>true</deleteOnTermination>
  |                                 <ebsCardIndex>0</ebsCardIndex>
  |                             </ebs>
  |                         </item>
  |                     </blockDeviceMapping>
  |                     <virtualizationType>hvm</virtualizationType>
  |                     <clientToken>terraform-jdbGfTvfKkLT17SOqZh82uiHS9</clientToken>
  |                     <tagSet>
  |                         <item>
  |                             <key>Name</key>
  |                             <value>Worker_Node_1</value>
  |                         </item>
  |                     </tagSet>
  |                     <hypervisor>xen</hypervisor>
  |                     <networkInterfaceSet>
  |                         <item>
  |                             <networkInterfaceId>eni-09c6d9441f946b701</networkInterfaceId>
  |                             <subnetId>subnet-0fe2133ba8cb0de6b</subnetId>
  |                             <vpcId>vpc-0cd3652e4e8e18a78</vpcId>
  |                             <description/>
  | [truncated...]
   http.response.header.content_type=text/xml;charset=UTF-8 http.response.header.date="Mon, 21 Sep 2026 01:42:16 GMT" http.response.header.x_amzn_requestid=2607d3fe-0ce4-4bf5-8878-1dee3a112d1f rpc.system.name=aws-api tf_req_id=611f9f29-cb15-b023-6d75-e8c6615f20cf http.response.header.strict_transport_security="max-age=31536000; includeSubDomains" http.response.header.vary=accept-encoding http.duration=364 http.response.header.server=AmazonEC2 rpc.method=EC2/DescribeInstances tf_provider_addr=registry.terraform.io/hashicorp/aws tf_rpc=ApplyResourceChange http.response.header.cache_control="no-cache, no-store" tf_aws.sdk=aws-sdk-go-v2 tf_aws.signing_region="" tf_mux_provider="*schema.GRPCProviderServer" tf_resource_type=aws_instance timestamp=2026-09-21T01:42:16.135Z
2026-09-21T01:42:16.140Z [DEBUG] provider.terraform-provider-aws_v6.65.0_x5: HTTP Response Received: @caller=github.com/hashicorp/aws-sdk-go-base/v2@v2.0.0-beta.73/logging/tf_logger.go:45 http.response.header.x_amzn_requestid=eb4aeef2-cb0c-4f85-970a-dcca9d3552cd tf_aws.sdk=aws-sdk-go-v2 tf_provider_addr=registry.terraform.io/hashicorp/aws tf_req_id=137eee9d-6d4d-d2ec-49f3-27b2e5990e91 aws.region=us-east-1 http.response.header.cache_control="no-cache, no-store" http.response.header.content_type=text/xml;charset=UTF-8 http.response.header.strict_transport_security="max-age=31536000; includeSubDomains" tf_aws.signing_region="" tf_mux_provider="*schema.GRPCProviderServer" @module=aws http.duration=364 http.response.header.server=AmazonEC2 rpc.method=EC2/DescribeInstances rpc.system.name=aws-api
  http.response.body=
  | <?xml version="1.0" encoding="UTF-8"?>
  | <DescribeInstancesResponse xmlns="http://ec2.amazonaws.com/doc/2016-11-15/">
  |     <requestId>eb4aeef2-cb0c-4f85-970a-dcca9d3552cd</requestId>
  |     <reservationSet>
  |         <item>
  |             <reservationId>r-0fcb516657a4a2cae</reservationId>
  |             <ownerId>020651500156</ownerId>
  |             <groupSet/>
  |             <instancesSet>
  |                 <item>
  |                     <instanceId>i-0e8c6fb6bc29c8abf</instanceId>
  |                     <imageId>ami-0354c98ae10b02961</imageId>
  |                     <instanceState>
  |                         <code>16</code>
  |                         <name>running</name>
  |                     </instanceState>
  |                     <privateDnsName>ip-172-31-46-127.ec2.internal</privateDnsName>
  |                     <publicIpDnsNameOptions>
  |                         <dnsHostnameType>public-ipv4-dns-name</dnsHostnameType>
  |                         <publicIpv4DnsName>ec2-52-90-225-206.compute-1.amazonaws.com</publicIpv4DnsName>
  |                     </publicIpDnsNameOptions>
  |                     <dnsName>ec2-52-90-225-206.compute-1.amazonaws.com</dnsName>
  |                     <reason/>
  |                     <amiLaunchIndex>0</amiLaunchIndex>
  |                     <productCodes/>
  |                     <operator>
  |                         <managed>false</managed>
  |                         <hiddenByDefault>false</hiddenByDefault>
  |                     </operator>
  |                     <instanceType>t2.small</instanceType>
  |                     <launchTime>2026-09-21T01:42:05.000Z</launchTime>
  |                     <placement>
  |                         <availabilityZone>us-east-1d</availabilityZone>
  |                         <availabilityZoneId>use1-az6</availabilityZoneId>
  |                         <groupName/>
  |                         <tenancy>default</tenancy>
  |                     </placement>
  |                     <monitoring>
  |                         <state>disabled</state>
  |                     </monitoring>
  |                     <subnetId>subnet-0fe2133ba8cb0de6b</subnetId>
  |                     <vpcId>vpc-0cd3652e4e8e18a78</vpcId>
  |                     <privateIpAddress>172.31.46.127</privateIpAddress>
  |                     <ipAddress>52.90.225.206</ipAddress>
  |                     <sourceDestCheck>true</sourceDestCheck>
  |                     <groupSet>
  |                         <item>
  |                             <groupId>sg-0d4ecf989cb68563d</groupId>
  |                             <groupName>default</groupName>
  |                         </item>
  |                     </groupSet>
  |                     <architecture>x86_64</architecture>
  |                     <rootDeviceType>ebs</rootDeviceType>
  |                     <rootDeviceName>/dev/xvda</rootDeviceName>
  |                     <blockDeviceMapping>
  |                         <item>
  |                             <deviceName>/dev/xvda</deviceName>
  |                             <ebs>
  |                                 <volumeId>vol-048d29dd3f365fea0</volumeId>
  |                                 <status>attached</status>
  |                                 <attachTime>2026-09-21T01:42:06.000Z</attachTime>
  |                                 <deleteOnTermination>true</deleteOnTermination>
  |                                 <ebsCardIndex>0</ebsCardIndex>
  |                             </ebs>
  |                         </item>
  |                     </blockDeviceMapping>
  |                     <virtualizationType>hvm</virtualizationType>
  |                     <clientToken>terraform-kydvLdroQ3xvQIfkGNp0kzuyxA</clientToken>
  |                     <tagSet>
  |                         <item>
  |                             <key>Name</key>
  |                             <value>Worker_Node_2</value>
  |                         </item>
  |                     </tagSet>
  |                     <hypervisor>xen</hypervisor>
  |                     <networkInterfaceSet>
  |                         <item>
  |                             <networkInterfaceId>eni-0d2054f3cc0061f5c</networkInterfaceId>
  |                             <subnetId>subnet-0fe2133ba8cb0de6b</subnetId>
  |                             <vpcId>vpc-0cd3652e4e8e18a78</vpcId>
  |                             <description/>
  | [truncated...]
   http.response.header.date="Mon, 21 Sep 2026 01:42:16 GMT" http.response.header.vary=accept-encoding http.status_code=200 tf_resource_type=aws_instance tf_rpc=ApplyResourceChange timestamp=2026-09-21T01:42:16.135Z
2026-09-21T01:42:16.143Z [DEBUG] provider.terraform-provider-aws_v6.65.0_x5: HTTP Response Received: tf_req_id=f3f6935d-eb7d-14c1-8edb-38a5b5405313 tf_resource_type=aws_instance @caller=github.com/hashicorp/aws-sdk-go-base/v2@v2.0.0-beta.73/logging/tf_logger.go:45 @module=aws
  http.response.body=
  | <?xml version="1.0" encoding="UTF-8"?>
  | <DescribeInstancesResponse xmlns="http://ec2.amazonaws.com/doc/2016-11-15/">
  |     <requestId>777b2f52-27a6-44d7-beff-33f762653273</requestId>
  |     <reservationSet>
  |         <item>
  |             <reservationId>r-06c016c994fd06c16</reservationId>
  |             <ownerId>020651500156</ownerId>
  |             <groupSet/>
  |             <instancesSet>
  |                 <item>
  |                     <instanceId>i-0183c7ae07ebb5fbd</instanceId>
  |                     <imageId>ami-0354c98ae10b02961</imageId>
  |                     <instanceState>
  |                         <code>16</code>
  |                         <name>running</name>
  |                     </instanceState>
  |                     <privateDnsName>ip-172-31-44-251.ec2.internal</privateDnsName>
  |                     <publicIpDnsNameOptions>
  |                         <dnsHostnameType>public-ipv4-dns-name</dnsHostnameType>
  |                         <publicIpv4DnsName>ec2-3-94-122-141.compute-1.amazonaws.com</publicIpv4DnsName>
  |                     </publicIpDnsNameOptions>
  |                     <dnsName>ec2-3-94-122-141.compute-1.amazonaws.com</dnsName>
  |                     <reason/>
  |                     <amiLaunchIndex>0</amiLaunchIndex>
  |                     <productCodes/>
  |                     <operator>
  |                         <managed>false</managed>
  |                         <hiddenByDefault>false</hiddenByDefault>
  |                     </operator>
  |                     <instanceType>t2.small</instanceType>
  |                     <launchTime>2026-09-21T01:42:05.000Z</launchTime>
  |                     <placement>
  |                         <availabilityZone>us-east-1d</availabilityZone>
  |                         <availabilityZoneId>use1-az6</availabilityZoneId>
  |                         <groupName/>
  |                         <tenancy>default</tenancy>
  |                     </placement>
  |                     <monitoring>
  |                         <state>disabled</state>
  |                     </monitoring>
  |                     <subnetId>subnet-0fe2133ba8cb0de6b</subnetId>
  |                     <vpcId>vpc-0cd3652e4e8e18a78</vpcId>
  |                     <privateIpAddress>172.31.44.251</privateIpAddress>
  |                     <ipAddress>3.94.122.141</ipAddress>
  |                     <sourceDestCheck>true</sourceDestCheck>
  |                     <groupSet>
  |                         <item>
  |                             <groupId>sg-0d4ecf989cb68563d</groupId>
  |                             <groupName>default</groupName>
  |                         </item>
  |                     </groupSet>
  |                     <architecture>x86_64</architecture>
  |                     <rootDeviceType>ebs</rootDeviceType>
  |                     <rootDeviceName>/dev/xvda</rootDeviceName>
  |                     <blockDeviceMapping>
  |                         <item>
  |                             <deviceName>/dev/xvda</deviceName>
  |                             <ebs>
  |                                 <volumeId>vol-0bd946803324d5486</volumeId>
  |                                 <status>attached</status>
  |                                 <attachTime>2026-09-21T01:42:06.000Z</attachTime>
  |                                 <deleteOnTermination>true</deleteOnTermination>
  |                                 <ebsCardIndex>0</ebsCardIndex>
  |                             </ebs>
  |                         </item>
  |                     </blockDeviceMapping>
  |                     <virtualizationType>hvm</virtualizationType>
  |                     <clientToken>terraform-IJVRgnVuhY9SVT61RlerBNeh0N</clientToken>
  |                     <tagSet>
  |                         <item>
  |                             <key>Name</key>
  |                             <value>Worker_Node_0</value>
  |                         </item>
  |                     </tagSet>
  |                     <hypervisor>xen</hypervisor>
  |                     <networkInterfaceSet>
  |                         <item>
  |                             <networkInterfaceId>eni-0ab1e42bb22c5ab85</networkInterfaceId>
  |                             <subnetId>subnet-0fe2133ba8cb0de6b</subnetId>
  |                             <vpcId>vpc-0cd3652e4e8e18a78</vpcId>
  |                             <description/>
  | [truncated...]
   http.response.header.date="Mon, 21 Sep 2026 01:42:16 GMT" http.status_code=200 rpc.method=EC2/DescribeInstances http.duration=367 http.response.header.vary=accept-encoding tf_aws.sdk=aws-sdk-go-v2 tf_rpc=ApplyResourceChange http.response.header.content_type=text/xml;charset=UTF-8 http.response.header.strict_transport_security="max-age=31536000; includeSubDomains" rpc.system.name=aws-api tf_aws.signing_region="" tf_mux_provider="*schema.GRPCProviderServer" aws.region=us-east-1 http.response.header.cache_control="no-cache, no-store" http.response.header.server=AmazonEC2 http.response.header.x_amzn_requestid=777b2f52-27a6-44d7-beff-33f762653273 tf_provider_addr=registry.terraform.io/hashicorp/aws timestamp=2026-09-21T01:42:16.139Z
2026-09-21T01:42:16.224Z [DEBUG] provider.terraform-provider-aws_v6.65.0_x5: HTTP Request Sent: tf_req_id=611f9f29-cb15-b023-6d75-e8c6615f20cf tf_rpc=ApplyResourceChange @caller=github.com/hashicorp/aws-sdk-go-base/v2@v2.0.0-beta.73/logging/tf_logger.go:45 @module=aws http.request.header.authorization="AWS4-HMAC-SHA256 Credential=AKIA************HAG5/20260921/us-east-1/ec2/aws4_request, SignedHeaders=amz-sdk-invocation-id;amz-sdk-request;content-length;content-type;host;x-amz-date, Signature=*****" http.user_agent="APN/1.0 HashiCorp/1.0 Terraform/1.16.3 (+https://www.terraform.io) terraform-provider-aws/6.65.0 (+https://registry.terraform.io/providers/hashicorp/aws) aws-sdk-go-v2/1.47.0 ua/2.1 os/linux lang/go#1.26.6 md/GOOS#linux md/GOARCH#amd64 api/ec2#1.332.0 m/C,n" net.peer.name=ec2.us-east-1.amazonaws.com tf_aws.sdk=aws-sdk-go-v2 tf_aws.signing_region="" tf_resource_type=aws_instance
  http.request.body=
  | Action=DescribeInstances&InstanceId.1=i-0375066a2908bdbaa&Version=2016-11-15
   http.request.header.amz_sdk_invocation_id=1fca0a3b-474d-465a-b94c-22f7f9c77ac0 http.request_content_length=76 http.url=https://ec2.us-east-1.amazonaws.com/ rpc.system.name=aws-api http.request.header.x_amz_date=20260921T014216Z aws.region=us-east-1 http.method=POST http.request.header.amz_sdk_request="attempt=1; max=25" http.request.header.content_type=application/x-www-form-urlencoded tf_mux_provider="*schema.GRPCProviderServer" rpc.method=EC2/DescribeInstances tf_provider_addr=registry.terraform.io/hashicorp/aws timestamp=2026-09-21T01:42:16.223Z
2026-09-21T01:42:16.226Z [DEBUG] provider.terraform-provider-aws_v6.65.0_x5: HTTP Request Sent: http.request.header.authorization="AWS4-HMAC-SHA256 Credential=AKIA************HAG5/20260921/us-east-1/ec2/aws4_request, SignedHeaders=amz-sdk-invocation-id;amz-sdk-request;content-length;content-type;host;x-amz-date, Signature=*****" http.request.header.content_type=application/x-www-form-urlencoded rpc.system.name=aws-api @caller=github.com/hashicorp/aws-sdk-go-base/v2@v2.0.0-beta.73/logging/tf_logger.go:45 aws.region=us-east-1 tf_aws.sdk=aws-sdk-go-v2 tf_provider_addr=registry.terraform.io/hashicorp/aws tf_rpc=ApplyResourceChange @module=aws http.method=POST http.request.header.amz_sdk_invocation_id=d79b6c93-4238-4438-9c5b-4c68d10cdf77 http.request.header.amz_sdk_request="attempt=1; max=25" http.url=https://ec2.us-east-1.amazonaws.com/ http.user_agent="APN/1.0 HashiCorp/1.0 Terraform/1.16.3 (+https://www.terraform.io) terraform-provider-aws/6.65.0 (+https://registry.terraform.io/providers/hashicorp/aws) aws-sdk-go-v2/1.47.0 ua/2.1 os/linux lang/go#1.26.6 md/GOOS#linux md/GOARCH#amd64 api/ec2#1.332.0 m/C,n" net.peer.name=ec2.us-east-1.amazonaws.com tf_resource_type=aws_instance rpc.method=EC2/DescribeInstances tf_aws.signing_region="" tf_mux_provider="*schema.GRPCProviderServer" tf_req_id=137eee9d-6d4d-d2ec-49f3-27b2e5990e91 http.request.header.x_amz_date=20260921T014216Z http.request_content_length=76
  http.request.body=
  | Action=DescribeInstances&InstanceId.1=i-0e8c6fb6bc29c8abf&Version=2016-11-15
   timestamp=2026-09-21T01:42:16.224Z
2026-09-21T01:42:16.227Z [DEBUG] provider.terraform-provider-aws_v6.65.0_x5: HTTP Request Sent: rpc.method=EC2/DescribeInstances tf_aws.sdk=aws-sdk-go-v2 @caller=github.com/hashicorp/aws-sdk-go-base/v2@v2.0.0-beta.73/logging/tf_logger.go:45 @module=aws http.request.header.authorization="AWS4-HMAC-SHA256 Credential=AKIA************HAG5/20260921/us-east-1/ec2/aws4_request, SignedHeaders=amz-sdk-invocation-id;amz-sdk-request;content-length;content-type;host;x-amz-date, Signature=*****" net.peer.name=ec2.us-east-1.amazonaws.com tf_aws.signing_region="" tf_mux_provider="*schema.GRPCProviderServer" tf_resource_type=aws_instance http.request.header.amz_sdk_request="attempt=1; max=25" http.request.header.content_type=application/x-www-form-urlencoded tf_rpc=ApplyResourceChange http.method=POST http.request.header.x_amz_date=20260921T014216Z http.request_content_length=76 rpc.system.name=aws-api tf_provider_addr=registry.terraform.io/hashicorp/aws tf_req_id=f3f6935d-eb7d-14c1-8edb-38a5b5405313 aws.region=us-east-1
  http.request.body=
  | Action=DescribeInstances&InstanceId.1=i-0183c7ae07ebb5fbd&Version=2016-11-15
   http.request.header.amz_sdk_invocation_id=6da871f6-5a6f-4619-8063-320f2a5b6924 http.url=https://ec2.us-east-1.amazonaws.com/ http.user_agent="APN/1.0 HashiCorp/1.0 Terraform/1.16.3 (+https://www.terraform.io) terraform-provider-aws/6.65.0 (+https://registry.terraform.io/providers/hashicorp/aws) aws-sdk-go-v2/1.47.0 ua/2.1 os/linux lang/go#1.26.6 md/GOOS#linux md/GOARCH#amd64 api/ec2#1.332.0 m/C,n" timestamp=2026-09-21T01:42:16.225Z
2026-09-21T01:42:16.544Z [DEBUG] provider.terraform-provider-aws_v6.65.0_x5: HTTP Response Received: tf_req_id=f3f6935d-eb7d-14c1-8edb-38a5b5405313 http.response.header.cache_control="no-cache, no-store" tf_provider_addr=registry.terraform.io/hashicorp/aws tf_rpc=ApplyResourceChange http.response.header.server=AmazonEC2 http.response.header.vary=accept-encoding tf_resource_type=aws_instance @caller=github.com/hashicorp/aws-sdk-go-base/v2@v2.0.0-beta.73/logging/tf_logger.go:45 @module=aws aws.region=us-east-1 http.duration=316 http.response.header.strict_transport_security="max-age=31536000; includeSubDomains" http.response.header.x_amzn_requestid=65a60a1a-2b06-46bd-989a-f677880da72a http.status_code=200 tf_mux_provider="*schema.GRPCProviderServer"
  http.response.body=
  | <?xml version="1.0" encoding="UTF-8"?>
  | <DescribeInstancesResponse xmlns="http://ec2.amazonaws.com/doc/2016-11-15/">
  |     <requestId>65a60a1a-2b06-46bd-989a-f677880da72a</requestId>
  |     <reservationSet>
  |         <item>
  |             <reservationId>r-06c016c994fd06c16</reservationId>
  |             <ownerId>020651500156</ownerId>
  |             <groupSet/>
  |             <instancesSet>
  |                 <item>
  |                     <instanceId>i-0183c7ae07ebb5fbd</instanceId>
  |                     <imageId>ami-0354c98ae10b02961</imageId>
  |                     <instanceState>
  |                         <code>16</code>
  |                         <name>running</name>
  |                     </instanceState>
  |                     <privateDnsName>ip-172-31-44-251.ec2.internal</privateDnsName>
  |                     <publicIpDnsNameOptions>
  |                         <dnsHostnameType>public-ipv4-dns-name</dnsHostnameType>
  |                         <publicIpv4DnsName>ec2-3-94-122-141.compute-1.amazonaws.com</publicIpv4DnsName>
  |                     </publicIpDnsNameOptions>
  |                     <dnsName>ec2-3-94-122-141.compute-1.amazonaws.com</dnsName>
  |                     <reason/>
  |                     <amiLaunchIndex>0</amiLaunchIndex>
  |                     <productCodes/>
  |                     <operator>
  |                         <managed>false</managed>
  |                         <hiddenByDefault>false</hiddenByDefault>
  |                     </operator>
  |                     <instanceType>t2.small</instanceType>
  |                     <launchTime>2026-09-21T01:42:05.000Z</launchTime>
  |                     <placement>
  |                         <availabilityZone>us-east-1d</availabilityZone>
  |                         <availabilityZoneId>use1-az6</availabilityZoneId>
  |                         <groupName/>
  |                         <tenancy>default</tenancy>
  |                     </placement>
  |                     <monitoring>
  |                         <state>disabled</state>
  |                     </monitoring>
  |                     <subnetId>subnet-0fe2133ba8cb0de6b</subnetId>
  |                     <vpcId>vpc-0cd3652e4e8e18a78</vpcId>
  |                     <privateIpAddress>172.31.44.251</privateIpAddress>
  |                     <ipAddress>3.94.122.141</ipAddress>
  |                     <sourceDestCheck>true</sourceDestCheck>
  |                     <groupSet>
  |                         <item>
  |                             <groupId>sg-0d4ecf989cb68563d</groupId>
  |                             <groupName>default</groupName>
  |                         </item>
  |                     </groupSet>
  |                     <architecture>x86_64</architecture>
  |                     <rootDeviceType>ebs</rootDeviceType>
  |                     <rootDeviceName>/dev/xvda</rootDeviceName>
  |                     <blockDeviceMapping>
  |                         <item>
  |                             <deviceName>/dev/xvda</deviceName>
  |                             <ebs>
  |                                 <volumeId>vol-0bd946803324d5486</volumeId>
  |                                 <status>attached</status>
  |                                 <attachTime>2026-09-21T01:42:06.000Z</attachTime>
  |                                 <deleteOnTermination>true</deleteOnTermination>
  |                                 <ebsCardIndex>0</ebsCardIndex>
  |                             </ebs>
  |                         </item>
  |                     </blockDeviceMapping>
  |                     <virtualizationType>hvm</virtualizationType>
  |                     <clientToken>terraform-IJVRgnVuhY9SVT61RlerBNeh0N</clientToken>
  |                     <tagSet>
  |                         <item>
  |                             <key>Name</key>
  |                             <value>Worker_Node_0</value>
  |                         </item>
  |                     </tagSet>
  |                     <hypervisor>xen</hypervisor>
  |                     <networkInterfaceSet>
  |                         <item>
  |                             <networkInterfaceId>eni-0ab1e42bb22c5ab85</networkInterfaceId>
  |                             <subnetId>subnet-0fe2133ba8cb0de6b</subnetId>
  |                             <vpcId>vpc-0cd3652e4e8e18a78</vpcId>
  |                             <description/>
  | [truncated...]
   http.response.header.content_type=text/xml;charset=UTF-8 http.response.header.date="Mon, 21 Sep 2026 01:42:16 GMT" rpc.method=EC2/DescribeInstances rpc.system.name=aws-api tf_aws.sdk=aws-sdk-go-v2 tf_aws.signing_region="" timestamp=2026-09-21T01:42:16.542Z
2026-09-21T01:42:16.550Z [DEBUG] provider.terraform-provider-aws_v6.65.0_x5: HTTP Response Received: http.duration=323 http.response.header.content_type=text/xml;charset=UTF-8 http.response.header.strict_transport_security="max-age=31536000; includeSubDomains" http.response.header.x_amzn_requestid=60c0cdde-4d90-450e-945a-7ec851a3f9b4 http.status_code=200 rpc.system.name=aws-api
  http.response.body=
  | <?xml version="1.0" encoding="UTF-8"?>
  | <DescribeInstancesResponse xmlns="http://ec2.amazonaws.com/doc/2016-11-15/">
  |     <requestId>60c0cdde-4d90-450e-945a-7ec851a3f9b4</requestId>
  |     <reservationSet>
  |         <item>
  |             <reservationId>r-01a1aa503c7edd071</reservationId>
  |             <ownerId>020651500156</ownerId>
  |             <groupSet/>
  |             <instancesSet>
  |                 <item>
  |                     <instanceId>i-0375066a2908bdbaa</instanceId>
  |                     <imageId>ami-0354c98ae10b02961</imageId>
  |                     <instanceState>
  |                         <code>16</code>
  |                         <name>running</name>
  |                     </instanceState>
  |                     <privateDnsName>ip-172-31-43-195.ec2.internal</privateDnsName>
  |                     <publicIpDnsNameOptions>
  |                         <dnsHostnameType>public-ipv4-dns-name</dnsHostnameType>
  |                         <publicIpv4DnsName>ec2-54-147-233-91.compute-1.amazonaws.com</publicIpv4DnsName>
  |                     </publicIpDnsNameOptions>
  |                     <dnsName>ec2-54-147-233-91.compute-1.amazonaws.com</dnsName>
  |                     <reason/>
  |                     <amiLaunchIndex>0</amiLaunchIndex>
  |                     <productCodes/>
  |                     <operator>
  |                         <managed>false</managed>
  |                         <hiddenByDefault>false</hiddenByDefault>
  |                     </operator>
  |                     <instanceType>t2.small</instanceType>
  |                     <launchTime>2026-09-21T01:42:05.000Z</launchTime>
  |                     <placement>
  |                         <availabilityZone>us-east-1d</availabilityZone>
  |                         <availabilityZoneId>use1-az6</availabilityZoneId>
  |                         <groupName/>
  |                         <tenancy>default</tenancy>
  |                     </placement>
  |                     <monitoring>
  |                         <state>disabled</state>
  |                     </monitoring>
  |                     <subnetId>subnet-0fe2133ba8cb0de6b</subnetId>
  |                     <vpcId>vpc-0cd3652e4e8e18a78</vpcId>
  |                     <privateIpAddress>172.31.43.195</privateIpAddress>
  |                     <ipAddress>54.147.233.91</ipAddress>
  |                     <sourceDestCheck>true</sourceDestCheck>
  |                     <groupSet>
  |                         <item>
  |                             <groupId>sg-0d4ecf989cb68563d</groupId>
  |                             <groupName>default</groupName>
  |                         </item>
  |                     </groupSet>
  |                     <architecture>x86_64</architecture>
  |                     <rootDeviceType>ebs</rootDeviceType>
  |                     <rootDeviceName>/dev/xvda</rootDeviceName>
  |                     <blockDeviceMapping>
  |                         <item>
  |                             <deviceName>/dev/xvda</deviceName>
  |                             <ebs>
  |                                 <volumeId>vol-0682103a1626de428</volumeId>
  |                                 <status>attached</status>
  |                                 <attachTime>2026-09-21T01:42:06.000Z</attachTime>
  |                                 <deleteOnTermination>true</deleteOnTermination>
  |                                 <ebsCardIndex>0</ebsCardIndex>
  |                             </ebs>
  |                         </item>
  |                     </blockDeviceMapping>
  |                     <virtualizationType>hvm</virtualizationType>
  |                     <clientToken>terraform-jdbGfTvfKkLT17SOqZh82uiHS9</clientToken>
  |                     <tagSet>
  |                         <item>
  |                             <key>Name</key>
  |                             <value>Worker_Node_1</value>
  |                         </item>
  |                     </tagSet>
  |                     <hypervisor>xen</hypervisor>
  |                     <networkInterfaceSet>
  |                         <item>
  |                             <networkInterfaceId>eni-09c6d9441f946b701</networkInterfaceId>
  |                             <subnetId>subnet-0fe2133ba8cb0de6b</subnetId>
  |                             <vpcId>vpc-0cd3652e4e8e18a78</vpcId>
  |                             <description/>
  | [truncated...]
   http.response.header.server=AmazonEC2 rpc.method=EC2/DescribeInstances tf_aws.sdk=aws-sdk-go-v2 tf_aws.signing_region="" tf_mux_provider="*schema.GRPCProviderServer" tf_provider_addr=registry.terraform.io/hashicorp/aws http.response.header.vary=accept-encoding http.response.header.cache_control="no-cache, no-store" http.response.header.date="Mon, 21 Sep 2026 01:42:16 GMT" tf_req_id=611f9f29-cb15-b023-6d75-e8c6615f20cf @caller=github.com/hashicorp/aws-sdk-go-base/v2@v2.0.0-beta.73/logging/tf_logger.go:45 @module=aws aws.region=us-east-1 tf_resource_type=aws_instance tf_rpc=ApplyResourceChange timestamp=2026-09-21T01:42:16.548Z
2026-09-21T01:42:16.554Z [DEBUG] provider.terraform-provider-aws_v6.65.0_x5: HTTP Response Received: tf_req_id=137eee9d-6d4d-d2ec-49f3-27b2e5990e91 tf_resource_type=aws_instance http.response.header.strict_transport_security="max-age=31536000; includeSubDomains" @module=aws http.response.header.x_amzn_requestid=2b7b142a-6877-422b-a379-26a6ed72ed47 rpc.system.name=aws-api http.response.header.content_type=text/xml;charset=UTF-8 http.status_code=200 tf_provider_addr=registry.terraform.io/hashicorp/aws tf_rpc=ApplyResourceChange @caller=github.com/hashicorp/aws-sdk-go-base/v2@v2.0.0-beta.73/logging/tf_logger.go:45 http.duration=323
  http.response.body=
  | <?xml version="1.0" encoding="UTF-8"?>
  | <DescribeInstancesResponse xmlns="http://ec2.amazonaws.com/doc/2016-11-15/">
  |     <requestId>2b7b142a-6877-422b-a379-26a6ed72ed47</requestId>
  |     <reservationSet>
  |         <item>
  |             <reservationId>r-0fcb516657a4a2cae</reservationId>
  |             <ownerId>020651500156</ownerId>
  |             <groupSet/>
  |             <instancesSet>
  |                 <item>
  |                     <instanceId>i-0e8c6fb6bc29c8abf</instanceId>
  |                     <imageId>ami-0354c98ae10b02961</imageId>
  |                     <instanceState>
  |                         <code>16</code>
  |                         <name>running</name>
  |                     </instanceState>
  |                     <privateDnsName>ip-172-31-46-127.ec2.internal</privateDnsName>
  |                     <publicIpDnsNameOptions>
  |                         <dnsHostnameType>public-ipv4-dns-name</dnsHostnameType>
  |                         <publicIpv4DnsName>ec2-52-90-225-206.compute-1.amazonaws.com</publicIpv4DnsName>
  |                     </publicIpDnsNameOptions>
  |                     <dnsName>ec2-52-90-225-206.compute-1.amazonaws.com</dnsName>
  |                     <reason/>
  |                     <amiLaunchIndex>0</amiLaunchIndex>
  |                     <productCodes/>
  |                     <operator>
  |                         <managed>false</managed>
  |                         <hiddenByDefault>false</hiddenByDefault>
  |                     </operator>
  |                     <instanceType>t2.small</instanceType>
  |                     <launchTime>2026-09-21T01:42:05.000Z</launchTime>
  |                     <placement>
  |                         <availabilityZone>us-east-1d</availabilityZone>
  |                         <availabilityZoneId>use1-az6</availabilityZoneId>
  |                         <groupName/>
  |                         <tenancy>default</tenancy>
  |                     </placement>
  |                     <monitoring>
  |                         <state>disabled</state>
  |                     </monitoring>
  |                     <subnetId>subnet-0fe2133ba8cb0de6b</subnetId>
  |                     <vpcId>vpc-0cd3652e4e8e18a78</vpcId>
  |                     <privateIpAddress>172.31.46.127</privateIpAddress>
  |                     <ipAddress>52.90.225.206</ipAddress>
  |                     <sourceDestCheck>true</sourceDestCheck>
  |                     <groupSet>
  |                         <item>
  |                             <groupId>sg-0d4ecf989cb68563d</groupId>
  |                             <groupName>default</groupName>
  |                         </item>
  |                     </groupSet>
  |                     <architecture>x86_64</architecture>
  |                     <rootDeviceType>ebs</rootDeviceType>
  |                     <rootDeviceName>/dev/xvda</rootDeviceName>
  |                     <blockDeviceMapping>
  |                         <item>
  |                             <deviceName>/dev/xvda</deviceName>
  |                             <ebs>
  |                                 <volumeId>vol-048d29dd3f365fea0</volumeId>
  |                                 <status>attached</status>
  |                                 <attachTime>2026-09-21T01:42:06.000Z</attachTime>
  |                                 <deleteOnTermination>true</deleteOnTermination>
  |                                 <ebsCardIndex>0</ebsCardIndex>
  |                             </ebs>
  |                         </item>
  |                     </blockDeviceMapping>
  |                     <virtualizationType>hvm</virtualizationType>
  |                     <clientToken>terraform-kydvLdroQ3xvQIfkGNp0kzuyxA</clientToken>
  |                     <tagSet>
  |                         <item>
  |                             <key>Name</key>
  |                             <value>Worker_Node_2</value>
  |                         </item>
  |                     </tagSet>
  |                     <hypervisor>xen</hypervisor>
  |                     <networkInterfaceSet>
  |                         <item>
  |                             <networkInterfaceId>eni-0d2054f3cc0061f5c</networkInterfaceId>
  |                             <subnetId>subnet-0fe2133ba8cb0de6b</subnetId>
  |                             <vpcId>vpc-0cd3652e4e8e18a78</vpcId>
  |                             <description/>
  | [truncated...]
   http.response.header.cache_control="no-cache, no-store" http.response.header.date="Mon, 21 Sep 2026 01:42:16 GMT" http.response.header.server=AmazonEC2 tf_mux_provider="*schema.GRPCProviderServer" aws.region=us-east-1 http.response.header.vary=accept-encoding rpc.method=EC2/DescribeInstances tf_aws.sdk=aws-sdk-go-v2 tf_aws.signing_region="" timestamp=2026-09-21T01:42:16.548Z
2026-09-21T01:42:16.559Z [DEBUG] provider.terraform-provider-aws_v6.65.0_x5: HTTP Request Sent: http.user_agent="APN/1.0 HashiCorp/1.0 Terraform/1.16.3 (+https://www.terraform.io) terraform-provider-aws/6.65.0 (+https://registry.terraform.io/providers/hashicorp/aws) aws-sdk-go-v2/1.47.0 ua/2.1 os/linux lang/go#1.26.6 md/GOOS#linux md/GOARCH#amd64 api/ec2#1.332.0 m/C,n" tf_mux_provider="*schema.GRPCProviderServer" tf_provider_addr=registry.terraform.io/hashicorp/aws tf_resource_type=aws_instance tf_rpc=ApplyResourceChange @module=aws aws.region=us-east-1 http.method=POST
  http.request.body=
  | Action=DescribeInstanceTypes&InstanceType.1=t2.small&Version=2016-11-15
   http.request.header.authorization="AWS4-HMAC-SHA256 Credential=AKIA************HAG5/20260921/us-east-1/ec2/aws4_request, SignedHeaders=amz-sdk-invocation-id;amz-sdk-request;content-length;content-type;host;x-amz-date, Signature=*****" net.peer.name=ec2.us-east-1.amazonaws.com rpc.system.name=aws-api tf_req_id=611f9f29-cb15-b023-6d75-e8c6615f20cf @caller=github.com/hashicorp/aws-sdk-go-base/v2@v2.0.0-beta.73/logging/tf_logger.go:45 http.request.header.amz_sdk_invocation_id=b764471b-6119-4465-a2bf-65dbf26eff30 http.request.header.amz_sdk_request="attempt=1; max=25" http.request.header.content_type=application/x-www-form-urlencoded http.request.header.x_amz_date=20260921T014216Z http.url=https://ec2.us-east-1.amazonaws.com/ rpc.method=EC2/DescribeInstanceTypes http.request_content_length=71 tf_aws.sdk=aws-sdk-go-v2 tf_aws.signing_region="" timestamp=2026-09-21T01:42:16.558Z
2026-09-21T01:42:16.561Z [DEBUG] provider.terraform-provider-aws_v6.65.0_x5: HTTP Request Sent: tf_aws.sdk=aws-sdk-go-v2 tf_mux_provider="*schema.GRPCProviderServer" tf_provider_addr=registry.terraform.io/hashicorp/aws @module=aws http.request.header.amz_sdk_invocation_id=e23715fa-8a5e-49c0-8259-a47cf63716cf http.request.header.amz_sdk_request="attempt=1; max=25" http.request.header.authorization="AWS4-HMAC-SHA256 Credential=AKIA************HAG5/20260921/us-east-1/ec2/aws4_request, SignedHeaders=amz-sdk-invocation-id;amz-sdk-request;content-length;content-type;host;x-amz-date, Signature=*****" http.request_content_length=71 tf_aws.signing_region="" tf_resource_type=aws_instance tf_rpc=ApplyResourceChange aws.region=us-east-1 http.method=POST http.user_agent="APN/1.0 HashiCorp/1.0 Terraform/1.16.3 (+https://www.terraform.io) terraform-provider-aws/6.65.0 (+https://registry.terraform.io/providers/hashicorp/aws) aws-sdk-go-v2/1.47.0 ua/2.1 os/linux lang/go#1.26.6 md/GOOS#linux md/GOARCH#amd64 api/ec2#1.332.0 m/C,n" rpc.system.name=aws-api
  http.request.body=
  | Action=DescribeInstanceTypes&InstanceType.1=t2.small&Version=2016-11-15
   http.request.header.content_type=application/x-www-form-urlencoded http.url=https://ec2.us-east-1.amazonaws.com/ rpc.method=EC2/DescribeInstanceTypes tf_req_id=137eee9d-6d4d-d2ec-49f3-27b2e5990e91 @caller=github.com/hashicorp/aws-sdk-go-base/v2@v2.0.0-beta.73/logging/tf_logger.go:45 http.request.header.x_amz_date=20260921T014216Z net.peer.name=ec2.us-east-1.amazonaws.com timestamp=2026-09-21T01:42:16.558Z
2026-09-21T01:42:16.562Z [DEBUG] provider.terraform-provider-aws_v6.65.0_x5: HTTP Request Sent: http.request.header.content_type=application/x-www-form-urlencoded http.user_agent="APN/1.0 HashiCorp/1.0 Terraform/1.16.3 (+https://www.terraform.io) terraform-provider-aws/6.65.0 (+https://registry.terraform.io/providers/hashicorp/aws) aws-sdk-go-v2/1.47.0 ua/2.1 os/linux lang/go#1.26.6 md/GOOS#linux md/GOARCH#amd64 api/ec2#1.332.0 m/C,n" net.peer.name=ec2.us-east-1.amazonaws.com rpc.method=EC2/DescribeInstanceTypes @caller=github.com/hashicorp/aws-sdk-go-base/v2@v2.0.0-beta.73/logging/tf_logger.go:45
  http.request.body=
  | Action=DescribeInstanceTypes&InstanceType.1=t2.small&Version=2016-11-15
   http.request.header.amz_sdk_invocation_id=b3b9eb68-efb9-4d70-9adc-1ff18e52ba27 http.request.header.amz_sdk_request="attempt=1; max=25" http.request.header.x_amz_date=20260921T014216Z tf_aws.signing_region="" tf_req_id=f3f6935d-eb7d-14c1-8edb-38a5b5405313 tf_rpc=ApplyResourceChange http.url=https://ec2.us-east-1.amazonaws.com/ tf_provider_addr=registry.terraform.io/hashicorp/aws tf_resource_type=aws_instance http.request_content_length=71 rpc.system.name=aws-api tf_aws.sdk=aws-sdk-go-v2 tf_mux_provider="*schema.GRPCProviderServer" @module=aws aws.region=us-east-1 http.method=POST http.request.header.authorization="AWS4-HMAC-SHA256 Credential=AKIA************HAG5/20260921/us-east-1/ec2/aws4_request, SignedHeaders=amz-sdk-invocation-id;amz-sdk-request;content-length;content-type;host;x-amz-date, Signature=*****" timestamp=2026-09-21T01:42:16.561Z
2026-09-21T01:42:16.817Z [DEBUG] provider.terraform-provider-aws_v6.65.0_x5: HTTP Response Received: tf_resource_type=aws_instance tf_rpc=ApplyResourceChange http.response.header.cache_control="no-cache, no-store" http.response.header.content_type=text/xml;charset=UTF-8 http.response.header.server=AmazonEC2 http.response.header.vary=accept-encoding rpc.method=EC2/DescribeInstanceTypes rpc.system.name=aws-api tf_mux_provider="*schema.GRPCProviderServer" http.response.header.strict_transport_security="max-age=31536000; includeSubDomains" http.response.header.x_amzn_requestid=51547f8a-6876-43a2-ac78-a6c875ce0804 tf_provider_addr=registry.terraform.io/hashicorp/aws @caller=github.com/hashicorp/aws-sdk-go-base/v2@v2.0.0-beta.73/logging/tf_logger.go:45
  http.response.body=
  | <?xml version="1.0" encoding="UTF-8"?>
  | <DescribeInstanceTypesResponse xmlns="http://ec2.amazonaws.com/doc/2016-11-15/">
  |     <requestId>51547f8a-6876-43a2-ac78-a6c875ce0804</requestId>
  |     <instanceTypeSet>
  |         <item>
  |             <autoRecoverySupported>true</autoRecoverySupported>
  |             <bareMetal>false</bareMetal>
  |             <burstablePerformanceSupported>true</burstablePerformanceSupported>
  |             <cpuBurstModel>credit</cpuBurstModel>
  |             <currentGeneration>true</currentGeneration>
  |             <dedicatedHostsSupported>false</dedicatedHostsSupported>
  |             <ebsInfo>
  |                 <attachmentLimitType>shared</attachmentLimitType>
  |                 <ebsOptimizedSupport>unsupported</ebsOptimizedSupport>
  |                 <encryptionSupport>supported</encryptionSupport>
  |                 <maximumEbsAttachments>40</maximumEbsAttachments>
  |                 <nvmeSupport>unsupported</nvmeSupport>
  |             </ebsInfo>
  |             <freeTierEligible>false</freeTierEligible>
  |             <hibernationSupported>true</hibernationSupported>
  |             <hypervisor>xen</hypervisor>
  |             <instanceStorageSupported>false</instanceStorageSupported>
  |             <instanceType>t2.small</instanceType>
  |             <memoryInfo>
  |                 <sizeInMiB>2048</sizeInMiB>
  |             </memoryInfo>
  |             <networkInfo>
  |                 <connectionTrackingConfiguration>
  |                     <defaultTcpEstablishedTimeout>432000</defaultTcpEstablishedTimeout>
  |                     <defaultUdpStreamTimeout>180</defaultUdpStreamTimeout>
  |                     <defaultUdpTimeout>30</defaultUdpTimeout>
  |                 </connectionTrackingConfiguration>
  |                 <defaultNetworkCardIndex>0</defaultNetworkCardIndex>
  |                 <efaSupported>false</efaSupported>
  |                 <enaSrdSupported>false</enaSrdSupported>
  |                 <enaSupport>unsupported</enaSupport>
  |                 <encryptionInTransitSupported>false</encryptionInTransitSupported>
  |                 <flexibleEnaQueuesSupport>unsupported</flexibleEnaQueuesSupport>
  |                 <ipv4AddressesPerInterface>4</ipv4AddressesPerInterface>
  |                 <ipv6AddressesPerInterface>4</ipv6AddressesPerInterface>
  |                 <ipv6Supported>true</ipv6Supported>
  |                 <maximumNetworkCards>1</maximumNetworkCards>
  |                 <maximumNetworkInterfaces>3</maximumNetworkInterfaces>
  |                 <networkCards>
  |                     <item>
  |                         <baselineBandwidthInGbps>0.128</baselineBandwidthInGbps>
  |                         <defaultEnaQueueCountPerInterface>1</defaultEnaQueueCountPerInterface>
  |                         <interfaceTypeSet>
  |                             <item>interface</item>
  |                         </interfaceTypeSet>
  |                         <maximumNetworkInterfaces>3</maximumNetworkInterfaces>
  |                         <networkCardIndex>0</networkCardIndex>
  |                         <networkPerformance>Low to Moderate</networkPerformance>
  |                         <peakBandwidthInGbps>1.024</peakBandwidthInGbps>
  |                     </item>
  |                 </networkCards>
  |                 <networkPerformance>Low to Moderate</networkPerformance>
  |                 <secondaryNetworkSupported>false</secondaryNetworkSupported>
  |                 <trafficMirroringSupport>unsupported</trafficMirroringSupport>
  |             </networkInfo>
  |             <nitroEnclavesSupport>unsupported</nitroEnclavesSupport>
  |             <nitroTpmSupport>unsupported</nitroTpmSupport>
  |             <phcSupport>unsupported</phcSupport>
  |             <placementGroupInfo>
  |                 <supportedStrategies>
  |                     <item>partition</item>
  |                     <item>spread</item>
  |                 </supportedStrategies>
  |             </placementGroupInfo>
  |             <processorInfo>
  |                 <manufacturer>Intel</manufacturer>
  |                 <supportedArchitectures>
  |                     <item>i386</item>
  |                     <item>x86_64</item>
  |                 </supportedArchitectures>
  |                 <sustainedClockSpeedInGhz>2.5</sustainedClockSpeedInGhz>
  | [truncated...]
   http.response.header.date="Mon, 21 Sep 2026 01:42:16 GMT" http.status_code=200 tf_aws.signing_region="" tf_req_id=611f9f29-cb15-b023-6d75-e8c6615f20cf @module=aws aws.region=us-east-1 http.duration=256 tf_aws.sdk=aws-sdk-go-v2 timestamp=2026-09-21T01:42:16.816Z
2026-09-21T01:42:16.820Z [DEBUG] provider.terraform-provider-aws_v6.65.0_x5: HTTP Response Received: @module=aws aws.region=us-east-1 http.response.header.date="Mon, 21 Sep 2026 01:42:16 GMT" http.response.header.strict_transport_security="max-age=31536000; includeSubDomains" rpc.method=EC2/DescribeInstanceTypes rpc.system.name=aws-api tf_mux_provider="*schema.GRPCProviderServer" tf_provider_addr=registry.terraform.io/hashicorp/aws
  http.response.body=
  | <?xml version="1.0" encoding="UTF-8"?>
  | <DescribeInstanceTypesResponse xmlns="http://ec2.amazonaws.com/doc/2016-11-15/">
  |     <requestId>fb205cf9-ecfa-4857-839c-65f68d41ef6c</requestId>
  |     <instanceTypeSet>
  |         <item>
  |             <autoRecoverySupported>true</autoRecoverySupported>
  |             <bareMetal>false</bareMetal>
  |             <burstablePerformanceSupported>true</burstablePerformanceSupported>
  |             <cpuBurstModel>credit</cpuBurstModel>
  |             <currentGeneration>true</currentGeneration>
  |             <dedicatedHostsSupported>false</dedicatedHostsSupported>
  |             <ebsInfo>
  |                 <attachmentLimitType>shared</attachmentLimitType>
  |                 <ebsOptimizedSupport>unsupported</ebsOptimizedSupport>
  |                 <encryptionSupport>supported</encryptionSupport>
  |                 <maximumEbsAttachments>40</maximumEbsAttachments>
  |                 <nvmeSupport>unsupported</nvmeSupport>
  |             </ebsInfo>
  |             <freeTierEligible>false</freeTierEligible>
  |             <hibernationSupported>true</hibernationSupported>
  |             <hypervisor>xen</hypervisor>
  |             <instanceStorageSupported>false</instanceStorageSupported>
  |             <instanceType>t2.small</instanceType>
  |             <memoryInfo>
  |                 <sizeInMiB>2048</sizeInMiB>
  |             </memoryInfo>
  |             <networkInfo>
  |                 <connectionTrackingConfiguration>
  |                     <defaultTcpEstablishedTimeout>432000</defaultTcpEstablishedTimeout>
  |                     <defaultUdpStreamTimeout>180</defaultUdpStreamTimeout>
  |                     <defaultUdpTimeout>30</defaultUdpTimeout>
  |                 </connectionTrackingConfiguration>
  |                 <defaultNetworkCardIndex>0</defaultNetworkCardIndex>
  |                 <efaSupported>false</efaSupported>
  |                 <enaSrdSupported>false</enaSrdSupported>
  |                 <enaSupport>unsupported</enaSupport>
  |                 <encryptionInTransitSupported>false</encryptionInTransitSupported>
  |                 <flexibleEnaQueuesSupport>unsupported</flexibleEnaQueuesSupport>
  |                 <ipv4AddressesPerInterface>4</ipv4AddressesPerInterface>
  |                 <ipv6AddressesPerInterface>4</ipv6AddressesPerInterface>
  |                 <ipv6Supported>true</ipv6Supported>
  |                 <maximumNetworkCards>1</maximumNetworkCards>
  |                 <maximumNetworkInterfaces>3</maximumNetworkInterfaces>
  |                 <networkCards>
  |                     <item>
  |                         <baselineBandwidthInGbps>0.128</baselineBandwidthInGbps>
  |                         <defaultEnaQueueCountPerInterface>1</defaultEnaQueueCountPerInterface>
  |                         <interfaceTypeSet>
  |                             <item>interface</item>
  |                         </interfaceTypeSet>
  |                         <maximumNetworkInterfaces>3</maximumNetworkInterfaces>
  |                         <networkCardIndex>0</networkCardIndex>
  |                         <networkPerformance>Low to Moderate</networkPerformance>
  |                         <peakBandwidthInGbps>1.024</peakBandwidthInGbps>
  |                     </item>
  |                 </networkCards>
  |                 <networkPerformance>Low to Moderate</networkPerformance>
  |                 <secondaryNetworkSupported>false</secondaryNetworkSupported>
  |                 <trafficMirroringSupport>unsupported</trafficMirroringSupport>
  |             </networkInfo>
  |             <nitroEnclavesSupport>unsupported</nitroEnclavesSupport>
  |             <nitroTpmSupport>unsupported</nitroTpmSupport>
  |             <phcSupport>unsupported</phcSupport>
  |             <placementGroupInfo>
  |                 <supportedStrategies>
  |                     <item>partition</item>
  |                     <item>spread</item>
  |                 </supportedStrategies>
  |             </placementGroupInfo>
  |             <processorInfo>
  |                 <manufacturer>Intel</manufacturer>
  |                 <supportedArchitectures>
  |                     <item>i386</item>
  |                     <item>x86_64</item>
  |                 </supportedArchitectures>
  |                 <sustainedClockSpeedInGhz>2.5</sustainedClockSpeedInGhz>
  | [truncated...]
   tf_aws.signing_region="" tf_req_id=f3f6935d-eb7d-14c1-8edb-38a5b5405313 http.duration=253 http.response.header.cache_control="no-cache, no-store" http.response.header.content_type=text/xml;charset=UTF-8 http.response.header.server=AmazonEC2 http.response.header.vary=accept-encoding http.response.header.x_amzn_requestid=fb205cf9-ecfa-4857-839c-65f68d41ef6c tf_aws.sdk=aws-sdk-go-v2 @caller=github.com/hashicorp/aws-sdk-go-base/v2@v2.0.0-beta.73/logging/tf_logger.go:45 http.status_code=200 tf_resource_type=aws_instance tf_rpc=ApplyResourceChange timestamp=2026-09-21T01:42:16.816Z
2026-09-21T01:42:16.824Z [DEBUG] provider.terraform-provider-aws_v6.65.0_x5: HTTP Response Received: http.response.header.date="Mon, 21 Sep 2026 01:42:16 GMT" http.response.header.x_amzn_requestid=2cabec93-130b-4f46-b0dc-bce3b98cf682 http.status_code=200 tf_aws.sdk=aws-sdk-go-v2 tf_provider_addr=registry.terraform.io/hashicorp/aws @caller=github.com/hashicorp/aws-sdk-go-base/v2@v2.0.0-beta.73/logging/tf_logger.go:45 aws.region=us-east-1 http.duration=261
  http.response.body=
  | <?xml version="1.0" encoding="UTF-8"?>
  | <DescribeInstanceTypesResponse xmlns="http://ec2.amazonaws.com/doc/2016-11-15/">
  |     <requestId>2cabec93-130b-4f46-b0dc-bce3b98cf682</requestId>
  |     <instanceTypeSet>
  |         <item>
  |             <autoRecoverySupported>true</autoRecoverySupported>
  |             <bareMetal>false</bareMetal>
  |             <burstablePerformanceSupported>true</burstablePerformanceSupported>
  |             <cpuBurstModel>credit</cpuBurstModel>
  |             <currentGeneration>true</currentGeneration>
  |             <dedicatedHostsSupported>false</dedicatedHostsSupported>
  |             <ebsInfo>
  |                 <attachmentLimitType>shared</attachmentLimitType>
  |                 <ebsOptimizedSupport>unsupported</ebsOptimizedSupport>
  |                 <encryptionSupport>supported</encryptionSupport>
  |                 <maximumEbsAttachments>40</maximumEbsAttachments>
  |                 <nvmeSupport>unsupported</nvmeSupport>
  |             </ebsInfo>
  |             <freeTierEligible>false</freeTierEligible>
  |             <hibernationSupported>true</hibernationSupported>
  |             <hypervisor>xen</hypervisor>
  |             <instanceStorageSupported>false</instanceStorageSupported>
  |             <instanceType>t2.small</instanceType>
  |             <memoryInfo>
  |                 <sizeInMiB>2048</sizeInMiB>
  |             </memoryInfo>
  |             <networkInfo>
  |                 <connectionTrackingConfiguration>
  |                     <defaultTcpEstablishedTimeout>432000</defaultTcpEstablishedTimeout>
  |                     <defaultUdpStreamTimeout>180</defaultUdpStreamTimeout>
  |                     <defaultUdpTimeout>30</defaultUdpTimeout>
  |                 </connectionTrackingConfiguration>
  |                 <defaultNetworkCardIndex>0</defaultNetworkCardIndex>
  |                 <efaSupported>false</efaSupported>
  |                 <enaSrdSupported>false</enaSrdSupported>
  |                 <enaSupport>unsupported</enaSupport>
  |                 <encryptionInTransitSupported>false</encryptionInTransitSupported>
  |                 <flexibleEnaQueuesSupport>unsupported</flexibleEnaQueuesSupport>
  |                 <ipv4AddressesPerInterface>4</ipv4AddressesPerInterface>
  |                 <ipv6AddressesPerInterface>4</ipv6AddressesPerInterface>
  |                 <ipv6Supported>true</ipv6Supported>
  |                 <maximumNetworkCards>1</maximumNetworkCards>
  |                 <maximumNetworkInterfaces>3</maximumNetworkInterfaces>
  |                 <networkCards>
  |                     <item>
  |                         <baselineBandwidthInGbps>0.128</baselineBandwidthInGbps>
  |                         <defaultEnaQueueCountPerInterface>1</defaultEnaQueueCountPerInterface>
  |                         <interfaceTypeSet>
  |                             <item>interface</item>
  |                         </interfaceTypeSet>
  |                         <maximumNetworkInterfaces>3</maximumNetworkInterfaces>
  |                         <networkCardIndex>0</networkCardIndex>
  |                         <networkPerformance>Low to Moderate</networkPerformance>
  |                         <peakBandwidthInGbps>1.024</peakBandwidthInGbps>
  |                     </item>
  |                 </networkCards>
  |                 <networkPerformance>Low to Moderate</networkPerformance>
  |                 <secondaryNetworkSupported>false</secondaryNetworkSupported>
  |                 <trafficMirroringSupport>unsupported</trafficMirroringSupport>
  |             </networkInfo>
  |             <nitroEnclavesSupport>unsupported</nitroEnclavesSupport>
  |             <nitroTpmSupport>unsupported</nitroTpmSupport>
  |             <phcSupport>unsupported</phcSupport>
  |             <placementGroupInfo>
  |                 <supportedStrategies>
  |                     <item>partition</item>
  |                     <item>spread</item>
  |                 </supportedStrategies>
  |             </placementGroupInfo>
  |             <processorInfo>
  |                 <manufacturer>Intel</manufacturer>
  |                 <supportedArchitectures>
  |                     <item>i386</item>
  |                     <item>x86_64</item>
  |                 </supportedArchitectures>
  |                 <sustainedClockSpeedInGhz>2.5</sustainedClockSpeedInGhz>
  | [truncated...]
   http.response.header.content_type=text/xml;charset=UTF-8 http.response.header.strict_transport_security="max-age=31536000; includeSubDomains" tf_aws.signing_region="" tf_resource_type=aws_instance http.response.header.server=AmazonEC2 http.response.header.vary=accept-encoding rpc.method=EC2/DescribeInstanceTypes tf_mux_provider="*schema.GRPCProviderServer" @module=aws http.response.header.cache_control="no-cache, no-store" rpc.system.name=aws-api tf_req_id=137eee9d-6d4d-d2ec-49f3-27b2e5990e91 tf_rpc=ApplyResourceChange timestamp=2026-09-21T01:42:16.821Z
2026-09-21T01:42:16.876Z [DEBUG] provider.terraform-provider-aws_v6.65.0_x5: HTTP Request Sent: @caller=github.com/hashicorp/aws-sdk-go-base/v2@v2.0.0-beta.73/logging/tf_logger.go:45 http.request.header.amz_sdk_invocation_id=f41027ac-ecc6-4927-8a24-4ffe6399bfc5 tf_aws.sdk=aws-sdk-go-v2 tf_mux_provider="*schema.GRPCProviderServer" tf_req_id=f3f6935d-eb7d-14c1-8edb-38a5b5405313 tf_rpc=ApplyResourceChange http.request.header.amz_sdk_request="attempt=1; max=25" tf_aws.signing_region="" tf_provider_addr=registry.terraform.io/hashicorp/aws tf_resource_type=aws_instance http.request.header.authorization="AWS4-HMAC-SHA256 Credential=AKIA************HAG5/20260921/us-east-1/ec2/aws4_request, SignedHeaders=amz-sdk-invocation-id;amz-sdk-request;content-length;content-type;host;x-amz-date, Signature=*****" http.request.header.content_type=application/x-www-form-urlencoded http.request.header.x_amz_date=20260921T014216Z http.request_content_length=165 http.url=https://ec2.us-east-1.amazonaws.com/ net.peer.name=ec2.us-east-1.amazonaws.com rpc.method=EC2/DescribeTags @module=aws aws.region=us-east-1 http.method=POST
  http.request.body=
  | Action=DescribeTags&Filter.1.Name=key&Filter.1.Value.1=aws%3Aec2launchtemplate%3Aid&Filter.2.Name=resource-id&Filter.2.Value.1=i-0183c7ae07ebb5fbd&Version=2016-11-15
   http.user_agent="APN/1.0 HashiCorp/1.0 Terraform/1.16.3 (+https://www.terraform.io) terraform-provider-aws/6.65.0 (+https://registry.terraform.io/providers/hashicorp/aws) aws-sdk-go-v2/1.47.0 ua/2.1 os/linux lang/go#1.26.6 md/GOOS#linux md/GOARCH#amd64 api/ec2#1.332.0 m/n" rpc.system.name=aws-api timestamp=2026-09-21T01:42:16.875Z
2026-09-21T01:42:16.878Z [DEBUG] provider.terraform-provider-aws_v6.65.0_x5: HTTP Request Sent: http.request.header.amz_sdk_request="attempt=1; max=25" http.request.header.content_type=application/x-www-form-urlencoded http.user_agent="APN/1.0 HashiCorp/1.0 Terraform/1.16.3 (+https://www.terraform.io) terraform-provider-aws/6.65.0 (+https://registry.terraform.io/providers/hashicorp/aws) aws-sdk-go-v2/1.47.0 ua/2.1 os/linux lang/go#1.26.6 md/GOOS#linux md/GOARCH#amd64 api/ec2#1.332.0 m/n" net.peer.name=ec2.us-east-1.amazonaws.com rpc.method=EC2/DescribeTags tf_aws.sdk=aws-sdk-go-v2 http.request.header.x_amz_date=20260921T014216Z http.url=https://ec2.us-east-1.amazonaws.com/ tf_provider_addr=registry.terraform.io/hashicorp/aws tf_req_id=137eee9d-6d4d-d2ec-49f3-27b2e5990e91 @caller=github.com/hashicorp/aws-sdk-go-base/v2@v2.0.0-beta.73/logging/tf_logger.go:45 @module=aws aws.region=us-east-1 rpc.system.name=aws-api tf_resource_type=aws_instance http.method=POST
  http.request.body=
  | Action=DescribeTags&Filter.1.Name=key&Filter.1.Value.1=aws%3Aec2launchtemplate%3Aid&Filter.2.Name=resource-id&Filter.2.Value.1=i-0e8c6fb6bc29c8abf&Version=2016-11-15
   http.request.header.authorization="AWS4-HMAC-SHA256 Credential=AKIA************HAG5/20260921/us-east-1/ec2/aws4_request, SignedHeaders=amz-sdk-invocation-id;amz-sdk-request;content-length;content-type;host;x-amz-date, Signature=*****" http.request_content_length=165 tf_aws.signing_region="" tf_mux_provider="*schema.GRPCProviderServer" tf_rpc=ApplyResourceChange http.request.header.amz_sdk_invocation_id=32d63254-f6e9-4fda-a077-894739a6362b timestamp=2026-09-21T01:42:16.875Z
2026-09-21T01:42:16.880Z [DEBUG] provider.terraform-provider-aws_v6.65.0_x5: HTTP Request Sent: rpc.method=EC2/DescribeTags @caller=github.com/hashicorp/aws-sdk-go-base/v2@v2.0.0-beta.73/logging/tf_logger.go:45 aws.region=us-east-1 http.request.header.amz_sdk_invocation_id=1f2d3445-2b13-4572-96ed-0bd2c087c17d http.request_content_length=165 net.peer.name=ec2.us-east-1.amazonaws.com rpc.system.name=aws-api tf_mux_provider="*schema.GRPCProviderServer" http.request.header.amz_sdk_request="attempt=1; max=25" http.request.header.authorization="AWS4-HMAC-SHA256 Credential=AKIA************HAG5/20260921/us-east-1/ec2/aws4_request, SignedHeaders=amz-sdk-invocation-id;amz-sdk-request;content-length;content-type;host;x-amz-date, Signature=*****" http.request.header.x_amz_date=20260921T014216Z http.url=https://ec2.us-east-1.amazonaws.com/ tf_aws.sdk=aws-sdk-go-v2 tf_provider_addr=registry.terraform.io/hashicorp/aws tf_req_id=611f9f29-cb15-b023-6d75-e8c6615f20cf @module=aws
  http.request.body=
  | Action=DescribeTags&Filter.1.Name=key&Filter.1.Value.1=aws%3Aec2launchtemplate%3Aid&Filter.2.Name=resource-id&Filter.2.Value.1=i-0375066a2908bdbaa&Version=2016-11-15
   http.request.header.content_type=application/x-www-form-urlencoded tf_aws.signing_region="" tf_resource_type=aws_instance tf_rpc=ApplyResourceChange http.method=POST http.user_agent="APN/1.0 HashiCorp/1.0 Terraform/1.16.3 (+https://www.terraform.io) terraform-provider-aws/6.65.0 (+https://registry.terraform.io/providers/hashicorp/aws) aws-sdk-go-v2/1.47.0 ua/2.1 os/linux lang/go#1.26.6 md/GOOS#linux md/GOARCH#amd64 api/ec2#1.332.0 m/n" timestamp=2026-09-21T01:42:16.875Z
2026-09-21T01:42:17.171Z [DEBUG] provider.terraform-provider-aws_v6.65.0_x5: HTTP Response Received: http.response.header.x_amzn_requestid=d097072c-2dbd-4b84-b720-d3673500ec41 rpc.method=EC2/DescribeTags tf_aws.signing_region="" tf_provider_addr=registry.terraform.io/hashicorp/aws tf_rpc=ApplyResourceChange @caller=github.com/hashicorp/aws-sdk-go-base/v2@v2.0.0-beta.73/logging/tf_logger.go:45 aws.region=us-east-1 http.response_content_length=212 http.status_code=200 rpc.system.name=aws-api tf_req_id=f3f6935d-eb7d-14c1-8edb-38a5b5405313 @module=aws http.duration=294 http.response.header.content_type=text/xml;charset=UTF-8 tf_aws.sdk=aws-sdk-go-v2 tf_resource_type=aws_instance http.response.header.cache_control="no-cache, no-store" http.response.header.strict_transport_security="max-age=31536000; includeSubDomains" tf_mux_provider="*schema.GRPCProviderServer"
  http.response.body=
  | <?xml version="1.0" encoding="UTF-8"?>
  | <DescribeTagsResponse xmlns="http://ec2.amazonaws.com/doc/2016-11-15/">
  |     <requestId>d097072c-2dbd-4b84-b720-d3673500ec41</requestId>
  |     <tagSet/>
  | </DescribeTagsResponse>
   http.response.header.date="Mon, 21 Sep 2026 01:42:17 GMT" http.response.header.server=AmazonEC2 timestamp=2026-09-21T01:42:17.170Z
2026-09-21T01:42:17.173Z [DEBUG] provider.terraform-provider-aws_v6.65.0_x5: HTTP Response Received: tf_req_id=137eee9d-6d4d-d2ec-49f3-27b2e5990e91 http.duration=295
  http.response.body=
  | <?xml version="1.0" encoding="UTF-8"?>
  | <DescribeTagsResponse xmlns="http://ec2.amazonaws.com/doc/2016-11-15/">
  |     <requestId>743c6863-0544-4e14-8e24-2132615d4ab4</requestId>
  |     <tagSet/>
  | </DescribeTagsResponse>
   http.response.header.cache_control="no-cache, no-store" http.response.header.content_type=text/xml;charset=UTF-8 http.status_code=200 rpc.method=EC2/DescribeTags tf_aws.sdk=aws-sdk-go-v2 tf_resource_type=aws_instance aws.region=us-east-1 http.response.header.date="Mon, 21 Sep 2026 01:42:17 GMT" rpc.system.name=aws-api tf_aws.signing_region="" tf_rpc=ApplyResourceChange @caller=github.com/hashicorp/aws-sdk-go-base/v2@v2.0.0-beta.73/logging/tf_logger.go:45 @module=aws http.response.header.server=AmazonEC2 http.response.header.x_amzn_requestid=743c6863-0544-4e14-8e24-2132615d4ab4 tf_mux_provider="*schema.GRPCProviderServer" tf_provider_addr=registry.terraform.io/hashicorp/aws http.response.header.strict_transport_security="max-age=31536000; includeSubDomains" http.response_content_length=212 timestamp=2026-09-21T01:42:17.171Z
2026-09-21T01:42:17.175Z [DEBUG] provider.terraform-provider-aws_v6.65.0_x5: HTTP Response Received: @caller=github.com/hashicorp/aws-sdk-go-base/v2@v2.0.0-beta.73/logging/tf_logger.go:45 @module=aws http.duration=294
  http.response.body=
  | <?xml version="1.0" encoding="UTF-8"?>
  | <DescribeTagsResponse xmlns="http://ec2.amazonaws.com/doc/2016-11-15/">
  |     <requestId>1ff5df4c-892b-4ce9-9dee-eb27fd3b4115</requestId>
  |     <tagSet/>
  | </DescribeTagsResponse>
   http.response.header.cache_control="no-cache, no-store" http.response.header.content_type=text/xml;charset=UTF-8 http.response.header.x_amzn_requestid=1ff5df4c-892b-4ce9-9dee-eb27fd3b4115 aws.region=us-east-1 http.response.header.date="Mon, 21 Sep 2026 01:42:17 GMT" http.status_code=200 rpc.method=EC2/DescribeTags tf_aws.signing_region="" tf_provider_addr=registry.terraform.io/hashicorp/aws http.response_content_length=212 tf_mux_provider="*schema.GRPCProviderServer" tf_resource_type=aws_instance tf_rpc=ApplyResourceChange http.response.header.server=AmazonEC2 http.response.header.strict_transport_security="max-age=31536000; includeSubDomains" rpc.system.name=aws-api tf_aws.sdk=aws-sdk-go-v2 tf_req_id=611f9f29-cb15-b023-6d75-e8c6615f20cf timestamp=2026-09-21T01:42:17.171Z
2026-09-21T01:42:17.194Z [DEBUG] provider.terraform-provider-aws_v6.65.0_x5: HTTP Request Sent: net.peer.name=ec2.us-east-1.amazonaws.com tf_aws.sdk=aws-sdk-go-v2 tf_aws.signing_region="" tf_mux_provider="*schema.GRPCProviderServer" aws.region=us-east-1 http.request.header.amz_sdk_invocation_id=d69bb105-8962-40fc-ac13-3952138af4cf http.request.header.amz_sdk_request="attempt=1; max=25" http.request.header.authorization="AWS4-HMAC-SHA256 Credential=AKIA************HAG5/20260921/us-east-1/ec2/aws4_request, SignedHeaders=amz-sdk-invocation-id;amz-sdk-request;content-length;content-type;host;x-amz-date, Signature=*****" http.request.header.content_type=application/x-www-form-urlencoded http.url=https://ec2.us-east-1.amazonaws.com/ http.method=POST http.request_content_length=68 http.user_agent="APN/1.0 HashiCorp/1.0 Terraform/1.16.3 (+https://www.terraform.io) terraform-provider-aws/6.65.0 (+https://registry.terraform.io/providers/hashicorp/aws) aws-sdk-go-v2/1.47.0 ua/2.1 os/linux lang/go#1.26.6 md/GOOS#linux md/GOARCH#amd64 api/ec2#1.332.0 m/C,n" tf_provider_addr=registry.terraform.io/hashicorp/aws tf_req_id=137eee9d-6d4d-d2ec-49f3-27b2e5990e91 tf_resource_type=aws_instance tf_rpc=ApplyResourceChange @caller=github.com/hashicorp/aws-sdk-go-base/v2@v2.0.0-beta.73/logging/tf_logger.go:45 @module=aws
  http.request.body=
  | Action=DescribeVpcs&Version=2016-11-15&VpcId.1=vpc-0cd3652e4e8e18a78
   http.request.header.x_amz_date=20260921T014217Z rpc.method=EC2/DescribeVpcs rpc.system.name=aws-api timestamp=2026-09-21T01:42:17.193Z
2026-09-21T01:42:17.196Z [DEBUG] provider.terraform-provider-aws_v6.65.0_x5: HTTP Request Sent: tf_aws.sdk=aws-sdk-go-v2 tf_mux_provider="*schema.GRPCProviderServer" tf_req_id=f3f6935d-eb7d-14c1-8edb-38a5b5405313 tf_rpc=ApplyResourceChange http.request.header.amz_sdk_invocation_id=96b6ee7c-0401-40b3-bf7f-c2d815fc844e http.request.header.authorization="AWS4-HMAC-SHA256 Credential=AKIA************HAG5/20260921/us-east-1/ec2/aws4_request, SignedHeaders=amz-sdk-invocation-id;amz-sdk-request;content-length;content-type;host;x-amz-date, Signature=*****" http.request_content_length=68 http.url=https://ec2.us-east-1.amazonaws.com/ rpc.method=EC2/DescribeVpcs tf_resource_type=aws_instance @module=aws http.method=POST http.request.header.amz_sdk_request="attempt=1; max=25" http.request.header.x_amz_date=20260921T014217Z net.peer.name=ec2.us-east-1.amazonaws.com rpc.system.name=aws-api aws.region=us-east-1
  http.request.body=
  | Action=DescribeVpcs&Version=2016-11-15&VpcId.1=vpc-0cd3652e4e8e18a78
   http.request.header.content_type=application/x-www-form-urlencoded http.user_agent="APN/1.0 HashiCorp/1.0 Terraform/1.16.3 (+https://www.terraform.io) terraform-provider-aws/6.65.0 (+https://registry.terraform.io/providers/hashicorp/aws) aws-sdk-go-v2/1.47.0 ua/2.1 os/linux lang/go#1.26.6 md/GOOS#linux md/GOARCH#amd64 api/ec2#1.332.0 m/C,n" tf_aws.signing_region="" tf_provider_addr=registry.terraform.io/hashicorp/aws @caller=github.com/hashicorp/aws-sdk-go-base/v2@v2.0.0-beta.73/logging/tf_logger.go:45 timestamp=2026-09-21T01:42:17.193Z
2026-09-21T01:42:17.197Z [DEBUG] provider.terraform-provider-aws_v6.65.0_x5: HTTP Request Sent: tf_resource_type=aws_instance @module=aws aws.region=us-east-1 http.method=POST http.request_content_length=68 http.user_agent="APN/1.0 HashiCorp/1.0 Terraform/1.16.3 (+https://www.terraform.io) terraform-provider-aws/6.65.0 (+https://registry.terraform.io/providers/hashicorp/aws) aws-sdk-go-v2/1.47.0 ua/2.1 os/linux lang/go#1.26.6 md/GOOS#linux md/GOARCH#amd64 api/ec2#1.332.0 m/C,n" net.peer.name=ec2.us-east-1.amazonaws.com
  http.request.body=
  | Action=DescribeVpcs&Version=2016-11-15&VpcId.1=vpc-0cd3652e4e8e18a78
   http.request.header.amz_sdk_request="attempt=1; max=25" http.request.header.content_type=application/x-www-form-urlencoded http.url=https://ec2.us-east-1.amazonaws.com/ tf_aws.signing_region="" tf_mux_provider="*schema.GRPCProviderServer" tf_provider_addr=registry.terraform.io/hashicorp/aws tf_req_id=611f9f29-cb15-b023-6d75-e8c6615f20cf http.request.header.amz_sdk_invocation_id=aba4e6bb-6b1b-4d0e-b7e1-69192cb721bf tf_aws.sdk=aws-sdk-go-v2 tf_rpc=ApplyResourceChange @caller=github.com/hashicorp/aws-sdk-go-base/v2@v2.0.0-beta.73/logging/tf_logger.go:45 http.request.header.authorization="AWS4-HMAC-SHA256 Credential=AKIA************HAG5/20260921/us-east-1/ec2/aws4_request, SignedHeaders=amz-sdk-invocation-id;amz-sdk-request;content-length;content-type;host;x-amz-date, Signature=*****" http.request.header.x_amz_date=20260921T014217Z rpc.method=EC2/DescribeVpcs rpc.system.name=aws-api timestamp=2026-09-21T01:42:17.195Z
2026-09-21T01:42:17.606Z [DEBUG] provider.terraform-provider-aws_v6.65.0_x5: HTTP Response Received:
  http.response.body=
  | <?xml version="1.0" encoding="UTF-8"?>
  | <DescribeVpcsResponse xmlns="http://ec2.amazonaws.com/doc/2016-11-15/">
  |     <requestId>7be64363-f2a0-4707-9e05-6178781559c8</requestId>
  |     <vpcSet>
  |         <item>
  |             <vpcId>vpc-0cd3652e4e8e18a78</vpcId>
  |             <ownerId>020651500156</ownerId>
  |             <state>available</state>
  |             <cidrBlock>172.31.0.0/16</cidrBlock>
  |             <cidrBlockAssociationSet>
  |                 <item>
  |                     <cidrBlock>172.31.0.0/16</cidrBlock>
  |                     <associationId>vpc-cidr-assoc-0455ef93c20ffe99b</associationId>
  |                     <cidrBlockState>
  |                         <state>associated</state>
  |                     </cidrBlockState>
  |                 </item>
  |             </cidrBlockAssociationSet>
  |             <dhcpOptionsId>dopt-0d7a1346641c4783f</dhcpOptionsId>
  |             <instanceTenancy>default</instanceTenancy>
  |             <isDefault>true</isDefault>
  |             <blockPublicAccessStates>
  |                 <internetGatewayBlockMode>off</internetGatewayBlockMode>
  |             </blockPublicAccessStates>
  |         </item>
  |     </vpcSet>
  | </DescribeVpcsResponse>
   http.response.header.content_type=text/xml;charset=UTF-8 http.response.header.server=AmazonEC2 http.response.header.x_amzn_requestid=7be64363-f2a0-4707-9e05-6178781559c8 http.status_code=200 tf_provider_addr=registry.terraform.io/hashicorp/aws @module=aws aws.region=us-east-1 http.duration=410 http.response_content_length=1136 http.response.header.date="Mon, 21 Sep 2026 01:42:17 GMT" rpc.method=EC2/DescribeVpcs rpc.system.name=aws-api tf_aws.sdk=aws-sdk-go-v2 tf_mux_provider="*schema.GRPCProviderServer" tf_req_id=f3f6935d-eb7d-14c1-8edb-38a5b5405313 @caller=github.com/hashicorp/aws-sdk-go-base/v2@v2.0.0-beta.73/logging/tf_logger.go:45 http.response.header.cache_control="no-cache, no-store" http.response.header.strict_transport_security="max-age=31536000; includeSubDomains" tf_aws.signing_region="" tf_resource_type=aws_instance tf_rpc=ApplyResourceChange timestamp=2026-09-21T01:42:17.604Z
2026-09-21T01:42:17.608Z [DEBUG] provider.terraform-provider-aws_v6.65.0_x5: HTTP Response Received: aws.region=us-east-1 http.duration=413 http.response.header.cache_control="no-cache, no-store" http.response.header.server=AmazonEC2 http.response_content_length=1136 rpc.system.name=aws-api tf_aws.signing_region="" @caller=github.com/hashicorp/aws-sdk-go-base/v2@v2.0.0-beta.73/logging/tf_logger.go:45 @module=aws
  http.response.body=
  | <?xml version="1.0" encoding="UTF-8"?>
  | <DescribeVpcsResponse xmlns="http://ec2.amazonaws.com/doc/2016-11-15/">
  |     <requestId>0afe82bb-a9cb-4ccf-bb15-246bb495defb</requestId>
  |     <vpcSet>
  |         <item>
  |             <vpcId>vpc-0cd3652e4e8e18a78</vpcId>
  |             <ownerId>020651500156</ownerId>
  |             <state>available</state>
  |             <cidrBlock>172.31.0.0/16</cidrBlock>
  |             <cidrBlockAssociationSet>
  |                 <item>
  |                     <cidrBlock>172.31.0.0/16</cidrBlock>
  |                     <associationId>vpc-cidr-assoc-0455ef93c20ffe99b</associationId>
  |                     <cidrBlockState>
  |                         <state>associated</state>
  |                     </cidrBlockState>
  |                 </item>
  |             </cidrBlockAssociationSet>
  |             <dhcpOptionsId>dopt-0d7a1346641c4783f</dhcpOptionsId>
  |             <instanceTenancy>default</instanceTenancy>
  |             <isDefault>true</isDefault>
  |             <blockPublicAccessStates>
  |                 <internetGatewayBlockMode>off</internetGatewayBlockMode>
  |             </blockPublicAccessStates>
  |         </item>
  |     </vpcSet>
  | </DescribeVpcsResponse>
   http.response.header.strict_transport_security="max-age=31536000; includeSubDomains" http.response.header.x_amzn_requestid=0afe82bb-a9cb-4ccf-bb15-246bb495defb http.status_code=200 tf_req_id=137eee9d-6d4d-d2ec-49f3-27b2e5990e91 http.response.header.content_type=text/xml;charset=UTF-8 http.response.header.date="Mon, 21 Sep 2026 01:42:17 GMT" tf_aws.sdk=aws-sdk-go-v2 tf_provider_addr=registry.terraform.io/hashicorp/aws tf_resource_type=aws_instance tf_rpc=ApplyResourceChange rpc.method=EC2/DescribeVpcs tf_mux_provider="*schema.GRPCProviderServer" timestamp=2026-09-21T01:42:17.608Z
2026-09-21T01:42:17.611Z [DEBUG] provider.terraform-provider-aws_v6.65.0_x5: HTTP Response Received: @caller=github.com/hashicorp/aws-sdk-go-base/v2@v2.0.0-beta.73/logging/tf_logger.go:45 aws.region=us-east-1 http.response.header.content_type=text/xml;charset=UTF-8 http.response.header.date="Mon, 21 Sep 2026 01:42:17 GMT" http.response.header.server=AmazonEC2 rpc.system.name=aws-api tf_aws.signing_region="" @module=aws
  http.response.body=
  | <?xml version="1.0" encoding="UTF-8"?>
  | <DescribeVpcsResponse xmlns="http://ec2.amazonaws.com/doc/2016-11-15/">
  |     <requestId>59ac24e6-46eb-4cd5-bd84-73299d598b20</requestId>
  |     <vpcSet>
  |         <item>
  |             <vpcId>vpc-0cd3652e4e8e18a78</vpcId>
  |             <ownerId>020651500156</ownerId>
  |             <state>available</state>
  |             <cidrBlock>172.31.0.0/16</cidrBlock>
  |             <cidrBlockAssociationSet>
  |                 <item>
  |                     <cidrBlock>172.31.0.0/16</cidrBlock>
  |                     <associationId>vpc-cidr-assoc-0455ef93c20ffe99b</associationId>
  |                     <cidrBlockState>
  |                         <state>associated</state>
  |                     </cidrBlockState>
  |                 </item>
  |             </cidrBlockAssociationSet>
  |             <dhcpOptionsId>dopt-0d7a1346641c4783f</dhcpOptionsId>
  |             <instanceTenancy>default</instanceTenancy>
  |             <isDefault>true</isDefault>
  |             <blockPublicAccessStates>
  |                 <internetGatewayBlockMode>off</internetGatewayBlockMode>
  |             </blockPublicAccessStates>
  |         </item>
  |     </vpcSet>
  | </DescribeVpcsResponse>
   http.response.header.strict_transport_security="max-age=31536000; includeSubDomains" http.response.header.x_amzn_requestid=59ac24e6-46eb-4cd5-bd84-73299d598b20 rpc.method=EC2/DescribeVpcs tf_mux_provider="*schema.GRPCProviderServer" tf_provider_addr=registry.terraform.io/hashicorp/aws http.response.header.cache_control="no-cache, no-store" http.response_content_length=1136 http.status_code=200 tf_aws.sdk=aws-sdk-go-v2 tf_resource_type=aws_instance http.duration=413 tf_req_id=611f9f29-cb15-b023-6d75-e8c6615f20cf tf_rpc=ApplyResourceChange timestamp=2026-09-21T01:42:17.609Z
2026-09-21T01:42:17.614Z [DEBUG] provider.terraform-provider-aws_v6.65.0_x5: [DEBUG] Setting Security Group IDs: []string{"sg-0d4ecf989cb68563d"}
2026-09-21T01:42:17.617Z [DEBUG] provider.terraform-provider-aws_v6.65.0_x5: [DEBUG] Setting Security Group Names: []string{"default"}
2026-09-21T01:42:17.619Z [DEBUG] provider.terraform-provider-aws_v6.65.0_x5: [DEBUG] Setting Security Group IDs: []string{"sg-0d4ecf989cb68563d"}
2026-09-21T01:42:17.620Z [DEBUG] provider.terraform-provider-aws_v6.65.0_x5: [DEBUG] Setting Security Group Names: []string{"default"}
2026-09-21T01:42:17.622Z [DEBUG] provider.terraform-provider-aws_v6.65.0_x5: [DEBUG] Setting Security Group IDs: []string{"sg-0d4ecf989cb68563d"}
2026-09-21T01:42:17.623Z [DEBUG] provider.terraform-provider-aws_v6.65.0_x5: [DEBUG] Setting Security Group Names: []string{"default"}
2026-09-21T01:42:17.628Z [DEBUG] provider.terraform-provider-aws_v6.65.0_x5: HTTP Request Sent: tf_mux_provider="*schema.GRPCProviderServer" tf_rpc=ApplyResourceChange aws.region=us-east-1 http.request.header.x_amz_date=20260921T014217Z http.user_agent="APN/1.0 HashiCorp/1.0 Terraform/1.16.3 (+https://www.terraform.io) terraform-provider-aws/6.65.0 (+https://registry.terraform.io/providers/hashicorp/aws) aws-sdk-go-v2/1.47.0 ua/2.1 os/linux lang/go#1.26.6 md/GOOS#linux md/GOARCH#amd64 api/ec2#1.332.0 m/n" rpc.system.name=aws-api tf_aws.sdk=aws-sdk-go-v2 tf_provider_addr=registry.terraform.io/hashicorp/aws @caller=github.com/hashicorp/aws-sdk-go-base/v2@v2.0.0-beta.73/logging/tf_logger.go:45 @module=aws http.method=POST
  http.request.body=
  | Action=DescribeInstanceAttribute&Attribute=instanceInitiatedShutdownBehavior&InstanceId=i-0375066a2908bdbaa&Version=2016-11-15
   http.request.header.authorization="AWS4-HMAC-SHA256 Credential=AKIA************HAG5/20260921/us-east-1/ec2/aws4_request, SignedHeaders=amz-sdk-invocation-id;amz-sdk-request;content-length;content-type;host;x-amz-date, Signature=*****" http.url=https://ec2.us-east-1.amazonaws.com/ tf_req_id=611f9f29-cb15-b023-6d75-e8c6615f20cf http.request.header.amz_sdk_request="attempt=1; max=25" http.request_content_length=126 net.peer.name=ec2.us-east-1.amazonaws.com rpc.method=EC2/DescribeInstanceAttribute tf_aws.signing_region="" tf_resource_type=aws_instance http.request.header.content_type=application/x-www-form-urlencoded http.request.header.amz_sdk_invocation_id=20370e30-5cae-4c87-9e0d-3a8523a9b814 timestamp=2026-09-21T01:42:17.627Z
2026-09-21T01:42:17.630Z [DEBUG] provider.terraform-provider-aws_v6.65.0_x5: HTTP Request Sent: tf_mux_provider="*schema.GRPCProviderServer" tf_provider_addr=registry.terraform.io/hashicorp/aws tf_resource_type=aws_instance @caller=github.com/hashicorp/aws-sdk-go-base/v2@v2.0.0-beta.73/logging/tf_logger.go:45 http.method=POST
  http.request.body=
  | Action=DescribeInstanceAttribute&Attribute=instanceInitiatedShutdownBehavior&InstanceId=i-0e8c6fb6bc29c8abf&Version=2016-11-15
   http.request.header.amz_sdk_request="attempt=1; max=25" http.request.header.content_type=application/x-www-form-urlencoded http.request_content_length=126 tf_aws.sdk=aws-sdk-go-v2 http.request.header.amz_sdk_invocation_id=a11991ea-aef7-4329-94b5-2e377c47313d http.request.header.x_amz_date=20260921T014217Z rpc.system.name=aws-api @module=aws aws.region=us-east-1 http.url=https://ec2.us-east-1.amazonaws.com/ tf_aws.signing_region="" tf_req_id=137eee9d-6d4d-d2ec-49f3-27b2e5990e91 tf_rpc=ApplyResourceChange http.request.header.authorization="AWS4-HMAC-SHA256 Credential=AKIA************HAG5/20260921/us-east-1/ec2/aws4_request, SignedHeaders=amz-sdk-invocation-id;amz-sdk-request;content-length;content-type;host;x-amz-date, Signature=*****" http.user_agent="APN/1.0 HashiCorp/1.0 Terraform/1.16.3 (+https://www.terraform.io) terraform-provider-aws/6.65.0 (+https://registry.terraform.io/providers/hashicorp/aws) aws-sdk-go-v2/1.47.0 ua/2.1 os/linux lang/go#1.26.6 md/GOOS#linux md/GOARCH#amd64 api/ec2#1.332.0 m/n" net.peer.name=ec2.us-east-1.amazonaws.com rpc.method=EC2/DescribeInstanceAttribute timestamp=2026-09-21T01:42:17.627Z
2026-09-21T01:42:17.632Z [DEBUG] provider.terraform-provider-aws_v6.65.0_x5: HTTP Request Sent: @module=aws http.request.header.content_type=application/x-www-form-urlencoded rpc.method=EC2/DescribeInstanceAttribute tf_aws.sdk=aws-sdk-go-v2 tf_mux_provider="*schema.GRPCProviderServer" tf_provider_addr=registry.terraform.io/hashicorp/aws http.request.header.authorization="AWS4-HMAC-SHA256 Credential=AKIA************HAG5/20260921/us-east-1/ec2/aws4_request, SignedHeaders=amz-sdk-invocation-id;amz-sdk-request;content-length;content-type;host;x-amz-date, Signature=*****" http.request_content_length=126 http.method=POST
  http.request.body=
  | Action=DescribeInstanceAttribute&Attribute=instanceInitiatedShutdownBehavior&InstanceId=i-0183c7ae07ebb5fbd&Version=2016-11-15
   http.request.header.amz_sdk_invocation_id=0c1f997b-3a62-40bf-a2f4-c63db0b03032 http.user_agent="APN/1.0 HashiCorp/1.0 Terraform/1.16.3 (+https://www.terraform.io) terraform-provider-aws/6.65.0 (+https://registry.terraform.io/providers/hashicorp/aws) aws-sdk-go-v2/1.47.0 ua/2.1 os/linux lang/go#1.26.6 md/GOOS#linux md/GOARCH#amd64 api/ec2#1.332.0 m/n" net.peer.name=ec2.us-east-1.amazonaws.com http.request.header.x_amz_date=20260921T014217Z http.url=https://ec2.us-east-1.amazonaws.com/ rpc.system.name=aws-api tf_resource_type=aws_instance @caller=github.com/hashicorp/aws-sdk-go-base/v2@v2.0.0-beta.73/logging/tf_logger.go:45 aws.region=us-east-1 http.request.header.amz_sdk_request="attempt=1; max=25" tf_aws.signing_region="" tf_req_id=f3f6935d-eb7d-14c1-8edb-38a5b5405313 tf_rpc=ApplyResourceChange timestamp=2026-09-21T01:42:17.627Z
2026-09-21T01:42:18.085Z [DEBUG] provider.terraform-provider-aws_v6.65.0_x5: HTTP Response Received: tf_aws.signing_region="" http.response.header.content_type=text/xml;charset=UTF-8 http.response.header.server=AmazonEC2 tf_mux_provider="*schema.GRPCProviderServer" tf_provider_addr=registry.terraform.io/hashicorp/aws http.response.header.cache_control="no-cache, no-store" http.response_content_length=382 rpc.method=EC2/DescribeInstanceAttribute tf_aws.sdk=aws-sdk-go-v2 tf_req_id=137eee9d-6d4d-d2ec-49f3-27b2e5990e91 aws.region=us-east-1
  http.response.body=
  | <?xml version="1.0" encoding="UTF-8"?>
  | <DescribeInstanceAttributeResponse xmlns="http://ec2.amazonaws.com/doc/2016-11-15/">
  |     <requestId>eb2e4059-0d2b-4a28-aab8-066206104cad</requestId>
  |     <instanceId>i-0e8c6fb6bc29c8abf</instanceId>
  |     <instanceInitiatedShutdownBehavior>
  |         <value>stop</value>
  |     </instanceInitiatedShutdownBehavior>
  | </DescribeInstanceAttributeResponse>
   http.response.header.x_amzn_requestid=eb2e4059-0d2b-4a28-aab8-066206104cad rpc.system.name=aws-api tf_resource_type=aws_instance tf_rpc=ApplyResourceChange @caller=github.com/hashicorp/aws-sdk-go-base/v2@v2.0.0-beta.73/logging/tf_logger.go:45 @module=aws http.duration=456 http.response.header.date="Mon, 21 Sep 2026 01:42:18 GMT" http.response.header.strict_transport_security="max-age=31536000; includeSubDomains" http.status_code=200 timestamp=2026-09-21T01:42:18.084Z
2026-09-21T01:42:18.103Z [DEBUG] provider.terraform-provider-aws_v6.65.0_x5: HTTP Response Received: @module=aws http.response.header.date="Mon, 21 Sep 2026 01:42:18 GMT" http.status_code=200 rpc.system.name=aws-api tf_provider_addr=registry.terraform.io/hashicorp/aws tf_rpc=ApplyResourceChange http.duration=473 rpc.method=EC2/DescribeInstanceAttribute tf_aws.sdk=aws-sdk-go-v2 tf_aws.signing_region="" aws.region=us-east-1 http.response.header.cache_control="no-cache, no-store" http.response.header.strict_transport_security="max-age=31536000; includeSubDomains" http.response_content_length=382 tf_req_id=611f9f29-cb15-b023-6d75-e8c6615f20cf @caller=github.com/hashicorp/aws-sdk-go-base/v2@v2.0.0-beta.73/logging/tf_logger.go:45
  http.response.body=
  | <?xml version="1.0" encoding="UTF-8"?>
  | <DescribeInstanceAttributeResponse xmlns="http://ec2.amazonaws.com/doc/2016-11-15/">
  |     <requestId>0fe683ec-6acc-4f6a-8b2b-f4e2ab1b0e6b</requestId>
  |     <instanceId>i-0375066a2908bdbaa</instanceId>
  |     <instanceInitiatedShutdownBehavior>
  |         <value>stop</value>
  |     </instanceInitiatedShutdownBehavior>
  | </DescribeInstanceAttributeResponse>
   http.response.header.content_type=text/xml;charset=UTF-8 http.response.header.server=AmazonEC2 http.response.header.x_amzn_requestid=0fe683ec-6acc-4f6a-8b2b-f4e2ab1b0e6b tf_mux_provider="*schema.GRPCProviderServer" tf_resource_type=aws_instance timestamp=2026-09-21T01:42:18.101Z
2026-09-21T01:42:18.105Z [DEBUG] provider.terraform-provider-aws_v6.65.0_x5: HTTP Response Received: http.response.header.date="Mon, 21 Sep 2026 01:42:18 GMT" http.response.header.server=AmazonEC2 rpc.method=EC2/DescribeInstanceAttribute rpc.system.name=aws-api tf_req_id=f3f6935d-eb7d-14c1-8edb-38a5b5405313 tf_resource_type=aws_instance tf_provider_addr=registry.terraform.io/hashicorp/aws aws.region=us-east-1 http.duration=473
  http.response.body=
  | <?xml version="1.0" encoding="UTF-8"?>
  | <DescribeInstanceAttributeResponse xmlns="http://ec2.amazonaws.com/doc/2016-11-15/">
  |     <requestId>10a39930-34b3-4879-be59-149abe1f615e</requestId>
  |     <instanceId>i-0183c7ae07ebb5fbd</instanceId>
  |     <instanceInitiatedShutdownBehavior>
  |         <value>stop</value>
  |     </instanceInitiatedShutdownBehavior>
  | </DescribeInstanceAttributeResponse>
   http.response.header.cache_control="no-cache, no-store" http.response.header.strict_transport_security="max-age=31536000; includeSubDomains" http.response_content_length=382 http.status_code=200 tf_mux_provider="*schema.GRPCProviderServer" @module=aws http.response.header.content_type=text/xml;charset=UTF-8 http.response.header.x_amzn_requestid=10a39930-34b3-4879-be59-149abe1f615e tf_aws.sdk=aws-sdk-go-v2 tf_aws.signing_region="" tf_rpc=ApplyResourceChange @caller=github.com/hashicorp/aws-sdk-go-base/v2@v2.0.0-beta.73/logging/tf_logger.go:45 timestamp=2026-09-21T01:42:18.104Z
2026-09-21T01:42:18.108Z [DEBUG] provider.terraform-provider-aws_v6.65.0_x5: HTTP Request Sent: @caller=github.com/hashicorp/aws-sdk-go-base/v2@v2.0.0-beta.73/logging/tf_logger.go:45 aws.region=us-east-1 http.method=POST http.request.header.amz_sdk_invocation_id=93582bb7-e3fb-4dad-ba1a-c7f556d1292e http.request.header.amz_sdk_request="attempt=1; max=25" http.request.header.content_type=application/x-www-form-urlencoded @module=aws
  http.request.body=
  | Action=DescribeVolumes&Version=2016-11-15&VolumeId.1=vol-0682103a1626de428
   http.request.header.authorization="AWS4-HMAC-SHA256 Credential=AKIA************HAG5/20260921/us-east-1/ec2/aws4_request, SignedHeaders=amz-sdk-invocation-id;amz-sdk-request;content-length;content-type;host;x-amz-date, Signature=*****" http.request.header.x_amz_date=20260921T014218Z http.request_content_length=74 http.url=https://ec2.us-east-1.amazonaws.com/ http.user_agent="APN/1.0 HashiCorp/1.0 Terraform/1.16.3 (+https://www.terraform.io) terraform-provider-aws/6.65.0 (+https://registry.terraform.io/providers/hashicorp/aws) aws-sdk-go-v2/1.47.0 ua/2.1 os/linux lang/go#1.26.6 md/GOOS#linux md/GOARCH#amd64 api/ec2#1.332.0 m/n" rpc.method=EC2/DescribeVolumes tf_aws.sdk=aws-sdk-go-v2 tf_aws.signing_region="" tf_mux_provider="*schema.GRPCProviderServer" tf_resource_type=aws_instance tf_rpc=ApplyResourceChange net.peer.name=ec2.us-east-1.amazonaws.com rpc.system.name=aws-api tf_provider_addr=registry.terraform.io/hashicorp/aws tf_req_id=611f9f29-cb15-b023-6d75-e8c6615f20cf timestamp=2026-09-21T01:42:18.106Z
2026-09-21T01:42:18.110Z [DEBUG] provider.terraform-provider-aws_v6.65.0_x5: HTTP Request Sent: rpc.system.name=aws-api
  http.request.body=
  | Action=DescribeVolumes&Version=2016-11-15&VolumeId.1=vol-048d29dd3f365fea0
   http.request.header.x_amz_date=20260921T014218Z http.request_content_length=74 tf_provider_addr=registry.terraform.io/hashicorp/aws tf_req_id=137eee9d-6d4d-d2ec-49f3-27b2e5990e91 tf_resource_type=aws_instance tf_rpc=ApplyResourceChange @caller=github.com/hashicorp/aws-sdk-go-base/v2@v2.0.0-beta.73/logging/tf_logger.go:45 @module=aws aws.region=us-east-1 http.request.header.amz_sdk_invocation_id=b9cd3e9f-651c-4bcc-bcc0-50ef8aa16412 http.request.header.amz_sdk_request="attempt=1; max=25" http.request.header.content_type=application/x-www-form-urlencoded http.user_agent="APN/1.0 HashiCorp/1.0 Terraform/1.16.3 (+https://www.terraform.io) terraform-provider-aws/6.65.0 (+https://registry.terraform.io/providers/hashicorp/aws) aws-sdk-go-v2/1.47.0 ua/2.1 os/linux lang/go#1.26.6 md/GOOS#linux md/GOARCH#amd64 api/ec2#1.332.0 m/n" http.method=POST http.url=https://ec2.us-east-1.amazonaws.com/ net.peer.name=ec2.us-east-1.amazonaws.com tf_aws.sdk=aws-sdk-go-v2 tf_aws.signing_region="" tf_mux_provider="*schema.GRPCProviderServer" http.request.header.authorization="AWS4-HMAC-SHA256 Credential=AKIA************HAG5/20260921/us-east-1/ec2/aws4_request, SignedHeaders=amz-sdk-invocation-id;amz-sdk-request;content-length;content-type;host;x-amz-date, Signature=*****" rpc.method=EC2/DescribeVolumes timestamp=2026-09-21T01:42:18.106Z
2026-09-21T01:42:18.111Z [DEBUG] provider.terraform-provider-aws_v6.65.0_x5: HTTP Request Sent: net.peer.name=ec2.us-east-1.amazonaws.com tf_provider_addr=registry.terraform.io/hashicorp/aws
  http.request.body=
  | Action=DescribeVolumes&Version=2016-11-15&VolumeId.1=vol-0bd946803324d5486
   http.request.header.amz_sdk_request="attempt=1; max=25" http.url=https://ec2.us-east-1.amazonaws.com/ rpc.method=EC2/DescribeVolumes tf_aws.sdk=aws-sdk-go-v2 tf_aws.signing_region="" @caller=github.com/hashicorp/aws-sdk-go-base/v2@v2.0.0-beta.73/logging/tf_logger.go:45 aws.region=us-east-1 http.user_agent="APN/1.0 HashiCorp/1.0 Terraform/1.16.3 (+https://www.terraform.io) terraform-provider-aws/6.65.0 (+https://registry.terraform.io/providers/hashicorp/aws) aws-sdk-go-v2/1.47.0 ua/2.1 os/linux lang/go#1.26.6 md/GOOS#linux md/GOARCH#amd64 api/ec2#1.332.0 m/n" rpc.system.name=aws-api tf_mux_provider="*schema.GRPCProviderServer" tf_resource_type=aws_instance http.request.header.amz_sdk_invocation_id=f83e4be2-f754-4d84-92bf-7c49b9d50d25 http.request_content_length=74 tf_req_id=f3f6935d-eb7d-14c1-8edb-38a5b5405313 tf_rpc=ApplyResourceChange @module=aws http.method=POST http.request.header.authorization="AWS4-HMAC-SHA256 Credential=AKIA************HAG5/20260921/us-east-1/ec2/aws4_request, SignedHeaders=amz-sdk-invocation-id;amz-sdk-request;content-length;content-type;host;x-amz-date, Signature=*****" http.request.header.content_type=application/x-www-form-urlencoded http.request.header.x_amz_date=20260921T014218Z timestamp=2026-09-21T01:42:18.107Z
2026-09-21T01:42:18.470Z [DEBUG] provider.terraform-provider-aws_v6.65.0_x5: HTTP Response Received:
  http.response.body=
  | <?xml version="1.0" encoding="UTF-8"?>
  | <DescribeVolumesResponse xmlns="http://ec2.amazonaws.com/doc/2016-11-15/">
  |     <requestId>35325944-5e81-44da-a731-940a8f370243</requestId>
  |     <volumeSet>
  |         <item>
  |             <volumeId>vol-0bd946803324d5486</volumeId>
  |             <size>8</size>
  |             <snapshotId>snap-01a113b832b767185</snapshotId>
  |             <availabilityZone>us-east-1d</availabilityZone>
  |             <availabilityZoneId>use1-az6</availabilityZoneId>
  |             <status>in-use</status>
  |             <createTime>2026-09-21T01:42:06.343Z</createTime>
  |             <attachmentSet>
  |                 <item>
  |                     <volumeId>vol-0bd946803324d5486</volumeId>
  |                     <instanceId>i-0183c7ae07ebb5fbd</instanceId>
  |                     <device>/dev/xvda</device>
  |                     <status>attached</status>
  |                     <attachTime>2026-09-21T01:42:06.000Z</attachTime>
  |                     <deleteOnTermination>true</deleteOnTermination>
  |                     <ebsCardIndex>0</ebsCardIndex>
  |                     <availabilityZone>us-east-1d</availabilityZone>
  |                     <availabilityZoneId>use1-az6</availabilityZoneId>
  |                 </item>
  |             </attachmentSet>
  |             <volumeType>gp3</volumeType>
  |             <iops>3000</iops>
  |             <encrypted>false</encrypted>
  |             <multiAttachEnabled>false</multiAttachEnabled>
  |             <throughput>125</throughput>
  |             <operator>
  |                 <managed>false</managed>
  |                 <hiddenByDefault>false</hiddenByDefault>
  |             </operator>
  |             <volumeArn>arn:aws:ec2:us-east-1:020651500156:volume/vol-0bd946803324d5486</volumeArn>
  |             <ownerId>020651500156</ownerId>
  |         </item>
  |     </volumeSet>
  | </DescribeVolumesResponse>
   tf_aws.sdk=aws-sdk-go-v2 aws.region=us-east-1 http.response.header.cache_control="no-cache, no-store" http.response_content_length=1782 tf_mux_provider="*schema.GRPCProviderServer" tf_req_id=f3f6935d-eb7d-14c1-8edb-38a5b5405313 http.response.header.server=AmazonEC2 @module=aws http.duration=360 http.response.header.date="Mon, 21 Sep 2026 01:42:18 GMT" http.status_code=200 rpc.method=EC2/DescribeVolumes tf_resource_type=aws_instance tf_rpc=ApplyResourceChange http.response.header.content_type=text/xml;charset=UTF-8 rpc.system.name=aws-api tf_aws.signing_region="" tf_provider_addr=registry.terraform.io/hashicorp/aws http.response.header.strict_transport_security="max-age=31536000; includeSubDomains" http.response.header.x_amzn_requestid=35325944-5e81-44da-a731-940a8f370243 @caller=github.com/hashicorp/aws-sdk-go-base/v2@v2.0.0-beta.73/logging/tf_logger.go:45 timestamp=2026-09-21T01:42:18.468Z
2026-09-21T01:42:18.473Z [DEBUG] provider.terraform-provider-aws_v6.65.0_x5: HTTP Response Received: http.response_content_length=1782 http.status_code=200 tf_provider_addr=registry.terraform.io/hashicorp/aws tf_resource_type=aws_instance http.response.header.cache_control="no-cache, no-store" http.response.header.server=AmazonEC2 rpc.method=EC2/DescribeVolumes tf_mux_provider="*schema.GRPCProviderServer"
  http.response.body=
  | <?xml version="1.0" encoding="UTF-8"?>
  | <DescribeVolumesResponse xmlns="http://ec2.amazonaws.com/doc/2016-11-15/">
  |     <requestId>d0a040f3-c63d-412e-a070-003a271c481c</requestId>
  |     <volumeSet>
  |         <item>
  |             <volumeId>vol-048d29dd3f365fea0</volumeId>
  |             <size>8</size>
  |             <snapshotId>snap-01a113b832b767185</snapshotId>
  |             <availabilityZone>us-east-1d</availabilityZone>
  |             <availabilityZoneId>use1-az6</availabilityZoneId>
  |             <status>in-use</status>
  |             <createTime>2026-09-21T01:42:06.966Z</createTime>
  |             <attachmentSet>
  |                 <item>
  |                     <volumeId>vol-048d29dd3f365fea0</volumeId>
  |                     <instanceId>i-0e8c6fb6bc29c8abf</instanceId>
  |                     <device>/dev/xvda</device>
  |                     <status>attached</status>
  |                     <attachTime>2026-09-21T01:42:06.000Z</attachTime>
  |                     <deleteOnTermination>true</deleteOnTermination>
  |                     <ebsCardIndex>0</ebsCardIndex>
  |                     <availabilityZone>us-east-1d</availabilityZone>
  |                     <availabilityZoneId>use1-az6</availabilityZoneId>
  |                 </item>
  |             </attachmentSet>
  |             <volumeType>gp3</volumeType>
  |             <iops>3000</iops>
  |             <encrypted>false</encrypted>
  |             <multiAttachEnabled>false</multiAttachEnabled>
  |             <throughput>125</throughput>
  |             <operator>
  |                 <managed>false</managed>
  |                 <hiddenByDefault>false</hiddenByDefault>
  |             </operator>
  |             <volumeArn>arn:aws:ec2:us-east-1:020651500156:volume/vol-048d29dd3f365fea0</volumeArn>
  |             <ownerId>020651500156</ownerId>
  |         </item>
  |     </volumeSet>
  | </DescribeVolumesResponse>
   http.response.header.content_type=text/xml;charset=UTF-8 tf_aws.sdk=aws-sdk-go-v2 tf_req_id=137eee9d-6d4d-d2ec-49f3-27b2e5990e91 tf_rpc=ApplyResourceChange @caller=github.com/hashicorp/aws-sdk-go-base/v2@v2.0.0-beta.73/logging/tf_logger.go:45 aws.region=us-east-1 http.response.header.strict_transport_security="max-age=31536000; includeSubDomains" http.response.header.x_amzn_requestid=d0a040f3-c63d-412e-a070-003a271c481c rpc.system.name=aws-api tf_aws.signing_region="" @module=aws http.duration=364 http.response.header.date="Mon, 21 Sep 2026 01:42:18 GMT" timestamp=2026-09-21T01:42:18.472Z
2026-09-21T01:42:18.479Z [DEBUG] provider.terraform-provider-aws_v6.65.0_x5: HTTP Request Sent: http.request.header.x_amz_date=20260921T014218Z http.user_agent="APN/1.0 HashiCorp/1.0 Terraform/1.16.3 (+https://www.terraform.io) terraform-provider-aws/6.65.0 (+https://registry.terraform.io/providers/hashicorp/aws) aws-sdk-go-v2/1.47.0 ua/2.1 os/linux lang/go#1.26.6 md/GOOS#linux md/GOARCH#amd64 api/ec2#1.332.0 m/n" net.peer.name=ec2.us-east-1.amazonaws.com rpc.method=EC2/DescribeInstanceAttribute http.request.header.authorization="AWS4-HMAC-SHA256 Credential=AKIA************HAG5/20260921/us-east-1/ec2/aws4_request, SignedHeaders=amz-sdk-invocation-id;amz-sdk-request;content-length;content-type;host;x-amz-date, Signature=*****" http.request.header.content_type=application/x-www-form-urlencoded rpc.system.name=aws-api tf_aws.sdk=aws-sdk-go-v2 tf_aws.signing_region="" tf_mux_provider="*schema.GRPCProviderServer" tf_provider_addr=registry.terraform.io/hashicorp/aws @module=aws aws.region=us-east-1
  http.request.body=
  | Action=DescribeInstanceAttribute&Attribute=disableApiStop&InstanceId=i-0183c7ae07ebb5fbd&Version=2016-11-15
   http.request_content_length=107 @caller=github.com/hashicorp/aws-sdk-go-base/v2@v2.0.0-beta.73/logging/tf_logger.go:45 http.url=https://ec2.us-east-1.amazonaws.com/ tf_req_id=f3f6935d-eb7d-14c1-8edb-38a5b5405313 tf_resource_type=aws_instance tf_rpc=ApplyResourceChange http.method=POST http.request.header.amz_sdk_invocation_id=063df758-35fb-48b5-a1f0-b2b891ecf2a5 http.request.header.amz_sdk_request="attempt=1; max=25" timestamp=2026-09-21T01:42:18.478Z
2026-09-21T01:42:18.481Z [DEBUG] provider.terraform-provider-aws_v6.65.0_x5: HTTP Request Sent: http.url=https://ec2.us-east-1.amazonaws.com/ net.peer.name=ec2.us-east-1.amazonaws.com rpc.method=EC2/DescribeInstanceAttribute @caller=github.com/hashicorp/aws-sdk-go-base/v2@v2.0.0-beta.73/logging/tf_logger.go:45 @module=aws aws.region=us-east-1 rpc.system.name=aws-api tf_provider_addr=registry.terraform.io/hashicorp/aws tf_rpc=ApplyResourceChange http.request.header.amz_sdk_invocation_id=bfee17b1-d17e-42b9-9058-f9419a038e1c http.request_content_length=107 tf_aws.sdk=aws-sdk-go-v2 tf_aws.signing_region="" tf_mux_provider="*schema.GRPCProviderServer" tf_req_id=137eee9d-6d4d-d2ec-49f3-27b2e5990e91 http.request.header.amz_sdk_request="attempt=1; max=25" http.request.header.authorization="AWS4-HMAC-SHA256 Credential=AKIA************HAG5/20260921/us-east-1/ec2/aws4_request, SignedHeaders=amz-sdk-invocation-id;amz-sdk-request;content-length;content-type;host;x-amz-date, Signature=*****" http.request.header.content_type=application/x-www-form-urlencoded http.user_agent="APN/1.0 HashiCorp/1.0 Terraform/1.16.3 (+https://www.terraform.io) terraform-provider-aws/6.65.0 (+https://registry.terraform.io/providers/hashicorp/aws) aws-sdk-go-v2/1.47.0 ua/2.1 os/linux lang/go#1.26.6 md/GOOS#linux md/GOARCH#amd64 api/ec2#1.332.0 m/n" tf_resource_type=aws_instance http.method=POST
  http.request.body=
  | Action=DescribeInstanceAttribute&Attribute=disableApiStop&InstanceId=i-0e8c6fb6bc29c8abf&Version=2016-11-15
   http.request.header.x_amz_date=20260921T014218Z timestamp=2026-09-21T01:42:18.478Z
2026-09-21T01:42:18.523Z [DEBUG] provider.terraform-provider-aws_v6.65.0_x5: HTTP Response Received: http.response.header.strict_transport_security="max-age=31536000; includeSubDomains" tf_mux_provider="*schema.GRPCProviderServer" tf_req_id=611f9f29-cb15-b023-6d75-e8c6615f20cf http.response.header.content_type=text/xml;charset=UTF-8 http.response.header.date="Mon, 21 Sep 2026 01:42:18 GMT" tf_aws.signing_region=""
  http.response.body=
  | <?xml version="1.0" encoding="UTF-8"?>
  | <DescribeVolumesResponse xmlns="http://ec2.amazonaws.com/doc/2016-11-15/">
  |     <requestId>9340c8dc-dcdb-4b44-8fce-c9ba342da44e</requestId>
  |     <volumeSet>
  |         <item>
  |             <volumeId>vol-0682103a1626de428</volumeId>
  |             <size>8</size>
  |             <snapshotId>snap-01a113b832b767185</snapshotId>
  |             <availabilityZone>us-east-1d</availabilityZone>
  |             <availabilityZoneId>use1-az6</availabilityZoneId>
  |             <status>in-use</status>
  |             <createTime>2026-09-21T01:42:06.452Z</createTime>
  |             <attachmentSet>
  |                 <item>
  |                     <volumeId>vol-0682103a1626de428</volumeId>
  |                     <instanceId>i-0375066a2908bdbaa</instanceId>
  |                     <device>/dev/xvda</device>
  |                     <status>attached</status>
  |                     <attachTime>2026-09-21T01:42:06.000Z</attachTime>
  |                     <deleteOnTermination>true</deleteOnTermination>
  |                     <ebsCardIndex>0</ebsCardIndex>
  |                     <availabilityZone>us-east-1d</availabilityZone>
  |                     <availabilityZoneId>use1-az6</availabilityZoneId>
  |                 </item>
  |             </attachmentSet>
  |             <volumeType>gp3</volumeType>
  |             <iops>3000</iops>
  |             <encrypted>false</encrypted>
  |             <multiAttachEnabled>false</multiAttachEnabled>
  |             <throughput>125</throughput>
  |             <operator>
  |                 <managed>false</managed>
  |                 <hiddenByDefault>false</hiddenByDefault>
  |             </operator>
  |             <volumeArn>arn:aws:ec2:us-east-1:020651500156:volume/vol-0682103a1626de428</volumeArn>
  |             <ownerId>020651500156</ownerId>
  |         </item>
  |     </volumeSet>
  | </DescribeVolumesResponse>
   http.response.header.cache_control="no-cache, no-store" http.response.header.server=AmazonEC2 http.response_content_length=1782 http.status_code=200 rpc.method=EC2/DescribeVolumes rpc.system.name=aws-api @module=aws aws.region=us-east-1 http.duration=415 http.response.header.x_amzn_requestid=9340c8dc-dcdb-4b44-8fce-c9ba342da44e tf_aws.sdk=aws-sdk-go-v2 tf_provider_addr=registry.terraform.io/hashicorp/aws tf_resource_type=aws_instance tf_rpc=ApplyResourceChange @caller=github.com/hashicorp/aws-sdk-go-base/v2@v2.0.0-beta.73/logging/tf_logger.go:45 timestamp=2026-09-21T01:42:18.522Z
2026-09-21T01:42:18.526Z [DEBUG] provider.terraform-provider-aws_v6.65.0_x5: HTTP Request Sent: http.request.header.x_amz_date=20260921T014218Z tf_req_id=611f9f29-cb15-b023-6d75-e8c6615f20cf @caller=github.com/hashicorp/aws-sdk-go-base/v2@v2.0.0-beta.73/logging/tf_logger.go:45
  http.request.body=
  | Action=DescribeInstanceAttribute&Attribute=disableApiStop&InstanceId=i-0375066a2908bdbaa&Version=2016-11-15
   http.request.header.content_type=application/x-www-form-urlencoded http.user_agent="APN/1.0 HashiCorp/1.0 Terraform/1.16.3 (+https://www.terraform.io) terraform-provider-aws/6.65.0 (+https://registry.terraform.io/providers/hashicorp/aws) aws-sdk-go-v2/1.47.0 ua/2.1 os/linux lang/go#1.26.6 md/GOOS#linux md/GOARCH#amd64 api/ec2#1.332.0 m/n" tf_mux_provider="*schema.GRPCProviderServer" tf_provider_addr=registry.terraform.io/hashicorp/aws tf_rpc=ApplyResourceChange http.request.header.authorization="AWS4-HMAC-SHA256 Credential=AKIA************HAG5/20260921/us-east-1/ec2/aws4_request, SignedHeaders=amz-sdk-invocation-id;amz-sdk-request;content-length;content-type;host;x-amz-date, Signature=*****" rpc.method=EC2/DescribeInstanceAttribute rpc.system.name=aws-api tf_aws.sdk=aws-sdk-go-v2 tf_aws.signing_region="" @module=aws http.request.header.amz_sdk_invocation_id=792448f4-ceea-47bc-8b15-a883e3b48686 http.request_content_length=107 http.url=https://ec2.us-east-1.amazonaws.com/ net.peer.name=ec2.us-east-1.amazonaws.com tf_resource_type=aws_instance aws.region=us-east-1 http.method=POST http.request.header.amz_sdk_request="attempt=1; max=25" timestamp=2026-09-21T01:42:18.525Z
2026-09-21T01:42:18.862Z [DEBUG] provider.terraform-provider-aws_v6.65.0_x5: HTTP Response Received: rpc.method=EC2/DescribeInstanceAttribute @caller=github.com/hashicorp/aws-sdk-go-base/v2@v2.0.0-beta.73/logging/tf_logger.go:45 http.status_code=200 rpc.system.name=aws-api tf_aws.signing_region="" @module=aws aws.region=us-east-1 http.duration=382 tf_aws.sdk=aws-sdk-go-v2 tf_req_id=f3f6935d-eb7d-14c1-8edb-38a5b5405313 tf_resource_type=aws_instance http.response.header.date="Mon, 21 Sep 2026 01:42:18 GMT" http.response.header.server=AmazonEC2 http.response.header.strict_transport_security="max-age=31536000; includeSubDomains" http.response.header.x_amzn_requestid=e94c9fc2-0d46-4f80-977a-1c0ba3a243ea http.response_content_length=345 tf_mux_provider="*schema.GRPCProviderServer" tf_provider_addr=registry.terraform.io/hashicorp/aws tf_rpc=ApplyResourceChange
  http.response.body=
  | <?xml version="1.0" encoding="UTF-8"?>
  | <DescribeInstanceAttributeResponse xmlns="http://ec2.amazonaws.com/doc/2016-11-15/">
  |     <requestId>e94c9fc2-0d46-4f80-977a-1c0ba3a243ea</requestId>
  |     <instanceId>i-0183c7ae07ebb5fbd</instanceId>
  |     <disableApiStop>
  |         <value>false</value>
  |     </disableApiStop>
  | </DescribeInstanceAttributeResponse>
   http.response.header.cache_control="no-cache, no-store" http.response.header.content_type=text/xml;charset=UTF-8 timestamp=2026-09-21T01:42:18.861Z
2026-09-21T01:42:18.865Z [DEBUG] provider.terraform-provider-aws_v6.65.0_x5: HTTP Request Sent: tf_resource_type=aws_instance tf_rpc=ApplyResourceChange @caller=github.com/hashicorp/aws-sdk-go-base/v2@v2.0.0-beta.73/logging/tf_logger.go:45
  http.request.body=
  | Action=DescribeInstanceAttribute&Attribute=disableApiTermination&InstanceId=i-0183c7ae07ebb5fbd&Version=2016-11-15
   http.request.header.amz_sdk_request="attempt=1; max=25" http.user_agent="APN/1.0 HashiCorp/1.0 Terraform/1.16.3 (+https://www.terraform.io) terraform-provider-aws/6.65.0 (+https://registry.terraform.io/providers/hashicorp/aws) aws-sdk-go-v2/1.47.0 ua/2.1 os/linux lang/go#1.26.6 md/GOOS#linux md/GOARCH#amd64 api/ec2#1.332.0 m/n" rpc.method=EC2/DescribeInstanceAttribute @module=aws aws.region=us-east-1 http.method=POST http.request.header.amz_sdk_invocation_id=52e8b86e-188c-438e-8182-9d6e242ff017 http.request.header.x_amz_date=20260921T014218Z http.url=https://ec2.us-east-1.amazonaws.com/ tf_aws.sdk=aws-sdk-go-v2 tf_aws.signing_region="" http.request.header.content_type=application/x-www-form-urlencoded http.request_content_length=114 tf_provider_addr=registry.terraform.io/hashicorp/aws http.request.header.authorization="AWS4-HMAC-SHA256 Credential=AKIA************HAG5/20260921/us-east-1/ec2/aws4_request, SignedHeaders=amz-sdk-invocation-id;amz-sdk-request;content-length;content-type;host;x-amz-date, Signature=*****" net.peer.name=ec2.us-east-1.amazonaws.com rpc.system.name=aws-api tf_mux_provider="*schema.GRPCProviderServer" tf_req_id=f3f6935d-eb7d-14c1-8edb-38a5b5405313 timestamp=2026-09-21T01:42:18.864Z
2026-09-21T01:42:18.868Z [DEBUG] provider.terraform-provider-aws_v6.65.0_x5: HTTP Response Received: tf_aws.sdk=aws-sdk-go-v2 tf_mux_provider="*schema.GRPCProviderServer" tf_req_id=137eee9d-6d4d-d2ec-49f3-27b2e5990e91 tf_rpc=ApplyResourceChange http.response.header.server=AmazonEC2 @module=aws aws.region=us-east-1 http.duration=388
  http.response.body=
  | <?xml version="1.0" encoding="UTF-8"?>
  | <DescribeInstanceAttributeResponse xmlns="http://ec2.amazonaws.com/doc/2016-11-15/">
  |     <requestId>595cddc7-3c2a-46c1-8a93-d590b07e3544</requestId>
  |     <instanceId>i-0e8c6fb6bc29c8abf</instanceId>
  |     <disableApiStop>
  |         <value>false</value>
  |     </disableApiStop>
  | </DescribeInstanceAttributeResponse>
   http.response.header.content_type=text/xml;charset=UTF-8 http.response.header.date="Mon, 21 Sep 2026 01:42:18 GMT" @caller=github.com/hashicorp/aws-sdk-go-base/v2@v2.0.0-beta.73/logging/tf_logger.go:45 http.response.header.cache_control="no-cache, no-store" http.response_content_length=345 http.status_code=200 rpc.method=EC2/DescribeInstanceAttribute rpc.system.name=aws-api tf_aws.signing_region="" tf_provider_addr=registry.terraform.io/hashicorp/aws http.response.header.x_amzn_requestid=595cddc7-3c2a-46c1-8a93-d590b07e3544 tf_resource_type=aws_instance http.response.header.strict_transport_security="max-age=31536000; includeSubDomains" timestamp=2026-09-21T01:42:18.867Z
2026-09-21T01:42:18.870Z [DEBUG] provider.terraform-provider-aws_v6.65.0_x5: HTTP Request Sent: http.user_agent="APN/1.0 HashiCorp/1.0 Terraform/1.16.3 (+https://www.terraform.io) terraform-provider-aws/6.65.0 (+https://registry.terraform.io/providers/hashicorp/aws) aws-sdk-go-v2/1.47.0 ua/2.1 os/linux lang/go#1.26.6 md/GOOS#linux md/GOARCH#amd64 api/ec2#1.332.0 m/n" tf_req_id=137eee9d-6d4d-d2ec-49f3-27b2e5990e91 tf_rpc=ApplyResourceChange @caller=github.com/hashicorp/aws-sdk-go-base/v2@v2.0.0-beta.73/logging/tf_logger.go:45 http.request.header.amz_sdk_request="attempt=1; max=25" rpc.method=EC2/DescribeInstanceAttribute tf_provider_addr=registry.terraform.io/hashicorp/aws @module=aws http.method=POST
  http.request.body=
  | Action=DescribeInstanceAttribute&Attribute=disableApiTermination&InstanceId=i-0e8c6fb6bc29c8abf&Version=2016-11-15
   http.request.header.x_amz_date=20260921T014218Z net.peer.name=ec2.us-east-1.amazonaws.com tf_aws.sdk=aws-sdk-go-v2 tf_resource_type=aws_instance aws.region=us-east-1 http.request.header.content_type=application/x-www-form-urlencoded http.request_content_length=114 http.url=https://ec2.us-east-1.amazonaws.com/ rpc.system.name=aws-api tf_aws.signing_region="" tf_mux_provider="*schema.GRPCProviderServer" http.request.header.amz_sdk_invocation_id=43475643-7a96-4a00-b22c-9cb4f1b81c42 http.request.header.authorization="AWS4-HMAC-SHA256 Credential=AKIA************HAG5/20260921/us-east-1/ec2/aws4_request, SignedHeaders=amz-sdk-invocation-id;amz-sdk-request;content-length;content-type;host;x-amz-date, Signature=*****" timestamp=2026-09-21T01:42:18.870Z
2026-09-21T01:42:18.916Z [DEBUG] provider.terraform-provider-aws_v6.65.0_x5: HTTP Response Received: http.response.header.date="Mon, 21 Sep 2026 01:42:18 GMT" tf_req_id=611f9f29-cb15-b023-6d75-e8c6615f20cf tf_resource_type=aws_instance tf_rpc=ApplyResourceChange http.response.header.strict_transport_security="max-age=31536000; includeSubDomains" rpc.method=EC2/DescribeInstanceAttribute @caller=github.com/hashicorp/aws-sdk-go-base/v2@v2.0.0-beta.73/logging/tf_logger.go:45 http.response.header.server=AmazonEC2 http.response.header.x_amzn_requestid=720491ca-c320-4391-8190-01735a71e2cb http.response_content_length=345 tf_aws.sdk=aws-sdk-go-v2 tf_aws.signing_region="" @module=aws
  http.response.body=
  | <?xml version="1.0" encoding="UTF-8"?>
  | <DescribeInstanceAttributeResponse xmlns="http://ec2.amazonaws.com/doc/2016-11-15/">
  |     <requestId>720491ca-c320-4391-8190-01735a71e2cb</requestId>
  |     <instanceId>i-0375066a2908bdbaa</instanceId>
  |     <disableApiStop>
  |         <value>false</value>
  |     </disableApiStop>
  | </DescribeInstanceAttributeResponse>
   http.response.header.cache_control="no-cache, no-store" http.status_code=200 rpc.system.name=aws-api tf_mux_provider="*schema.GRPCProviderServer" tf_provider_addr=registry.terraform.io/hashicorp/aws aws.region=us-east-1 http.duration=388 http.response.header.content_type=text/xml;charset=UTF-8 timestamp=2026-09-21T01:42:18.915Z
2026-09-21T01:42:18.919Z [DEBUG] provider.terraform-provider-aws_v6.65.0_x5: HTTP Request Sent: @module=aws aws.region=us-east-1 http.method=POST http.request.header.amz_sdk_invocation_id=32e95e19-e657-4a17-8c52-ba4d9a479be8 net.peer.name=ec2.us-east-1.amazonaws.com http.url=https://ec2.us-east-1.amazonaws.com/ rpc.method=EC2/DescribeInstanceAttribute tf_aws.sdk=aws-sdk-go-v2 tf_provider_addr=registry.terraform.io/hashicorp/aws tf_req_id=611f9f29-cb15-b023-6d75-e8c6615f20cf tf_rpc=ApplyResourceChange http.request.header.amz_sdk_request="attempt=1; max=25" http.request.header.authorization="AWS4-HMAC-SHA256 Credential=AKIA************HAG5/20260921/us-east-1/ec2/aws4_request, SignedHeaders=amz-sdk-invocation-id;amz-sdk-request;content-length;content-type;host;x-amz-date, Signature=*****" http.request.header.content_type=application/x-www-form-urlencoded http.request.header.x_amz_date=20260921T014218Z tf_aws.signing_region="" tf_resource_type=aws_instance
  http.request.body=
  | Action=DescribeInstanceAttribute&Attribute=disableApiTermination&InstanceId=i-0375066a2908bdbaa&Version=2016-11-15
   http.request_content_length=114 http.user_agent="APN/1.0 HashiCorp/1.0 Terraform/1.16.3 (+https://www.terraform.io) terraform-provider-aws/6.65.0 (+https://registry.terraform.io/providers/hashicorp/aws) aws-sdk-go-v2/1.47.0 ua/2.1 os/linux lang/go#1.26.6 md/GOOS#linux md/GOARCH#amd64 api/ec2#1.332.0 m/n" rpc.system.name=aws-api tf_mux_provider="*schema.GRPCProviderServer" @caller=github.com/hashicorp/aws-sdk-go-base/v2@v2.0.0-beta.73/logging/tf_logger.go:45 timestamp=2026-09-21T01:42:18.918Z
2026-09-21T01:42:19.247Z [DEBUG] provider.terraform-provider-aws_v6.65.0_x5: HTTP Response Received: http.duration=381 http.response.header.content_type=text/xml;charset=UTF-8 http.response.header.x_amzn_requestid=72edcccb-abbe-46fd-b8ba-f72cf2048ea9
  http.response.body=
  | <?xml version="1.0" encoding="UTF-8"?>
  | <DescribeInstanceAttributeResponse xmlns="http://ec2.amazonaws.com/doc/2016-11-15/">
  |     <requestId>72edcccb-abbe-46fd-b8ba-f72cf2048ea9</requestId>
  |     <instanceId>i-0183c7ae07ebb5fbd</instanceId>
  |     <disableApiTermination>
  |         <value>false</value>
  |     </disableApiTermination>
  | </DescribeInstanceAttributeResponse>
   http.response.header.cache_control="no-cache, no-store" http.status_code=200 tf_aws.signing_region="" tf_provider_addr=registry.terraform.io/hashicorp/aws tf_rpc=ApplyResourceChange http.response_content_length=359 rpc.method=EC2/DescribeInstanceAttribute tf_aws.sdk=aws-sdk-go-v2 tf_mux_provider="*schema.GRPCProviderServer" tf_resource_type=aws_instance rpc.system.name=aws-api tf_req_id=f3f6935d-eb7d-14c1-8edb-38a5b5405313 http.response.header.date="Mon, 21 Sep 2026 01:42:19 GMT" http.response.header.server=AmazonEC2 http.response.header.strict_transport_security="max-age=31536000; includeSubDomains" @caller=github.com/hashicorp/aws-sdk-go-base/v2@v2.0.0-beta.73/logging/tf_logger.go:45 @module=aws aws.region=us-east-1 timestamp=2026-09-21T01:42:19.247Z
2026-09-21T01:42:19.248Z [DEBUG] provider.terraform-provider-aws_v6.65.0_x5: HTTP Response Received: tf_aws.signing_region="" tf_mux_provider="*schema.GRPCProviderServer" tf_provider_addr=registry.terraform.io/hashicorp/aws @caller=github.com/hashicorp/aws-sdk-go-base/v2@v2.0.0-beta.73/logging/tf_logger.go:45 aws.region=us-east-1 http.response.header.x_amzn_requestid=675e76a0-99c5-457d-a3fa-823d281b3be2 http.response_content_length=359 http.status_code=200 rpc.system.name=aws-api tf_req_id=137eee9d-6d4d-d2ec-49f3-27b2e5990e91 tf_rpc=ApplyResourceChange @module=aws http.duration=376 http.response.header.date="Mon, 21 Sep 2026 01:42:19 GMT" http.response.header.server=AmazonEC2 rpc.method=EC2/DescribeInstanceAttribute tf_aws.sdk=aws-sdk-go-v2 tf_resource_type=aws_instance
  http.response.body=
  | <?xml version="1.0" encoding="UTF-8"?>
  | <DescribeInstanceAttributeResponse xmlns="http://ec2.amazonaws.com/doc/2016-11-15/">
  |     <requestId>675e76a0-99c5-457d-a3fa-823d281b3be2</requestId>
  |     <instanceId>i-0e8c6fb6bc29c8abf</instanceId>
  |     <disableApiTermination>
  |         <value>false</value>
  |     </disableApiTermination>
  | </DescribeInstanceAttributeResponse>
   http.response.header.cache_control="no-cache, no-store" http.response.header.content_type=text/xml;charset=UTF-8 http.response.header.strict_transport_security="max-age=31536000; includeSubDomains" timestamp=2026-09-21T01:42:19.247Z
2026-09-21T01:42:19.249Z [DEBUG] provider.terraform-provider-aws_v6.65.0_x5: HTTP Request Sent: @module=aws
  http.request.body=
  | Action=DescribeInstanceAttribute&Attribute=userData&InstanceId=i-0e8c6fb6bc29c8abf&Version=2016-11-15
   http.request.header.amz_sdk_invocation_id=f35cc483-54c5-447c-8031-ca1dda9c3533 http.request.header.amz_sdk_request="attempt=1; max=25" http.request_content_length=101 rpc.method=EC2/DescribeInstanceAttribute tf_aws.signing_region="" tf_provider_addr=registry.terraform.io/hashicorp/aws aws.region=us-east-1 http.request.header.content_type=application/x-www-form-urlencoded http.request.header.x_amz_date=20260921T014219Z http.user_agent="APN/1.0 HashiCorp/1.0 Terraform/1.16.3 (+https://www.terraform.io) terraform-provider-aws/6.65.0 (+https://registry.terraform.io/providers/hashicorp/aws) aws-sdk-go-v2/1.47.0 ua/2.1 os/linux lang/go#1.26.6 md/GOOS#linux md/GOARCH#amd64 api/ec2#1.332.0 m/n" net.peer.name=ec2.us-east-1.amazonaws.com rpc.system.name=aws-api tf_aws.sdk=aws-sdk-go-v2 tf_req_id=137eee9d-6d4d-d2ec-49f3-27b2e5990e91 @caller=github.com/hashicorp/aws-sdk-go-base/v2@v2.0.0-beta.73/logging/tf_logger.go:45 http.method=POST http.request.header.authorization="AWS4-HMAC-SHA256 Credential=AKIA************HAG5/20260921/us-east-1/ec2/aws4_request, SignedHeaders=amz-sdk-invocation-id;amz-sdk-request;content-length;content-type;host;x-amz-date, Signature=*****" http.url=https://ec2.us-east-1.amazonaws.com/ tf_rpc=ApplyResourceChange tf_mux_provider="*schema.GRPCProviderServer" tf_resource_type=aws_instance timestamp=2026-09-21T01:42:19.248Z
2026-09-21T01:42:19.250Z [DEBUG] provider.terraform-provider-aws_v6.65.0_x5: HTTP Request Sent: http.request.header.authorization="AWS4-HMAC-SHA256 Credential=AKIA************HAG5/20260921/us-east-1/ec2/aws4_request, SignedHeaders=amz-sdk-invocation-id;amz-sdk-request;content-length;content-type;host;x-amz-date, Signature=*****" http.url=https://ec2.us-east-1.amazonaws.com/ net.peer.name=ec2.us-east-1.amazonaws.com http.method=POST
  http.request.body=
  | Action=DescribeInstanceAttribute&Attribute=userData&InstanceId=i-0183c7ae07ebb5fbd&Version=2016-11-15
   http.request.header.amz_sdk_request="attempt=1; max=25" http.request.header.content_type=application/x-www-form-urlencoded http.user_agent="APN/1.0 HashiCorp/1.0 Terraform/1.16.3 (+https://www.terraform.io) terraform-provider-aws/6.65.0 (+https://registry.terraform.io/providers/hashicorp/aws) aws-sdk-go-v2/1.47.0 ua/2.1 os/linux lang/go#1.26.6 md/GOOS#linux md/GOARCH#amd64 api/ec2#1.332.0 m/n" rpc.method=EC2/DescribeInstanceAttribute tf_rpc=ApplyResourceChange aws.region=us-east-1 http.request.header.amz_sdk_invocation_id=a107a767-98d9-4696-89f9-98b11e4f925b tf_aws.sdk=aws-sdk-go-v2 tf_aws.signing_region="" tf_provider_addr=registry.terraform.io/hashicorp/aws tf_req_id=f3f6935d-eb7d-14c1-8edb-38a5b5405313 @module=aws http.request.header.x_amz_date=20260921T014219Z http.request_content_length=101 rpc.system.name=aws-api tf_mux_provider="*schema.GRPCProviderServer" tf_resource_type=aws_instance @caller=github.com/hashicorp/aws-sdk-go-base/v2@v2.0.0-beta.73/logging/tf_logger.go:45 timestamp=2026-09-21T01:42:19.248Z
2026-09-21T01:42:19.301Z [DEBUG] provider.terraform-provider-aws_v6.65.0_x5: HTTP Response Received: http.response.header.x_amzn_requestid=c5117db1-214b-4b80-8179-02a90e60cf70 http.response.header.cache_control="no-cache, no-store" http.response.header.date="Mon, 21 Sep 2026 01:42:19 GMT" http.response.header.server=AmazonEC2 http.response.header.strict_transport_security="max-age=31536000; includeSubDomains" tf_aws.sdk=aws-sdk-go-v2 tf_aws.signing_region="" tf_resource_type=aws_instance @module=aws http.duration=382 http.response.header.content_type=text/xml;charset=UTF-8 http.response_content_length=359 http.status_code=200 rpc.system.name=aws-api tf_provider_addr=registry.terraform.io/hashicorp/aws @caller=github.com/hashicorp/aws-sdk-go-base/v2@v2.0.0-beta.73/logging/tf_logger.go:45
  http.response.body=
  | <?xml version="1.0" encoding="UTF-8"?>
  | <DescribeInstanceAttributeResponse xmlns="http://ec2.amazonaws.com/doc/2016-11-15/">
  |     <requestId>c5117db1-214b-4b80-8179-02a90e60cf70</requestId>
  |     <instanceId>i-0375066a2908bdbaa</instanceId>
  |     <disableApiTermination>
  |         <value>false</value>
  |     </disableApiTermination>
  | </DescribeInstanceAttributeResponse>
   rpc.method=EC2/DescribeInstanceAttribute tf_mux_provider="*schema.GRPCProviderServer" tf_req_id=611f9f29-cb15-b023-6d75-e8c6615f20cf tf_rpc=ApplyResourceChange aws.region=us-east-1 timestamp=2026-09-21T01:42:19.300Z
2026-09-21T01:42:19.302Z [DEBUG] provider.terraform-provider-aws_v6.65.0_x5: HTTP Request Sent: net.peer.name=ec2.us-east-1.amazonaws.com tf_aws.sdk=aws-sdk-go-v2 tf_req_id=611f9f29-cb15-b023-6d75-e8c6615f20cf http.user_agent="APN/1.0 HashiCorp/1.0 Terraform/1.16.3 (+https://www.terraform.io) terraform-provider-aws/6.65.0 (+https://registry.terraform.io/providers/hashicorp/aws) aws-sdk-go-v2/1.47.0 ua/2.1 os/linux lang/go#1.26.6 md/GOOS#linux md/GOARCH#amd64 api/ec2#1.332.0 m/n" tf_aws.signing_region="" tf_mux_provider="*schema.GRPCProviderServer" tf_resource_type=aws_instance tf_rpc=ApplyResourceChange aws.region=us-east-1
  http.request.body=
  | Action=DescribeInstanceAttribute&Attribute=userData&InstanceId=i-0375066a2908bdbaa&Version=2016-11-15
   http.request.header.content_type=application/x-www-form-urlencoded http.request.header.x_amz_date=20260921T014219Z http.request_content_length=101 http.url=https://ec2.us-east-1.amazonaws.com/ rpc.method=EC2/DescribeInstanceAttribute @caller=github.com/hashicorp/aws-sdk-go-base/v2@v2.0.0-beta.73/logging/tf_logger.go:45 @module=aws http.method=POST http.request.header.amz_sdk_invocation_id=aeaea437-1d27-4d68-95b4-91f0482ee50d rpc.system.name=aws-api tf_provider_addr=registry.terraform.io/hashicorp/aws http.request.header.amz_sdk_request="attempt=1; max=25" http.request.header.authorization="AWS4-HMAC-SHA256 Credential=AKIA************HAG5/20260921/us-east-1/ec2/aws4_request, SignedHeaders=amz-sdk-invocation-id;amz-sdk-request;content-length;content-type;host;x-amz-date, Signature=*****" timestamp=2026-09-21T01:42:19.301Z
2026-09-21T01:42:19.713Z [DEBUG] provider.terraform-provider-aws_v6.65.0_x5: HTTP Response Received: tf_resource_type=aws_instance http.response.header.strict_transport_security="max-age=31536000; includeSubDomains" http.response.header.content_type=text/xml;charset=UTF-8 http.response.header.date="Mon, 21 Sep 2026 01:42:19 GMT" http.response.header.server=AmazonEC2 rpc.method=EC2/DescribeInstanceAttribute rpc.system.name=aws-api tf_aws.sdk=aws-sdk-go-v2 http.duration=463 http.response.header.cache_control="no-cache, no-store" http.response.header.x_amzn_requestid=b55f24ed-b811-4115-bab1-79a6559b9d5a http.response_content_length=289 tf_mux_provider="*schema.GRPCProviderServer" tf_provider_addr=registry.terraform.io/hashicorp/aws tf_req_id=f3f6935d-eb7d-14c1-8edb-38a5b5405313 tf_rpc=ApplyResourceChange @caller=github.com/hashicorp/aws-sdk-go-base/v2@v2.0.0-beta.73/logging/tf_logger.go:45
  http.response.body=
  | <?xml version="1.0" encoding="UTF-8"?>
  | <DescribeInstanceAttributeResponse xmlns="http://ec2.amazonaws.com/doc/2016-11-15/">
  |     <requestId>b55f24ed-b811-4115-bab1-79a6559b9d5a</requestId>
  |     <instanceId>i-0183c7ae07ebb5fbd</instanceId>
  |     <userData/>
  | </DescribeInstanceAttributeResponse>
   @module=aws aws.region=us-east-1 http.status_code=200 tf_aws.signing_region="" timestamp=2026-09-21T01:42:19.712Z
2026-09-21T01:42:19.716Z [DEBUG] provider.terraform-provider-aws_v6.65.0_x5: HTTP Response Received: tf_aws.signing_region="" tf_provider_addr=registry.terraform.io/hashicorp/aws http.duration=463
  http.response.body=
  | <?xml version="1.0" encoding="UTF-8"?>
  | <DescribeInstanceAttributeResponse xmlns="http://ec2.amazonaws.com/doc/2016-11-15/">
  |     <requestId>e9d9466d-3bcf-4acc-b007-2fe00bad62cf</requestId>
  |     <instanceId>i-0e8c6fb6bc29c8abf</instanceId>
  |     <userData/>
  | </DescribeInstanceAttributeResponse>
   http.response.header.content_type=text/xml;charset=UTF-8 rpc.method=EC2/DescribeInstanceAttribute tf_resource_type=aws_instance @module=aws aws.region=us-east-1 http.response.header.cache_control="no-cache, no-store" http.response.header.date="Mon, 21 Sep 2026 01:42:19 GMT" http.response.header.server=AmazonEC2 tf_req_id=137eee9d-6d4d-d2ec-49f3-27b2e5990e91 http.response.header.x_amzn_requestid=e9d9466d-3bcf-4acc-b007-2fe00bad62cf tf_aws.sdk=aws-sdk-go-v2 tf_mux_provider="*schema.GRPCProviderServer" tf_rpc=ApplyResourceChange @caller=github.com/hashicorp/aws-sdk-go-base/v2@v2.0.0-beta.73/logging/tf_logger.go:45 http.response.header.strict_transport_security="max-age=31536000; includeSubDomains" http.response_content_length=289 http.status_code=200 rpc.system.name=aws-api timestamp=2026-09-21T01:42:19.713Z
2026-09-21T01:42:19.718Z [DEBUG] provider.terraform-provider-aws_v6.65.0_x5: HTTP Request Sent: @module=aws aws.region=us-east-1
  http.request.body=
  | Action=DescribeInstanceCreditSpecifications&InstanceId.1=i-0183c7ae07ebb5fbd&Version=2016-11-15
   http.request.header.amz_sdk_request="attempt=1; max=25" rpc.system.name=aws-api @caller=github.com/hashicorp/aws-sdk-go-base/v2@v2.0.0-beta.73/logging/tf_logger.go:45 http.method=POST http.request.header.amz_sdk_invocation_id=23e7f75d-51c0-46a8-9a01-eba379f71030 http.request.header.x_amz_date=20260921T014219Z tf_aws.sdk=aws-sdk-go-v2 tf_aws.signing_region="" tf_provider_addr=registry.terraform.io/hashicorp/aws http.request_content_length=95 http.request.header.authorization="AWS4-HMAC-SHA256 Credential=AKIA************HAG5/20260921/us-east-1/ec2/aws4_request, SignedHeaders=amz-sdk-invocation-id;amz-sdk-request;content-length;content-type;host;x-amz-date, Signature=*****" http.request.header.content_type=application/x-www-form-urlencoded http.url=https://ec2.us-east-1.amazonaws.com/ http.user_agent="APN/1.0 HashiCorp/1.0 Terraform/1.16.3 (+https://www.terraform.io) terraform-provider-aws/6.65.0 (+https://registry.terraform.io/providers/hashicorp/aws) aws-sdk-go-v2/1.47.0 ua/2.1 os/linux lang/go#1.26.6 md/GOOS#linux md/GOARCH#amd64 api/ec2#1.332.0 m/C,n" net.peer.name=ec2.us-east-1.amazonaws.com rpc.method=EC2/DescribeInstanceCreditSpecifications tf_mux_provider="*schema.GRPCProviderServer" tf_req_id=f3f6935d-eb7d-14c1-8edb-38a5b5405313 tf_resource_type=aws_instance tf_rpc=ApplyResourceChange timestamp=2026-09-21T01:42:19.715Z
2026-09-21T01:42:19.720Z [DEBUG] provider.terraform-provider-aws_v6.65.0_x5: HTTP Request Sent: tf_aws.sdk=aws-sdk-go-v2 tf_provider_addr=registry.terraform.io/hashicorp/aws tf_req_id=137eee9d-6d4d-d2ec-49f3-27b2e5990e91 @module=aws http.request.header.amz_sdk_request="attempt=1; max=25" http.request_content_length=95 http.url=https://ec2.us-east-1.amazonaws.com/ http.user_agent="APN/1.0 HashiCorp/1.0 Terraform/1.16.3 (+https://www.terraform.io) terraform-provider-aws/6.65.0 (+https://registry.terraform.io/providers/hashicorp/aws) aws-sdk-go-v2/1.47.0 ua/2.1 os/linux lang/go#1.26.6 md/GOOS#linux md/GOARCH#amd64 api/ec2#1.332.0 m/C,n" rpc.method=EC2/DescribeInstanceCreditSpecifications tf_aws.signing_region="" @caller=github.com/hashicorp/aws-sdk-go-base/v2@v2.0.0-beta.73/logging/tf_logger.go:45 aws.region=us-east-1
  http.request.body=
  | Action=DescribeInstanceCreditSpecifications&InstanceId.1=i-0e8c6fb6bc29c8abf&Version=2016-11-15
   http.request.header.amz_sdk_invocation_id=cf704c6a-b251-40d6-93e2-caf057a34364 http.request.header.authorization="AWS4-HMAC-SHA256 Credential=AKIA************HAG5/20260921/us-east-1/ec2/aws4_request, SignedHeaders=amz-sdk-invocation-id;amz-sdk-request;content-length;content-type;host;x-amz-date, Signature=*****" rpc.system.name=aws-api tf_rpc=ApplyResourceChange http.method=POST http.request.header.content_type=application/x-www-form-urlencoded http.request.header.x_amz_date=20260921T014219Z tf_mux_provider="*schema.GRPCProviderServer" tf_resource_type=aws_instance net.peer.name=ec2.us-east-1.amazonaws.com timestamp=2026-09-21T01:42:19.715Z
2026-09-21T01:42:19.849Z [DEBUG] provider.terraform-provider-aws_v6.65.0_x5: HTTP Response Received: tf_aws.signing_region="" tf_resource_type=aws_instance @caller=github.com/hashicorp/aws-sdk-go-base/v2@v2.0.0-beta.73/logging/tf_logger.go:45 http.duration=546 http.response.header.content_type=text/xml;charset=UTF-8 http.response.header.date="Mon, 21 Sep 2026 01:42:19 GMT" http.response.header.server=AmazonEC2 http.response.header.x_amzn_requestid=1aaac8af-60c6-4ebf-b770-f39a4abd04f7 http.response_content_length=289 tf_rpc=ApplyResourceChange
  http.response.body=
  | <?xml version="1.0" encoding="UTF-8"?>
  | <DescribeInstanceAttributeResponse xmlns="http://ec2.amazonaws.com/doc/2016-11-15/">
  |     <requestId>1aaac8af-60c6-4ebf-b770-f39a4abd04f7</requestId>
  |     <instanceId>i-0375066a2908bdbaa</instanceId>
  |     <userData/>
  | </DescribeInstanceAttributeResponse>
   http.status_code=200 rpc.system.name=aws-api tf_aws.sdk=aws-sdk-go-v2 tf_mux_provider="*schema.GRPCProviderServer" aws.region=us-east-1 http.response.header.strict_transport_security="max-age=31536000; includeSubDomains" tf_provider_addr=registry.terraform.io/hashicorp/aws tf_req_id=611f9f29-cb15-b023-6d75-e8c6615f20cf @module=aws http.response.header.cache_control="no-cache, no-store" rpc.method=EC2/DescribeInstanceAttribute timestamp=2026-09-21T01:42:19.848Z
2026-09-21T01:42:19.851Z [DEBUG] provider.terraform-provider-aws_v6.65.0_x5: HTTP Request Sent: aws.region=us-east-1 http.user_agent="APN/1.0 HashiCorp/1.0 Terraform/1.16.3 (+https://www.terraform.io) terraform-provider-aws/6.65.0 (+https://registry.terraform.io/providers/hashicorp/aws) aws-sdk-go-v2/1.47.0 ua/2.1 os/linux lang/go#1.26.6 md/GOOS#linux md/GOARCH#amd64 api/ec2#1.332.0 m/C,n"
  http.request.body=
  | Action=DescribeInstanceCreditSpecifications&InstanceId.1=i-0375066a2908bdbaa&Version=2016-11-15
   http.request.header.content_type=application/x-www-form-urlencoded http.request.header.x_amz_date=20260921T014219Z rpc.method=EC2/DescribeInstanceCreditSpecifications tf_aws.sdk=aws-sdk-go-v2 tf_mux_provider="*schema.GRPCProviderServer" http.request.header.amz_sdk_request="attempt=1; max=25" http.method=POST http.request.header.amz_sdk_invocation_id=6bbaf0de-01f9-4705-ac41-290b690e03e2 rpc.system.name=aws-api tf_aws.signing_region="" tf_resource_type=aws_instance http.request.header.authorization="AWS4-HMAC-SHA256 Credential=AKIA************HAG5/20260921/us-east-1/ec2/aws4_request, SignedHeaders=amz-sdk-invocation-id;amz-sdk-request;content-length;content-type;host;x-amz-date, Signature=*****" http.url=https://ec2.us-east-1.amazonaws.com/ net.peer.name=ec2.us-east-1.amazonaws.com tf_provider_addr=registry.terraform.io/hashicorp/aws tf_req_id=611f9f29-cb15-b023-6d75-e8c6615f20cf tf_rpc=ApplyResourceChange http.request_content_length=95 @caller=github.com/hashicorp/aws-sdk-go-base/v2@v2.0.0-beta.73/logging/tf_logger.go:45 @module=aws timestamp=2026-09-21T01:42:19.850Z
2026-09-21T01:42:20.018Z [DEBUG] provider.terraform-provider-aws_v6.65.0_x5: HTTP Response Received: http.response.header.server=AmazonEC2 http.response.header.strict_transport_security="max-age=31536000; includeSubDomains" @caller=github.com/hashicorp/aws-sdk-go-base/v2@v2.0.0-beta.73/logging/tf_logger.go:45 @module=aws aws.region=us-east-1 http.response.header.content_type=text/xml;charset=UTF-8 http.response.header.x_amzn_requestid=414fb7dd-87d3-4aa0-bb56-3d6fa23674d6 http.duration=301
  http.response.body=
  | <?xml version="1.0" encoding="UTF-8"?>
  | <DescribeInstanceCreditSpecificationsResponse xmlns="http://ec2.amazonaws.com/doc/2016-11-15/">
  |     <requestId>414fb7dd-87d3-4aa0-bb56-3d6fa23674d6</requestId>
  |     <instanceCreditSpecificationSet>
  |         <item>
  |             <cpuCredits>standard</cpuCredits>
  |             <instanceId>i-0e8c6fb6bc29c8abf</instanceId>
  |         </item>
  |     </instanceCreditSpecificationSet>
  | </DescribeInstanceCreditSpecificationsResponse>
   http.status_code=200 tf_aws.sdk=aws-sdk-go-v2 tf_aws.signing_region="" tf_mux_provider="*schema.GRPCProviderServer" tf_provider_addr=registry.terraform.io/hashicorp/aws tf_req_id=137eee9d-6d4d-d2ec-49f3-27b2e5990e91 http.response.header.cache_control="no-cache, no-store" http.response.header.date="Mon, 21 Sep 2026 01:42:19 GMT" rpc.system.name=aws-api tf_resource_type=aws_instance tf_rpc=ApplyResourceChange http.response.header.vary=accept-encoding rpc.method=EC2/DescribeInstanceCreditSpecifications timestamp=2026-09-21T01:42:20.018Z
2026-09-21T01:42:20.028Z [WARN]  Provider "provider[\"registry.terraform.io/hashicorp/aws\"]" produced an unexpected new value for aws_instance.worker_node[2], but we are tolerating it because it is using the legacy plugin SDK.
    The following problems may be the cause of any confusing errors from downstream operations:
      - .hibernation: was null, but now cty.False
      - .credit_specification: block count changed from 0 to 1
2026-09-21T01:42:20.044Z [DEBUG] State storage *statemgr.Filesystem declined to persist a state snapshot
2026-09-21T01:42:20.125Z [DEBUG] provider.terraform-provider-aws_v6.65.0_x5: HTTP Response Received: tf_resource_type=aws_instance tf_rpc=ApplyResourceChange @module=aws http.duration=407 http.response.header.cache_control="no-cache, no-store" tf_mux_provider="*schema.GRPCProviderServer" rpc.method=EC2/DescribeInstanceCreditSpecifications rpc.system.name=aws-api tf_provider_addr=registry.terraform.io/hashicorp/aws http.response.header.server=AmazonEC2 http.response.header.vary=accept-encoding @caller=github.com/hashicorp/aws-sdk-go-base/v2@v2.0.0-beta.73/logging/tf_logger.go:45 aws.region=us-east-1
  http.response.body=
  | <?xml version="1.0" encoding="UTF-8"?>
  | <DescribeInstanceCreditSpecificationsResponse xmlns="http://ec2.amazonaws.com/doc/2016-11-15/">
  |     <requestId>14400098-94a3-40f4-be78-4b28aa851a15</requestId>
  |     <instanceCreditSpecificationSet>
  |         <item>
  |             <cpuCredits>standard</cpuCredits>
  |             <instanceId>i-0183c7ae07ebb5fbd</instanceId>
  |         </item>
  |     </instanceCreditSpecificationSet>
  | </DescribeInstanceCreditSpecificationsResponse>
   http.response.header.content_type=text/xml;charset=UTF-8 http.response.header.x_amzn_requestid=14400098-94a3-40f4-be78-4b28aa851a15 http.response.header.date="Mon, 21 Sep 2026 01:42:20 GMT" http.response.header.strict_transport_security="max-age=31536000; includeSubDomains" http.status_code=200 tf_aws.sdk=aws-sdk-go-v2 tf_aws.signing_region="" tf_req_id=f3f6935d-eb7d-14c1-8edb-38a5b5405313 timestamp=2026-09-21T01:42:20.124Z
2026-09-21T01:42:20.134Z [WARN]  Provider "provider[\"registry.terraform.io/hashicorp/aws\"]" produced an unexpected new value for aws_instance.worker_node[0], but we are tolerating it because it is using the legacy plugin SDK.
    The following problems may be the cause of any confusing errors from downstream operations:
      - .hibernation: was null, but now cty.False
      - .credit_specification: block count changed from 0 to 1
2026-09-21T01:42:20.145Z [DEBUG] provider.terraform-provider-aws_v6.65.0_x5: HTTP Response Received: http.response.header.x_amzn_requestid=03958155-b16a-4095-bb10-a16bddf3534c rpc.system.name=aws-api http.response.header.date="Mon, 21 Sep 2026 01:42:20 GMT" http.response.header.strict_transport_security="max-age=31536000; includeSubDomains" http.status_code=200 rpc.method=EC2/DescribeInstanceCreditSpecifications tf_mux_provider="*schema.GRPCProviderServer" tf_provider_addr=registry.terraform.io/hashicorp/aws tf_resource_type=aws_instance http.response.header.content_type=text/xml;charset=UTF-8 tf_aws.sdk=aws-sdk-go-v2 tf_req_id=611f9f29-cb15-b023-6d75-e8c6615f20cf @caller=github.com/hashicorp/aws-sdk-go-base/v2@v2.0.0-beta.73/logging/tf_logger.go:45 @module=aws aws.region=us-east-1
  http.response.body=
  | <?xml version="1.0" encoding="UTF-8"?>
  | <DescribeInstanceCreditSpecificationsResponse xmlns="http://ec2.amazonaws.com/doc/2016-11-15/">
  |     <requestId>03958155-b16a-4095-bb10-a16bddf3534c</requestId>
  |     <instanceCreditSpecificationSet>
  |         <item>
  |             <cpuCredits>standard</cpuCredits>
  |             <instanceId>i-0375066a2908bdbaa</instanceId>
  |         </item>
  |     </instanceCreditSpecificationSet>
  | </DescribeInstanceCreditSpecificationsResponse>
   http.response.header.server=AmazonEC2 http.response.header.vary=accept-encoding tf_aws.signing_region="" tf_rpc=ApplyResourceChange http.duration=293 http.response.header.cache_control="no-cache, no-store" timestamp=2026-09-21T01:42:20.144Z
2026-09-21T01:42:20.147Z [DEBUG] State storage *statemgr.Filesystem declined to persist a state snapshot
2026-09-21T01:42:20.154Z [WARN]  Provider "provider[\"registry.terraform.io/hashicorp/aws\"]" produced an unexpected new value for aws_instance.worker_node[1], but we are tolerating it because it is using the legacy plugin SDK.
    The following problems may be the cause of any confusing errors from downstream operations:
      - .hibernation: was null, but now cty.False
      - .credit_specification: block count changed from 0 to 1
2026-09-21T01:42:20.170Z [DEBUG] State storage *statemgr.Filesystem declined to persist a state snapshot
2026-09-21T01:42:20.176Z [DEBUG] provider.stdio: received EOF, stopping recv loop: err="rpc error: code = Unavailable desc = error reading from server: EOF"
2026-09-21T01:42:20.355Z [INFO]  provider: plugin process exited: plugin=.terraform/providers/registry.terraform.io/hashicorp/aws/6.65.0/linux_amd64/terraform-provider-aws_v6.65.0_x5 id=232047
2026-09-21T01:42:20.357Z [DEBUG] provider: plugin exited
2026-09-21T01:49:37.434Z [INFO]  Terraform version: 1.16.3
2026-09-21T01:49:37.436Z [DEBUG] using github.com/hashicorp/go-tfe v1.110.0
2026-09-21T01:49:37.439Z [DEBUG] using github.com/hashicorp/hcl/v2 v2.24.0
2026-09-21T01:49:37.440Z [DEBUG] using github.com/hashicorp/terraform-svchost v0.2.1
2026-09-21T01:49:37.441Z [DEBUG] using github.com/zclconf/go-cty v1.18.1
2026-09-21T01:49:37.442Z [INFO]  Go runtime version: go1.26.8
2026-09-21T01:49:37.443Z [INFO]  CLI args: []string{"/snap/terraform/938/terraform", "destroy", "-auto-approve"}
2026-09-21T01:49:37.444Z [DEBUG] Attempting to open CLI config file: /home/nithin_kallem/.terraformrc
2026-09-21T01:49:37.445Z [DEBUG] File doesn't exist, but doesn't need to. Ignoring.
2026-09-21T01:49:37.448Z [DEBUG] ignoring non-existing provider search directory terraform.d/plugins
2026-09-21T01:49:37.449Z [DEBUG] ignoring non-existing provider search directory /home/nithin_kallem/.terraform.d/plugins
2026-09-21T01:49:37.450Z [DEBUG] ignoring non-existing provider search directory /home/nithin_kallem/.local/share/terraform/plugins
2026-09-21T01:49:37.451Z [DEBUG] ignoring non-existing provider search directory /usr/local/share/terraform/plugins
2026-09-21T01:49:37.452Z [DEBUG] ignoring non-existing provider search directory /usr/share/terraform/plugins
2026-09-21T01:49:37.453Z [DEBUG] ignoring non-existing provider search directory /var/lib/snapd/desktop/terraform/plugins
2026-09-21T01:49:37.458Z [INFO]  CLI command args: []string{"destroy", "-auto-approve"}
2026-09-21T01:50:16.610Z [DEBUG] checking for provisioner in "."
2026-09-21T01:50:16.613Z [DEBUG] checking for provisioner in "/snap/terraform/938"
2026-09-21T01:50:16.675Z [INFO]  backend/local: starting Apply operation
2026-09-21T01:50:16.781Z [DEBUG] ReferenceTransformer: "var.user_name" references: []
2026-09-21T01:50:16.782Z [DEBUG] ReferenceTransformer: "var.instance_type" references: []
2026-09-21T01:50:16.783Z [DEBUG] ReferenceTransformer: "var.region" references: []
2026-09-21T01:50:16.784Z [DEBUG] Starting graph walk: walkInit
2026-09-21T01:50:16.853Z [DEBUG] created provider logger: level=debug
2026-09-21T01:50:16.854Z [INFO]  provider: configuring client automatic mTLS
2026-09-21T01:50:16.903Z [DEBUG] provider: starting plugin: path=.terraform/providers/registry.terraform.io/hashicorp/aws/6.65.0/linux_amd64/terraform-provider-aws_v6.65.0_x5 args=[".terraform/providers/registry.terraform.io/hashicorp/aws/6.65.0/linux_amd64/terraform-provider-aws_v6.65.0_x5"]
2026-09-21T01:50:16.930Z [DEBUG] provider: plugin started: path=.terraform/providers/registry.terraform.io/hashicorp/aws/6.65.0/linux_amd64/terraform-provider-aws_v6.65.0_x5 pid=234793
2026-09-21T01:50:16.931Z [DEBUG] provider: waiting for RPC address: plugin=.terraform/providers/registry.terraform.io/hashicorp/aws/6.65.0/linux_amd64/terraform-provider-aws_v6.65.0_x5
2026-09-21T01:50:21.758Z [DEBUG] provider.terraform-provider-aws_v6.65.0_x5: Starting github.com/hashicorp/terraform-provider-aws@6.65.0 (go1.26.6)...
2026-09-21T01:50:21.759Z [DEBUG] provider.terraform-provider-aws_v6.65.0_x5: Creating Terraform AWS Provider (SDKv2-style)...
2026-09-21T01:50:21.765Z [DEBUG] provider.terraform-provider-aws_v6.65.0_x5: Initializing Terraform AWS Provider (SDKv2-style)...
2026-09-21T01:50:23.407Z [DEBUG] provider.terraform-provider-aws_v6.65.0_x5: Creating Terraform AWS Provider (Framework-style)...
2026-09-21T01:50:23.408Z [DEBUG] provider.terraform-provider-aws_v6.65.0_x5: Initializing Terraform AWS Provider (Framework-style)...
2026-09-21T01:50:23.429Z [DEBUG] provider.terraform-provider-aws_v6.65.0_x5: configuring server automatic mTLS: timestamp=2026-09-21T01:50:23.429Z
2026-09-21T01:50:23.460Z [DEBUG] provider.terraform-provider-aws_v6.65.0_x5: plugin address: address=/tmp/plugin558187983 network=unix timestamp=2026-09-21T01:50:23.459Z
2026-09-21T01:50:23.460Z [DEBUG] provider: using plugin: version=5
2026-09-21T01:50:30.121Z [DEBUG] provider.stdio: received EOF, stopping recv loop: err="rpc error: code = Unavailable desc = error reading from server: EOF"
2026-09-21T01:50:30.194Z [INFO]  provider: plugin process exited: plugin=.terraform/providers/registry.terraform.io/hashicorp/aws/6.65.0/linux_amd64/terraform-provider-aws_v6.65.0_x5 id=234793
2026-09-21T01:50:30.194Z [DEBUG] provider: plugin exited
2026-09-21T01:50:30.195Z [DEBUG] Building and walking validate graph
2026-09-21T01:50:30.196Z [DEBUG] ProviderTransformer: "aws_iam_user.onboarding_user" (*terraform.NodeValidatableResource) needs provider["registry.terraform.io/hashicorp/aws"]
2026-09-21T01:50:30.196Z [DEBUG] ProviderTransformer: "aws_instance.worker_node" (*terraform.NodeValidatableResource) needs provider["registry.terraform.io/hashicorp/aws"]
2026-09-21T01:50:30.197Z [DEBUG] ReferenceTransformer: "output.worker_node_ids (expand)" references: [aws_instance.worker_node]
2026-09-21T01:50:30.197Z [DEBUG] ReferenceTransformer: "output.worker_node_ids (expand)" references: aws_instance.worker_node
2026-09-21T01:50:30.198Z [DEBUG] ReferenceTransformer: "output.iam_user_names (expand)" references: [aws_iam_user.onboarding_user]
2026-09-21T01:50:30.198Z [DEBUG] ReferenceTransformer: "output.iam_user_names (expand)" references: aws_iam_user.onboarding_user
2026-09-21T01:50:30.199Z [DEBUG] ReferenceTransformer: "provider[\"registry.terraform.io/hashicorp/aws\"]" references: [var.region]
2026-09-21T01:50:30.199Z [DEBUG] ReferenceTransformer: "provider[\"registry.terraform.io/hashicorp/aws\"]" references: var.region
2026-09-21T01:50:30.199Z [DEBUG] ReferenceTransformer: "aws_iam_user.onboarding_user" references: [var.user_name]
2026-09-21T01:50:30.200Z [DEBUG] ReferenceTransformer: "aws_iam_user.onboarding_user" references: var.user_name
2026-09-21T01:50:30.200Z [DEBUG] ReferenceTransformer: "aws_instance.worker_node" references: [var.instance_type]
2026-09-21T01:50:30.201Z [DEBUG] ReferenceTransformer: "aws_instance.worker_node" references: var.instance_type
2026-09-21T01:50:30.201Z [DEBUG] ReferenceTransformer: "var.region" references: []
2026-09-21T01:50:30.202Z [DEBUG] ReferenceTransformer: "var.user_name" references: []
2026-09-21T01:50:30.202Z [DEBUG] ReferenceTransformer: "var.instance_type" references: []
2026-09-21T01:50:30.203Z [DEBUG] Starting graph walk: walkValidate
2026-09-21T01:50:30.221Z [DEBUG] created provider logger: level=debug
2026-09-21T01:50:30.221Z [INFO]  provider: configuring client automatic mTLS
2026-09-21T01:50:30.232Z [DEBUG] provider: starting plugin: path=.terraform/providers/registry.terraform.io/hashicorp/aws/6.65.0/linux_amd64/terraform-provider-aws_v6.65.0_x5 args=[".terraform/providers/registry.terraform.io/hashicorp/aws/6.65.0/linux_amd64/terraform-provider-aws_v6.65.0_x5"]
2026-09-21T01:50:30.248Z [DEBUG] provider: plugin started: path=.terraform/providers/registry.terraform.io/hashicorp/aws/6.65.0/linux_amd64/terraform-provider-aws_v6.65.0_x5 pid=234879
2026-09-21T01:50:30.250Z [DEBUG] provider: waiting for RPC address: plugin=.terraform/providers/registry.terraform.io/hashicorp/aws/6.65.0/linux_amd64/terraform-provider-aws_v6.65.0_x5
2026-09-21T01:50:34.492Z [DEBUG] provider.terraform-provider-aws_v6.65.0_x5: Starting github.com/hashicorp/terraform-provider-aws@6.65.0 (go1.26.6)...
2026-09-21T01:50:34.493Z [DEBUG] provider.terraform-provider-aws_v6.65.0_x5: Creating Terraform AWS Provider (SDKv2-style)...
2026-09-21T01:50:34.497Z [DEBUG] provider.terraform-provider-aws_v6.65.0_x5: Initializing Terraform AWS Provider (SDKv2-style)...
2026-09-21T01:50:35.872Z [DEBUG] provider.terraform-provider-aws_v6.65.0_x5: Creating Terraform AWS Provider (Framework-style)...
2026-09-21T01:50:35.875Z [DEBUG] provider.terraform-provider-aws_v6.65.0_x5: Initializing Terraform AWS Provider (Framework-style)...
2026-09-21T01:50:35.922Z [DEBUG] provider.terraform-provider-aws_v6.65.0_x5: configuring server automatic mTLS: timestamp=2026-09-21T01:50:35.922Z
2026-09-21T01:50:35.991Z [DEBUG] provider: using plugin: version=5
2026-09-21T01:50:35.991Z [DEBUG] provider.terraform-provider-aws_v6.65.0_x5: plugin address: address=/tmp/plugin1750831849 network=unix timestamp=2026-09-21T01:50:35.990Z
2026-09-21T01:50:38.058Z [DEBUG] provider.stdio: received EOF, stopping recv loop: err="rpc error: code = Unavailable desc = error reading from server: EOF"
2026-09-21T01:50:38.161Z [INFO]  provider: plugin process exited: plugin=.terraform/providers/registry.terraform.io/hashicorp/aws/6.65.0/linux_amd64/terraform-provider-aws_v6.65.0_x5 id=234879
2026-09-21T01:50:38.162Z [DEBUG] provider: plugin exited
2026-09-21T01:50:38.163Z [INFO]  backend/local: apply calling Plan
2026-09-21T01:50:38.164Z [DEBUG] Building and walking plan graph for NormalMode
2026-09-21T01:50:38.165Z [DEBUG] ProviderTransformer: "aws_instance.worker_node (expand)" (*terraform.nodeExpandPlannableResource) needs provider["registry.terraform.io/hashicorp/aws"]
2026-09-21T01:50:38.166Z [DEBUG] ProviderTransformer: "aws_iam_user.onboarding_user (expand)" (*terraform.nodeExpandPlannableResource) needs provider["registry.terraform.io/hashicorp/aws"]
2026-09-21T01:50:38.168Z [DEBUG] ReferenceTransformer: "output.worker_node_ids (expand)" references: [aws_instance.worker_node (expand)]
2026-09-21T01:50:38.168Z [DEBUG] ReferenceTransformer: "output.worker_node_ids (expand)" references: aws_instance.worker_node (expand)
2026-09-21T01:50:38.169Z [DEBUG] ReferenceTransformer: "provider[\"registry.terraform.io/hashicorp/aws\"]" references: [var.region]
2026-09-21T01:50:38.170Z [DEBUG] ReferenceTransformer: "provider[\"registry.terraform.io/hashicorp/aws\"]" references: var.region
2026-09-21T01:50:38.172Z [DEBUG] ReferenceTransformer: "aws_instance.worker_node (expand)" references: [var.instance_type]
2026-09-21T01:50:38.172Z [DEBUG] ReferenceTransformer: "aws_instance.worker_node (expand)" references: var.instance_type
2026-09-21T01:50:38.173Z [DEBUG] ReferenceTransformer: "aws_iam_user.onboarding_user (expand)" references: [var.user_name]
2026-09-21T01:50:38.174Z [DEBUG] ReferenceTransformer: "aws_iam_user.onboarding_user (expand)" references: var.user_name
2026-09-21T01:50:38.175Z [DEBUG] ReferenceTransformer: "var.region" references: []
2026-09-21T01:50:38.176Z [DEBUG] ReferenceTransformer: "var.user_name" references: []
2026-09-21T01:50:38.176Z [DEBUG] ReferenceTransformer: "var.instance_type" references: []
2026-09-21T01:50:38.177Z [DEBUG] ReferenceTransformer: "output.iam_user_names (expand)" references: [aws_iam_user.onboarding_user (expand)]
2026-09-21T01:50:38.178Z [DEBUG] ReferenceTransformer: "output.iam_user_names (expand)" references: aws_iam_user.onboarding_user (expand)
2026-09-21T01:50:38.179Z [DEBUG] Starting graph walk: walkPlan
2026-09-21T01:50:38.210Z [DEBUG] created provider logger: level=debug
2026-09-21T01:50:38.211Z [INFO]  provider: configuring client automatic mTLS
2026-09-21T01:50:38.228Z [DEBUG] provider: starting plugin: path=.terraform/providers/registry.terraform.io/hashicorp/aws/6.65.0/linux_amd64/terraform-provider-aws_v6.65.0_x5 args=[".terraform/providers/registry.terraform.io/hashicorp/aws/6.65.0/linux_amd64/terraform-provider-aws_v6.65.0_x5"]
2026-09-21T01:50:38.251Z [DEBUG] provider: plugin started: path=.terraform/providers/registry.terraform.io/hashicorp/aws/6.65.0/linux_amd64/terraform-provider-aws_v6.65.0_x5 pid=234925
2026-09-21T01:50:38.253Z [DEBUG] provider: waiting for RPC address: plugin=.terraform/providers/registry.terraform.io/hashicorp/aws/6.65.0/linux_amd64/terraform-provider-aws_v6.65.0_x5
2026-09-21T01:50:43.178Z [DEBUG] provider.terraform-provider-aws_v6.65.0_x5: Starting github.com/hashicorp/terraform-provider-aws@6.65.0 (go1.26.6)...
2026-09-21T01:50:43.180Z [DEBUG] provider.terraform-provider-aws_v6.65.0_x5: Creating Terraform AWS Provider (SDKv2-style)...
2026-09-21T01:50:43.192Z [DEBUG] provider.terraform-provider-aws_v6.65.0_x5: Initializing Terraform AWS Provider (SDKv2-style)...
2026-09-21T01:50:44.802Z [DEBUG] provider.terraform-provider-aws_v6.65.0_x5: Creating Terraform AWS Provider (Framework-style)...
2026-09-21T01:50:44.804Z [DEBUG] provider.terraform-provider-aws_v6.65.0_x5: Initializing Terraform AWS Provider (Framework-style)...
2026-09-21T01:50:44.852Z [DEBUG] provider.terraform-provider-aws_v6.65.0_x5: configuring server automatic mTLS: timestamp=2026-09-21T01:50:44.852Z
2026-09-21T01:50:44.927Z [DEBUG] provider: using plugin: version=5
2026-09-21T01:50:44.927Z [DEBUG] provider.terraform-provider-aws_v6.65.0_x5: plugin address: address=/tmp/plugin446417308 network=unix timestamp=2026-09-21T01:50:44.926Z
2026-09-21T01:50:46.076Z [DEBUG] provider.terraform-provider-aws_v6.65.0_x5: Configuring Terraform AWS Provider: @caller=github.com/hashicorp/terraform-provider-aws/internal/conns/config.go:150 @module=aws tf_provider_addr=registry.terraform.io/hashicorp/aws tf_rpc=ConfigureProvider tf_mux_provider="*schema.GRPCProviderServer" tf_req_id=3fc022ca-70a5-6235-4fc9-d4b88783d782 timestamp=2026-09-21T01:50:46.069Z
2026-09-21T01:50:46.081Z [DEBUG] provider.terraform-provider-aws_v6.65.0_x5: Resolving credentials provider: @caller=github.com/hashicorp/aws-sdk-go-base/v2@v2.0.0-beta.73/logging/tf_logger.go:47 @module=aws.aws-base tf_mux_provider="*schema.GRPCProviderServer" tf_provider_addr=registry.terraform.io/hashicorp/aws tf_req_id=3fc022ca-70a5-6235-4fc9-d4b88783d782 tf_rpc=ConfigureProvider timestamp=2026-09-21T01:50:46.081Z
2026-09-21T01:50:46.085Z [DEBUG] provider.terraform-provider-aws_v6.65.0_x5: Loading configuration: tf_mux_provider="*schema.GRPCProviderServer" tf_provider_addr=registry.terraform.io/hashicorp/aws tf_req_id=3fc022ca-70a5-6235-4fc9-d4b88783d782 @caller=github.com/hashicorp/aws-sdk-go-base/v2@v2.0.0-beta.73/logging/tf_logger.go:47 @module=aws.aws-base tf_rpc=ConfigureProvider timestamp=2026-09-21T01:50:46.084Z
2026-09-21T01:50:46.106Z [DEBUG] provider.terraform-provider-aws_v6.65.0_x5: Retrieving credentials: @module=aws.aws-base tf_mux_provider="*schema.GRPCProviderServer" tf_rpc=ConfigureProvider @caller=github.com/hashicorp/aws-sdk-go-base/v2@v2.0.0-beta.73/logging/tf_logger.go:47 tf_provider_addr=registry.terraform.io/hashicorp/aws tf_req_id=3fc022ca-70a5-6235-4fc9-d4b88783d782 timestamp=2026-09-21T01:50:46.105Z
2026-09-21T01:50:46.112Z [INFO]  provider.terraform-provider-aws_v6.65.0_x5: Retrieved credentials: @module=aws.aws-base tf_provider_addr=registry.terraform.io/hashicorp/aws tf_req_id=3fc022ca-70a5-6235-4fc9-d4b88783d782 tf_aws.credentials_source="SharedConfigCredentials: /home/nithin_kallem/.aws/credentials" tf_mux_provider="*schema.GRPCProviderServer" tf_rpc=ConfigureProvider @caller=github.com/hashicorp/aws-sdk-go-base/v2@v2.0.0-beta.73/logging/tf_logger.go:39 timestamp=2026-09-21T01:50:46.112Z
2026-09-21T01:50:46.114Z [DEBUG] provider.terraform-provider-aws_v6.65.0_x5: Loading configuration: tf_mux_provider="*schema.GRPCProviderServer" tf_provider_addr=registry.terraform.io/hashicorp/aws tf_req_id=3fc022ca-70a5-6235-4fc9-d4b88783d782 @caller=github.com/hashicorp/aws-sdk-go-base/v2@v2.0.0-beta.73/logging/tf_logger.go:47 @module=aws.aws-base tf_rpc=ConfigureProvider timestamp=2026-09-21T01:50:46.112Z
2026-09-21T01:50:46.114Z [DEBUG] provider.terraform-provider-aws_v6.65.0_x5: Retrieving AWS account details: tf_req_id=3fc022ca-70a5-6235-4fc9-d4b88783d782 @module=aws tf_mux_provider="*schema.GRPCProviderServer" tf_provider_addr=registry.terraform.io/hashicorp/aws tf_rpc=ConfigureProvider @caller=github.com/hashicorp/terraform-provider-aws/internal/conns/config.go:188 timestamp=2026-09-21T01:50:46.113Z
2026-09-21T01:50:46.122Z [DEBUG] provider.terraform-provider-aws_v6.65.0_x5: Retrieving caller identity from STS: @caller=github.com/hashicorp/aws-sdk-go-base/v2@v2.0.0-beta.73/logging/tf_logger.go:47 @module=aws.aws-base tf_mux_provider="*schema.GRPCProviderServer" tf_provider_addr=registry.terraform.io/hashicorp/aws tf_req_id=3fc022ca-70a5-6235-4fc9-d4b88783d782 tf_rpc=ConfigureProvider timestamp=2026-09-21T01:50:46.121Z
2026-09-21T01:50:46.167Z [DEBUG] provider.terraform-provider-aws_v6.65.0_x5: HTTP Request Sent: @module=aws.aws-base http.method=POST http.request.header.authorization="AWS4-HMAC-SHA256 Credential=AKIA************HAG5/20260921/us-east-1/sts/aws4_request, SignedHeaders=amz-sdk-invocation-id;amz-sdk-request;content-length;content-type;host;x-amz-date, Signature=*****" http.request.header.content_type=application/x-www-form-urlencoded http.request_content_length=43 rpc.method=STS/GetCallerIdentity tf_rpc=ConfigureProvider @caller=github.com/hashicorp/aws-sdk-go-base/v2@v2.0.0-beta.73/logging/tf_logger.go:47 http.request.header.amz_sdk_invocation_id=c98e0340-6c89-4658-90e6-363f5c9ca417 http.url=https://sts.us-east-1.amazonaws.com/ rpc.system.name=aws-api tf_provider_addr=registry.terraform.io/hashicorp/aws http.request.header.amz_sdk_request="attempt=1; max=25" http.user_agent="APN/1.0 HashiCorp/1.0 Terraform/1.16.3 (+https://www.terraform.io) terraform-provider-aws/6.65.0 (+https://registry.terraform.io/providers/hashicorp/aws) aws-sdk-go-v2/1.47.0 ua/2.1 os/linux lang/go#1.26.6 md/GOOS#linux md/GOARCH#amd64 api/sts#1.50.0 m/n" net.peer.name=sts.us-east-1.amazonaws.com tf_req_id=3fc022ca-70a5-6235-4fc9-d4b88783d782 aws.region=us-east-1
  http.request.body=
  | Action=GetCallerIdentity&Version=2011-06-15
   http.request.header.x_amz_date=20260921T015046Z tf_aws.sdk=aws-sdk-go-v2 tf_aws.signing_region="" tf_mux_provider="*schema.GRPCProviderServer" timestamp=2026-09-21T01:50:46.166Z
2026-09-21T01:50:47.414Z [DEBUG] provider.terraform-provider-aws_v6.65.0_x5: HTTP Response Received: http.status_code=200 aws.region=us-east-1 http.response.header.x_amz_sts_extended_request_id=MTp1cy1lYXN0LTE6UzoxNzg5OTU1NDQ3MzY1OlI6eGd3Q1UxNWo= http.response.header.x_amzn_requestid=4c7afd58-6bf2-4a1c-b9de-ed8ca76c5b12 tf_aws.signing_region="" http.response.header.content_type=text/xml tf_provider_addr=registry.terraform.io/hashicorp/aws tf_req_id=3fc022ca-70a5-6235-4fc9-d4b88783d782 tf_rpc=ConfigureProvider http.response_content_length=387 @caller=github.com/hashicorp/aws-sdk-go-base/v2@v2.0.0-beta.73/logging/tf_logger.go:47 http.duration=1246
  http.response.body=
  | <GetCallerIdentityResponse xmlns="https://sts.amazonaws.com/doc/2011-06-15/">
  |   <GetCallerIdentityResult>
  |     <Arn>arn:aws:iam::020651500156:root</Arn>
  |     <UserId>020651500156</UserId>
  |     <Account>020651500156</Account>
  |   </GetCallerIdentityResult>
  |   <ResponseMetadata>
  |     <RequestId>4c7afd58-6bf2-4a1c-b9de-ed8ca76c5b12</RequestId>
  |   </ResponseMetadata>
  | </GetCallerIdentityResponse>
   http.response.header.date="Mon, 21 Sep 2026 01:50:47 GMT" rpc.method=STS/GetCallerIdentity tf_aws.sdk=aws-sdk-go-v2 @module=aws.aws-base rpc.system.name=aws-api tf_mux_provider="*schema.GRPCProviderServer" timestamp=2026-09-21T01:50:47.413Z
2026-09-21T01:50:47.419Z [INFO]  provider.terraform-provider-aws_v6.65.0_x5: Retrieved caller identity from STS: @caller=github.com/hashicorp/aws-sdk-go-base/v2@v2.0.0-beta.73/logging/tf_logger.go:39 tf_provider_addr=registry.terraform.io/hashicorp/aws tf_req_id=3fc022ca-70a5-6235-4fc9-d4b88783d782 tf_rpc=ConfigureProvider @module=aws.aws-base tf_mux_provider="*schema.GRPCProviderServer" timestamp=2026-09-21T01:50:47.418Z
2026-09-21T01:50:47.422Z [DEBUG] No policy client configured, skipping policy evaluation for provider["registry.terraform.io/hashicorp/aws"]
2026-09-21T01:50:48.318Z [DEBUG] provider.terraform-provider-aws_v6.65.0_x5: HTTP Request Sent: aws.region=us-east-1 rpc.method=IAM/GetUser rpc.system.name=aws-api tf_mux_provider="*schema.GRPCProviderServer" tf_req_id=1049b886-b0ec-3074-4d30-c35c470a4066 http.method=POST http.request.header.amz_sdk_request="attempt=1; max=25" http.request.header.x_amz_date=20260921T015048Z http.url=https://iam.amazonaws.com/ http.user_agent="APN/1.0 HashiCorp/1.0 Terraform/1.16.3 (+https://www.terraform.io) terraform-provider-aws/6.65.0 (+https://registry.terraform.io/providers/hashicorp/aws) aws-sdk-go-v2/1.47.0 ua/2.1 os/linux lang/go#1.26.6 md/GOOS#linux md/GOARCH#amd64 api/iam#1.64.0 m/n" tf_resource_type=aws_iam_user @caller=github.com/hashicorp/aws-sdk-go-base/v2@v2.0.0-beta.73/logging/tf_logger.go:45 @module=aws
  http.request.body=
  | Action=GetUser&UserName=redis.user&Version=2010-05-08
   http.request.header.authorization="AWS4-HMAC-SHA256 Credential=AKIA************HAG5/20260921/us-east-1/iam/aws4_request, SignedHeaders=amz-sdk-invocation-id;amz-sdk-request;content-length;content-type;host;x-amz-date, Signature=*****" http.request.header.content_type=application/x-www-form-urlencoded net.peer.name=iam.amazonaws.com tf_provider_addr=registry.terraform.io/hashicorp/aws http.request.header.amz_sdk_invocation_id=d998d8a5-c357-4075-b741-d68940489a03 http.request_content_length=53 tf_aws.sdk=aws-sdk-go-v2 tf_aws.signing_region="" tf_rpc=ReadResource timestamp=2026-09-21T01:50:48.317Z
2026-09-21T01:50:48.319Z [DEBUG] provider.terraform-provider-aws_v6.65.0_x5: HTTP Request Sent: aws.region=us-east-1 http.method=POST http.request_content_length=53 tf_aws.sdk=aws-sdk-go-v2 tf_provider_addr=registry.terraform.io/hashicorp/aws tf_req_id=1b434cad-c070-6395-d713-2981abb10219 tf_rpc=ReadResource @caller=github.com/hashicorp/aws-sdk-go-base/v2@v2.0.0-beta.73/logging/tf_logger.go:45 @module=aws http.request.header.amz_sdk_request="attempt=1; max=25" http.user_agent="APN/1.0 HashiCorp/1.0 Terraform/1.16.3 (+https://www.terraform.io) terraform-provider-aws/6.65.0 (+https://registry.terraform.io/providers/hashicorp/aws) aws-sdk-go-v2/1.47.0 ua/2.1 os/linux lang/go#1.26.6 md/GOOS#linux md/GOARCH#amd64 api/iam#1.64.0 m/n" rpc.system.name=aws-api tf_resource_type=aws_iam_user http.request.header.amz_sdk_invocation_id=bc6ce44e-79fc-45a4-9647-b43c1630df63 net.peer.name=iam.amazonaws.com rpc.method=IAM/GetUser tf_aws.signing_region="" tf_mux_provider="*schema.GRPCProviderServer"
  http.request.body=
  | Action=GetUser&UserName=kafka.user&Version=2010-05-08
   http.request.header.authorization="AWS4-HMAC-SHA256 Credential=AKIA************HAG5/20260921/us-east-1/iam/aws4_request, SignedHeaders=amz-sdk-invocation-id;amz-sdk-request;content-length;content-type;host;x-amz-date, Signature=*****" http.request.header.content_type=application/x-www-form-urlencoded http.request.header.x_amz_date=20260921T015048Z http.url=https://iam.amazonaws.com/ timestamp=2026-09-21T01:50:48.317Z
2026-09-21T01:50:48.320Z [DEBUG] provider.terraform-provider-aws_v6.65.0_x5: HTTP Request Sent: net.peer.name=iam.amazonaws.com tf_aws.sdk=aws-sdk-go-v2 tf_mux_provider="*schema.GRPCProviderServer" tf_provider_addr=registry.terraform.io/hashicorp/aws tf_req_id=99d27ee4-e2c0-373e-05e5-a88f1b4378b5 @module=aws http.method=POST http.request.header.amz_sdk_invocation_id=e52961e9-0955-4895-947a-541555ab542e rpc.method=IAM/GetUser rpc.system.name=aws-api @caller=github.com/hashicorp/aws-sdk-go-base/v2@v2.0.0-beta.73/logging/tf_logger.go:45 http.url=https://iam.amazonaws.com/ http.user_agent="APN/1.0 HashiCorp/1.0 Terraform/1.16.3 (+https://www.terraform.io) terraform-provider-aws/6.65.0 (+https://registry.terraform.io/providers/hashicorp/aws) aws-sdk-go-v2/1.47.0 ua/2.1 os/linux lang/go#1.26.6 md/GOOS#linux md/GOARCH#amd64 api/iam#1.64.0 m/n" tf_aws.signing_region="" tf_rpc=ReadResource http.request.header.content_type=application/x-www-form-urlencoded http.request.header.x_amz_date=20260921T015048Z aws.region=us-east-1
  http.request.body=
  | Action=GetUser&UserName=jenkins.user&Version=2010-05-08
   http.request.header.amz_sdk_request="attempt=1; max=25" tf_resource_type=aws_iam_user http.request.header.authorization="AWS4-HMAC-SHA256 Credential=AKIA************HAG5/20260921/us-east-1/iam/aws4_request, SignedHeaders=amz-sdk-invocation-id;amz-sdk-request;content-length;content-type;host;x-amz-date, Signature=*****" http.request_content_length=55 timestamp=2026-09-21T01:50:48.317Z
2026-09-21T01:50:48.334Z [DEBUG] provider.terraform-provider-aws_v6.65.0_x5: HTTP Request Sent: http.request.header.authorization="AWS4-HMAC-SHA256 Credential=AKIA************HAG5/20260921/us-east-1/ec2/aws4_request, SignedHeaders=amz-sdk-invocation-id;amz-sdk-request;content-length;content-type;host;x-amz-date, Signature=*****" http.request.header.x_amz_date=20260921T015048Z http.url=https://ec2.us-east-1.amazonaws.com/ http.user_agent="APN/1.0 HashiCorp/1.0 Terraform/1.16.3 (+https://www.terraform.io) terraform-provider-aws/6.65.0 (+https://registry.terraform.io/providers/hashicorp/aws) aws-sdk-go-v2/1.47.0 ua/2.1 os/linux lang/go#1.26.6 md/GOOS#linux md/GOARCH#amd64 api/ec2#1.332.0 m/C,n" tf_resource_type=aws_instance aws.region=us-east-1 http.request.header.content_type=application/x-www-form-urlencoded tf_aws.sdk=aws-sdk-go-v2 tf_provider_addr=registry.terraform.io/hashicorp/aws tf_req_id=d673edea-1ebd-a51d-bc96-ac77b6eded22 http.method=POST
  http.request.body=
  | Action=DescribeInstances&InstanceId.1=i-0375066a2908bdbaa&Version=2016-11-15
   http.request.header.amz_sdk_invocation_id=fb99d836-5cb4-478a-851f-a8266393cd77 rpc.method=EC2/DescribeInstances rpc.system.name=aws-api tf_mux_provider="*schema.GRPCProviderServer" tf_rpc=ReadResource @caller=github.com/hashicorp/aws-sdk-go-base/v2@v2.0.0-beta.73/logging/tf_logger.go:45 http.request.header.amz_sdk_request="attempt=1; max=25" http.request_content_length=76 net.peer.name=ec2.us-east-1.amazonaws.com tf_aws.signing_region="" @module=aws timestamp=2026-09-21T01:50:48.334Z
2026-09-21T01:50:48.335Z [DEBUG] provider.terraform-provider-aws_v6.65.0_x5: HTTP Request Sent: rpc.method=EC2/DescribeInstances http.method=POST net.peer.name=ec2.us-east-1.amazonaws.com rpc.system.name=aws-api tf_aws.sdk=aws-sdk-go-v2 tf_provider_addr=registry.terraform.io/hashicorp/aws tf_req_id=15b4c6e2-9114-9157-bd9f-7f9dbd980a1f @module=aws http.request.header.content_type=application/x-www-form-urlencoded tf_aws.signing_region="" tf_mux_provider="*schema.GRPCProviderServer" tf_resource_type=aws_instance tf_rpc=ReadResource aws.region=us-east-1 http.request.header.x_amz_date=20260921T015048Z http.url=https://ec2.us-east-1.amazonaws.com/ http.user_agent="APN/1.0 HashiCorp/1.0 Terraform/1.16.3 (+https://www.terraform.io) terraform-provider-aws/6.65.0 (+https://registry.terraform.io/providers/hashicorp/aws) aws-sdk-go-v2/1.47.0 ua/2.1 os/linux lang/go#1.26.6 md/GOOS#linux md/GOARCH#amd64 api/ec2#1.332.0 m/C,n" http.request_content_length=76 @caller=github.com/hashicorp/aws-sdk-go-base/v2@v2.0.0-beta.73/logging/tf_logger.go:45
  http.request.body=
  | Action=DescribeInstances&InstanceId.1=i-0e8c6fb6bc29c8abf&Version=2016-11-15
   http.request.header.amz_sdk_invocation_id=dd2f8082-3225-4a59-a5fa-9dfb6cff9fd5 http.request.header.amz_sdk_request="attempt=1; max=25" http.request.header.authorization="AWS4-HMAC-SHA256 Credential=AKIA************HAG5/20260921/us-east-1/ec2/aws4_request, SignedHeaders=amz-sdk-invocation-id;amz-sdk-request;content-length;content-type;host;x-amz-date, Signature=*****" timestamp=2026-09-21T01:50:48.334Z
2026-09-21T01:50:48.335Z [DEBUG] provider.terraform-provider-aws_v6.65.0_x5: HTTP Request Sent: @caller=github.com/hashicorp/aws-sdk-go-base/v2@v2.0.0-beta.73/logging/tf_logger.go:45 @module=aws
  http.request.body=
  | Action=DescribeInstances&InstanceId.1=i-0183c7ae07ebb5fbd&Version=2016-11-15
   http.request.header.authorization="AWS4-HMAC-SHA256 Credential=AKIA************HAG5/20260921/us-east-1/ec2/aws4_request, SignedHeaders=amz-sdk-invocation-id;amz-sdk-request;content-length;content-type;host;x-amz-date, Signature=*****" http.request.header.x_amz_date=20260921T015048Z tf_aws.signing_region="" tf_req_id=3beae65b-e613-a10f-9a1b-32a51e4c56cf tf_resource_type=aws_instance aws.region=us-east-1 http.request.header.amz_sdk_request="attempt=1; max=25" http.user_agent="APN/1.0 HashiCorp/1.0 Terraform/1.16.3 (+https://www.terraform.io) terraform-provider-aws/6.65.0 (+https://registry.terraform.io/providers/hashicorp/aws) aws-sdk-go-v2/1.47.0 ua/2.1 os/linux lang/go#1.26.6 md/GOOS#linux md/GOARCH#amd64 api/ec2#1.332.0 m/C,n" tf_mux_provider="*schema.GRPCProviderServer" http.request_content_length=76 http.method=POST http.request.header.amz_sdk_invocation_id=fc45080b-a081-46de-be97-6e59f3ea178d http.request.header.content_type=application/x-www-form-urlencoded net.peer.name=ec2.us-east-1.amazonaws.com rpc.method=EC2/DescribeInstances rpc.system.name=aws-api tf_provider_addr=registry.terraform.io/hashicorp/aws http.url=https://ec2.us-east-1.amazonaws.com/ tf_aws.sdk=aws-sdk-go-v2 tf_rpc=ReadResource timestamp=2026-09-21T01:50:48.334Z
2026-09-21T01:50:49.361Z [DEBUG] provider.terraform-provider-aws_v6.65.0_x5: HTTP Response Received: http.duration=1042 http.status_code=200 tf_aws.signing_region="" http.response_content_length=473 rpc.method=IAM/GetUser rpc.system.name=aws-api tf_aws.sdk=aws-sdk-go-v2 tf_mux_provider="*schema.GRPCProviderServer" tf_req_id=99d27ee4-e2c0-373e-05e5-a88f1b4378b5 tf_resource_type=aws_iam_user @caller=github.com/hashicorp/aws-sdk-go-base/v2@v2.0.0-beta.73/logging/tf_logger.go:45 http.response.header.content_type=text/xml http.response.header.x_amzn_requestid=3febfcda-ae87-4bac-957b-770266b57e40 @module=aws aws.region=us-east-1
  http.response.body=
  | <GetUserResponse xmlns="https://iam.amazonaws.com/doc/2010-05-08/">
  |   <GetUserResult>
  |     <User>
  |       <Path>/</Path>
  |       <UserName>jenkins.user</UserName>
  |       <Arn>arn:aws:iam::020651500156:user/jenkins.user</Arn>
  |       <UserId>AIDA*************OYP3</UserId>
  |       <CreateDate>2026-09-21T01:42:04Z</CreateDate>
  |     </User>
  |   </GetUserResult>
  |   <ResponseMetadata>
  |     <RequestId>3febfcda-ae87-4bac-957b-770266b57e40</RequestId>
  |   </ResponseMetadata>
  | </GetUserResponse>
   http.response.header.date="Mon, 21 Sep 2026 01:50:49 GMT" tf_provider_addr=registry.terraform.io/hashicorp/aws tf_rpc=ReadResource timestamp=2026-09-21T01:50:49.360Z
2026-09-21T01:50:49.362Z [DEBUG] provider.terraform-provider-aws_v6.65.0_x5: HTTP Response Received: aws.region=us-east-1 http.response.header.date="Mon, 21 Sep 2026 01:50:49 GMT" http.response_content_length=469 http.duration=1042
  http.response.body=
  | <GetUserResponse xmlns="https://iam.amazonaws.com/doc/2010-05-08/">
  |   <GetUserResult>
  |     <User>
  |       <Path>/</Path>
  |       <UserName>kafka.user</UserName>
  |       <Arn>arn:aws:iam::020651500156:user/kafka.user</Arn>
  |       <UserId>AIDA*************3SHR</UserId>
  |       <CreateDate>2026-09-21T01:42:04Z</CreateDate>
  |     </User>
  |   </GetUserResult>
  |   <ResponseMetadata>
  |     <RequestId>669dbc74-053e-4692-8df8-5c392e924232</RequestId>
  |   </ResponseMetadata>
  | </GetUserResponse>
   http.response.header.content_type=text/xml http.response.header.x_amzn_requestid=669dbc74-053e-4692-8df8-5c392e924232 tf_aws.sdk=aws-sdk-go-v2 tf_aws.signing_region="" http.status_code=200 rpc.method=IAM/GetUser tf_provider_addr=registry.terraform.io/hashicorp/aws tf_req_id=1b434cad-c070-6395-d713-2981abb10219 tf_resource_type=aws_iam_user tf_rpc=ReadResource @caller=github.com/hashicorp/aws-sdk-go-base/v2@v2.0.0-beta.73/logging/tf_logger.go:45 rpc.system.name=aws-api tf_mux_provider="*schema.GRPCProviderServer" @module=aws timestamp=2026-09-21T01:50:49.360Z
2026-09-21T01:50:49.363Z [DEBUG] provider.terraform-provider-aws_v6.65.0_x5: HTTP Response Received: tf_aws.sdk=aws-sdk-go-v2 tf_mux_provider="*schema.GRPCProviderServer" tf_provider_addr=registry.terraform.io/hashicorp/aws tf_resource_type=aws_iam_user @module=aws http.response.header.x_amzn_requestid=bc7a63ee-002c-41d0-8bf7-879c4c7354f9 tf_req_id=1049b886-b0ec-3074-4d30-c35c470a4066 tf_rpc=ReadResource @caller=github.com/hashicorp/aws-sdk-go-base/v2@v2.0.0-beta.73/logging/tf_logger.go:45 aws.region=us-east-1
  http.response.body=
  | <GetUserResponse xmlns="https://iam.amazonaws.com/doc/2010-05-08/">
  |   <GetUserResult>
  |     <User>
  |       <Path>/</Path>
  |       <UserName>redis.user</UserName>
  |       <Arn>arn:aws:iam::020651500156:user/redis.user</Arn>
  |       <UserId>AIDA*************4OLP</UserId>
  |       <CreateDate>2026-09-21T01:42:04Z</CreateDate>
  |     </User>
  |   </GetUserResult>
  |   <ResponseMetadata>
  |     <RequestId>bc7a63ee-002c-41d0-8bf7-879c4c7354f9</RequestId>
  |   </ResponseMetadata>
  | </GetUserResponse>
   http.response.header.date="Mon, 21 Sep 2026 01:50:49 GMT" rpc.system.name=aws-api http.response_content_length=469 rpc.method=IAM/GetUser tf_aws.signing_region="" http.status_code=200 http.duration=1042 http.response.header.content_type=text/xml timestamp=2026-09-21T01:50:49.360Z
2026-09-21T01:50:49.416Z [WARN]  Provider "registry.terraform.io/hashicorp/aws" produced an invalid plan for aws_iam_user.onboarding_user[1], but we are tolerating it because it is using the legacy plugin SDK.
    The following problems may be the cause of any confusing errors from downstream operations:
      - .force_destroy: planned value cty.False for a non-computed attribute
      - .path: planned value cty.StringVal("/") for a non-computed attribute
      - .permissions_boundary: planned value cty.StringVal("") for a non-computed attribute
      - .tags: planned value cty.MapValEmpty(cty.String) for a non-computed attribute
2026-09-21T01:50:49.417Z [WARN]  Provider "registry.terraform.io/hashicorp/aws" produced an invalid plan for aws_iam_user.onboarding_user[0], but we are tolerating it because it is using the legacy plugin SDK.
    The following problems may be the cause of any confusing errors from downstream operations:
      - .tags: planned value cty.MapValEmpty(cty.String) for a non-computed attribute
      - .force_destroy: planned value cty.False for a non-computed attribute
      - .path: planned value cty.StringVal("/") for a non-computed attribute
      - .permissions_boundary: planned value cty.StringVal("") for a non-computed attribute
2026-09-21T01:50:49.420Z [WARN]  Provider "registry.terraform.io/hashicorp/aws" produced an invalid plan for aws_iam_user.onboarding_user[2], but we are tolerating it because it is using the legacy plugin SDK.
    The following problems may be the cause of any confusing errors from downstream operations:
      - .path: planned value cty.StringVal("/") for a non-computed attribute
      - .permissions_boundary: planned value cty.StringVal("") for a non-computed attribute
      - .tags: planned value cty.MapValEmpty(cty.String) for a non-computed attribute
      - .force_destroy: planned value cty.False for a non-computed attribute
2026-09-21T01:50:49.454Z [DEBUG] provider.terraform-provider-aws_v6.65.0_x5: HTTP Response Received: aws.region=us-east-1
  http.response.body=
  | <?xml version="1.0" encoding="UTF-8"?>
  | <DescribeInstancesResponse xmlns="http://ec2.amazonaws.com/doc/2016-11-15/">
  |     <requestId>0385c3e3-aa08-4436-a2bb-08191ffec1d3</requestId>
  |     <reservationSet>
  |         <item>
  |             <reservationId>r-01a1aa503c7edd071</reservationId>
  |             <ownerId>020651500156</ownerId>
  |             <groupSet/>
  |             <instancesSet>
  |                 <item>
  |                     <instanceId>i-0375066a2908bdbaa</instanceId>
  |                     <imageId>ami-0354c98ae10b02961</imageId>
  |                     <instanceState>
  |                         <code>16</code>
  |                         <name>running</name>
  |                     </instanceState>
  |                     <privateDnsName>ip-172-31-43-195.ec2.internal</privateDnsName>
  |                     <publicIpDnsNameOptions>
  |                         <dnsHostnameType>public-ipv4-dns-name</dnsHostnameType>
  |                         <publicIpv4DnsName>ec2-54-147-233-91.compute-1.amazonaws.com</publicIpv4DnsName>
  |                     </publicIpDnsNameOptions>
  |                     <dnsName>ec2-54-147-233-91.compute-1.amazonaws.com</dnsName>
  |                     <reason/>
  |                     <amiLaunchIndex>0</amiLaunchIndex>
  |                     <productCodes/>
  |                     <operator>
  |                         <managed>false</managed>
  |                         <hiddenByDefault>false</hiddenByDefault>
  |                     </operator>
  |                     <instanceType>t2.small</instanceType>
  |                     <launchTime>2026-09-21T01:42:05.000Z</launchTime>
  |                     <placement>
  |                         <availabilityZone>us-east-1d</availabilityZone>
  |                         <availabilityZoneId>use1-az6</availabilityZoneId>
  |                         <groupName/>
  |                         <tenancy>default</tenancy>
  |                     </placement>
  |                     <monitoring>
  |                         <state>disabled</state>
  |                     </monitoring>
  |                     <subnetId>subnet-0fe2133ba8cb0de6b</subnetId>
  |                     <vpcId>vpc-0cd3652e4e8e18a78</vpcId>
  |                     <privateIpAddress>172.31.43.195</privateIpAddress>
  |                     <ipAddress>54.147.233.91</ipAddress>
  |                     <sourceDestCheck>true</sourceDestCheck>
  |                     <groupSet>
  |                         <item>
  |                             <groupId>sg-0d4ecf989cb68563d</groupId>
  |                             <groupName>default</groupName>
  |                         </item>
  |                     </groupSet>
  |                     <architecture>x86_64</architecture>
  |                     <rootDeviceType>ebs</rootDeviceType>
  |                     <rootDeviceName>/dev/xvda</rootDeviceName>
  |                     <blockDeviceMapping>
  |                         <item>
  |                             <deviceName>/dev/xvda</deviceName>
  |                             <ebs>
  |                                 <volumeId>vol-0682103a1626de428</volumeId>
  |                                 <status>attached</status>
  |                                 <attachTime>2026-09-21T01:42:06.000Z</attachTime>
  |                                 <deleteOnTermination>true</deleteOnTermination>
  |                                 <ebsCardIndex>0</ebsCardIndex>
  |                             </ebs>
  |                         </item>
  |                     </blockDeviceMapping>
  |                     <virtualizationType>hvm</virtualizationType>
  |                     <clientToken>terraform-jdbGfTvfKkLT17SOqZh82uiHS9</clientToken>
  |                     <tagSet>
  |                         <item>
  |                             <key>Name</key>
  |                             <value>Worker_Node_1</value>
  |                         </item>
  |                     </tagSet>
  |                     <hypervisor>xen</hypervisor>
  |                     <networkInterfaceSet>
  |                         <item>
  |                             <networkInterfaceId>eni-09c6d9441f946b701</networkInterfaceId>
  |                             <subnetId>subnet-0fe2133ba8cb0de6b</subnetId>
  |                             <vpcId>vpc-0cd3652e4e8e18a78</vpcId>
  |                             <description/>
  | [truncated...]
   http.response.header.cache_control="no-cache, no-store" http.response.header.content_type=text/xml;charset=UTF-8 http.response.header.x_amzn_requestid=0385c3e3-aa08-4436-a2bb-08191ffec1d3 tf_provider_addr=registry.terraform.io/hashicorp/aws http.response.header.vary=accept-encoding tf_aws.signing_region="" tf_rpc=ReadResource http.response.header.date="Mon, 21 Sep 2026 01:50:49 GMT" http.response.header.server=AmazonEC2 @caller=github.com/hashicorp/aws-sdk-go-base/v2@v2.0.0-beta.73/logging/tf_logger.go:45 http.duration=1119 http.status_code=200 rpc.system.name=aws-api tf_aws.sdk=aws-sdk-go-v2 @module=aws rpc.method=EC2/DescribeInstances tf_mux_provider="*schema.GRPCProviderServer" tf_req_id=d673edea-1ebd-a51d-bc96-ac77b6eded22 tf_resource_type=aws_instance http.response.header.strict_transport_security="max-age=31536000; includeSubDomains" timestamp=2026-09-21T01:50:49.454Z
2026-09-21T01:50:49.462Z [DEBUG] provider.terraform-provider-aws_v6.65.0_x5: HTTP Response Received: aws.region=us-east-1 http.response.header.content_type=text/xml;charset=UTF-8 tf_aws.signing_region="" tf_req_id=3beae65b-e613-a10f-9a1b-32a51e4c56cf tf_rpc=ReadResource
  http.response.body=
  | <?xml version="1.0" encoding="UTF-8"?>
  | <DescribeInstancesResponse xmlns="http://ec2.amazonaws.com/doc/2016-11-15/">
  |     <requestId>70616545-7ae9-4ef9-94ef-051100854272</requestId>
  |     <reservationSet>
  |         <item>
  |             <reservationId>r-06c016c994fd06c16</reservationId>
  |             <ownerId>020651500156</ownerId>
  |             <groupSet/>
  |             <instancesSet>
  |                 <item>
  |                     <instanceId>i-0183c7ae07ebb5fbd</instanceId>
  |                     <imageId>ami-0354c98ae10b02961</imageId>
  |                     <instanceState>
  |                         <code>16</code>
  |                         <name>running</name>
  |                     </instanceState>
  |                     <privateDnsName>ip-172-31-44-251.ec2.internal</privateDnsName>
  |                     <publicIpDnsNameOptions>
  |                         <dnsHostnameType>public-ipv4-dns-name</dnsHostnameType>
  |                         <publicIpv4DnsName>ec2-3-94-122-141.compute-1.amazonaws.com</publicIpv4DnsName>
  |                     </publicIpDnsNameOptions>
  |                     <dnsName>ec2-3-94-122-141.compute-1.amazonaws.com</dnsName>
  |                     <reason/>
  |                     <amiLaunchIndex>0</amiLaunchIndex>
  |                     <productCodes/>
  |                     <operator>
  |                         <managed>false</managed>
  |                         <hiddenByDefault>false</hiddenByDefault>
  |                     </operator>
  |                     <instanceType>t2.small</instanceType>
  |                     <launchTime>2026-09-21T01:42:05.000Z</launchTime>
  |                     <placement>
  |                         <availabilityZone>us-east-1d</availabilityZone>
  |                         <availabilityZoneId>use1-az6</availabilityZoneId>
  |                         <groupName/>
  |                         <tenancy>default</tenancy>
  |                     </placement>
  |                     <monitoring>
  |                         <state>disabled</state>
  |                     </monitoring>
  |                     <subnetId>subnet-0fe2133ba8cb0de6b</subnetId>
  |                     <vpcId>vpc-0cd3652e4e8e18a78</vpcId>
  |                     <privateIpAddress>172.31.44.251</privateIpAddress>
  |                     <ipAddress>3.94.122.141</ipAddress>
  |                     <sourceDestCheck>true</sourceDestCheck>
  |                     <groupSet>
  |                         <item>
  |                             <groupId>sg-0d4ecf989cb68563d</groupId>
  |                             <groupName>default</groupName>
  |                         </item>
  |                     </groupSet>
  |                     <architecture>x86_64</architecture>
  |                     <rootDeviceType>ebs</rootDeviceType>
  |                     <rootDeviceName>/dev/xvda</rootDeviceName>
  |                     <blockDeviceMapping>
  |                         <item>
  |                             <deviceName>/dev/xvda</deviceName>
  |                             <ebs>
  |                                 <volumeId>vol-0bd946803324d5486</volumeId>
  |                                 <status>attached</status>
  |                                 <attachTime>2026-09-21T01:42:06.000Z</attachTime>
  |                                 <deleteOnTermination>true</deleteOnTermination>
  |                                 <ebsCardIndex>0</ebsCardIndex>
  |                             </ebs>
  |                         </item>
  |                     </blockDeviceMapping>
  |                     <virtualizationType>hvm</virtualizationType>
  |                     <clientToken>terraform-IJVRgnVuhY9SVT61RlerBNeh0N</clientToken>
  |                     <tagSet>
  |                         <item>
  |                             <key>Name</key>
  |                             <value>Worker_Node_0</value>
  |                         </item>
  |                     </tagSet>
  |                     <hypervisor>xen</hypervisor>
  |                     <networkInterfaceSet>
  |                         <item>
  |                             <networkInterfaceId>eni-0ab1e42bb22c5ab85</networkInterfaceId>
  |                             <subnetId>subnet-0fe2133ba8cb0de6b</subnetId>
  |                             <vpcId>vpc-0cd3652e4e8e18a78</vpcId>
  |                             <description/>
  | [truncated...]
   http.response.header.server=AmazonEC2 http.status_code=200 tf_mux_provider="*schema.GRPCProviderServer" tf_resource_type=aws_instance http.duration=1127 http.response.header.cache_control="no-cache, no-store" http.response.header.strict_transport_security="max-age=31536000; includeSubDomains" rpc.method=EC2/DescribeInstances tf_aws.sdk=aws-sdk-go-v2 tf_provider_addr=registry.terraform.io/hashicorp/aws http.response.header.date="Mon, 21 Sep 2026 01:50:49 GMT" http.response.header.vary=accept-encoding http.response.header.x_amzn_requestid=70616545-7ae9-4ef9-94ef-051100854272 rpc.system.name=aws-api @caller=github.com/hashicorp/aws-sdk-go-base/v2@v2.0.0-beta.73/logging/tf_logger.go:45 @module=aws timestamp=2026-09-21T01:50:49.462Z
2026-09-21T01:50:49.464Z [DEBUG] provider.terraform-provider-aws_v6.65.0_x5: HTTP Response Received: http.response.header.content_type=text/xml;charset=UTF-8 http.response.header.vary=accept-encoding tf_aws.sdk=aws-sdk-go-v2 tf_mux_provider="*schema.GRPCProviderServer"
  http.response.body=
  | <?xml version="1.0" encoding="UTF-8"?>
  | <DescribeInstancesResponse xmlns="http://ec2.amazonaws.com/doc/2016-11-15/">
  |     <requestId>30853500-1870-445e-93fb-b62217044229</requestId>
  |     <reservationSet>
  |         <item>
  |             <reservationId>r-0fcb516657a4a2cae</reservationId>
  |             <ownerId>020651500156</ownerId>
  |             <groupSet/>
  |             <instancesSet>
  |                 <item>
  |                     <instanceId>i-0e8c6fb6bc29c8abf</instanceId>
  |                     <imageId>ami-0354c98ae10b02961</imageId>
  |                     <instanceState>
  |                         <code>16</code>
  |                         <name>running</name>
  |                     </instanceState>
  |                     <privateDnsName>ip-172-31-46-127.ec2.internal</privateDnsName>
  |                     <publicIpDnsNameOptions>
  |                         <dnsHostnameType>public-ipv4-dns-name</dnsHostnameType>
  |                         <publicIpv4DnsName>ec2-52-90-225-206.compute-1.amazonaws.com</publicIpv4DnsName>
  |                     </publicIpDnsNameOptions>
  |                     <dnsName>ec2-52-90-225-206.compute-1.amazonaws.com</dnsName>
  |                     <reason/>
  |                     <amiLaunchIndex>0</amiLaunchIndex>
  |                     <productCodes/>
  |                     <operator>
  |                         <managed>false</managed>
  |                         <hiddenByDefault>false</hiddenByDefault>
  |                     </operator>
  |                     <instanceType>t2.small</instanceType>
  |                     <launchTime>2026-09-21T01:42:05.000Z</launchTime>
  |                     <placement>
  |                         <availabilityZone>us-east-1d</availabilityZone>
  |                         <availabilityZoneId>use1-az6</availabilityZoneId>
  |                         <groupName/>
  |                         <tenancy>default</tenancy>
  |                     </placement>
  |                     <monitoring>
  |                         <state>disabled</state>
  |                     </monitoring>
  |                     <subnetId>subnet-0fe2133ba8cb0de6b</subnetId>
  |                     <vpcId>vpc-0cd3652e4e8e18a78</vpcId>
  |                     <privateIpAddress>172.31.46.127</privateIpAddress>
  |                     <ipAddress>52.90.225.206</ipAddress>
  |                     <sourceDestCheck>true</sourceDestCheck>
  |                     <groupSet>
  |                         <item>
  |                             <groupId>sg-0d4ecf989cb68563d</groupId>
  |                             <groupName>default</groupName>
  |                         </item>
  |                     </groupSet>
  |                     <architecture>x86_64</architecture>
  |                     <rootDeviceType>ebs</rootDeviceType>
  |                     <rootDeviceName>/dev/xvda</rootDeviceName>
  |                     <blockDeviceMapping>
  |                         <item>
  |                             <deviceName>/dev/xvda</deviceName>
  |                             <ebs>
  |                                 <volumeId>vol-048d29dd3f365fea0</volumeId>
  |                                 <status>attached</status>
  |                                 <attachTime>2026-09-21T01:42:06.000Z</attachTime>
  |                                 <deleteOnTermination>true</deleteOnTermination>
  |                                 <ebsCardIndex>0</ebsCardIndex>
  |                             </ebs>
  |                         </item>
  |                     </blockDeviceMapping>
  |                     <virtualizationType>hvm</virtualizationType>
  |                     <clientToken>terraform-kydvLdroQ3xvQIfkGNp0kzuyxA</clientToken>
  |                     <tagSet>
  |                         <item>
  |                             <key>Name</key>
  |                             <value>Worker_Node_2</value>
  |                         </item>
  |                     </tagSet>
  |                     <hypervisor>xen</hypervisor>
  |                     <networkInterfaceSet>
  |                         <item>
  |                             <networkInterfaceId>eni-0d2054f3cc0061f5c</networkInterfaceId>
  |                             <subnetId>subnet-0fe2133ba8cb0de6b</subnetId>
  |                             <vpcId>vpc-0cd3652e4e8e18a78</vpcId>
  |                             <description/>
  | [truncated...]
   http.response.header.strict_transport_security="max-age=31536000; includeSubDomains" rpc.method=EC2/DescribeInstances rpc.system.name=aws-api tf_provider_addr=registry.terraform.io/hashicorp/aws tf_resource_type=aws_instance @module=aws http.duration=1127 http.response.header.date="Mon, 21 Sep 2026 01:50:49 GMT" http.response.header.server=AmazonEC2 http.response.header.x_amzn_requestid=30853500-1870-445e-93fb-b62217044229 http.status_code=200 tf_aws.signing_region="" tf_req_id=15b4c6e2-9114-9157-bd9f-7f9dbd980a1f tf_rpc=ReadResource @caller=github.com/hashicorp/aws-sdk-go-base/v2@v2.0.0-beta.73/logging/tf_logger.go:45 aws.region=us-east-1 http.response.header.cache_control="no-cache, no-store" timestamp=2026-09-21T01:50:49.462Z
2026-09-21T01:50:49.498Z [DEBUG] provider.terraform-provider-aws_v6.65.0_x5: HTTP Request Sent: aws.region=us-east-1
  http.request.body=
  | Action=DescribeInstanceTypes&InstanceType.1=t2.small&Version=2016-11-15
   http.request.header.amz_sdk_invocation_id=9094d8b3-c541-44fa-b5f7-7146cc362ff3 http.request.header.content_type=application/x-www-form-urlencoded rpc.method=EC2/DescribeInstanceTypes tf_mux_provider="*schema.GRPCProviderServer" @caller=github.com/hashicorp/aws-sdk-go-base/v2@v2.0.0-beta.73/logging/tf_logger.go:45 http.request.header.amz_sdk_request="attempt=1; max=25" http.request.header.authorization="AWS4-HMAC-SHA256 Credential=AKIA************HAG5/20260921/us-east-1/ec2/aws4_request, SignedHeaders=amz-sdk-invocation-id;amz-sdk-request;content-length;content-type;host;x-amz-date, Signature=*****" http.request.header.x_amz_date=20260921T015049Z http.user_agent="APN/1.0 HashiCorp/1.0 Terraform/1.16.3 (+https://www.terraform.io) terraform-provider-aws/6.65.0 (+https://registry.terraform.io/providers/hashicorp/aws) aws-sdk-go-v2/1.47.0 ua/2.1 os/linux lang/go#1.26.6 md/GOOS#linux md/GOARCH#amd64 api/ec2#1.332.0 m/C,n" net.peer.name=ec2.us-east-1.amazonaws.com rpc.system.name=aws-api tf_aws.signing_region="" @module=aws http.request_content_length=71 http.url=https://ec2.us-east-1.amazonaws.com/ tf_aws.sdk=aws-sdk-go-v2 tf_req_id=15b4c6e2-9114-9157-bd9f-7f9dbd980a1f tf_resource_type=aws_instance http.method=POST tf_provider_addr=registry.terraform.io/hashicorp/aws tf_rpc=ReadResource timestamp=2026-09-21T01:50:49.497Z
2026-09-21T01:50:49.499Z [DEBUG] provider.terraform-provider-aws_v6.65.0_x5: HTTP Request Sent: http.request.header.amz_sdk_invocation_id=024d8f22-a96c-4b42-a550-3d8ccd68da0c http.request.header.authorization="AWS4-HMAC-SHA256 Credential=AKIA************HAG5/20260921/us-east-1/ec2/aws4_request, SignedHeaders=amz-sdk-invocation-id;amz-sdk-request;content-length;content-type;host;x-amz-date, Signature=*****" net.peer.name=ec2.us-east-1.amazonaws.com tf_req_id=3beae65b-e613-a10f-9a1b-32a51e4c56cf tf_resource_type=aws_instance http.method=POST
  http.request.body=
  | Action=DescribeInstanceTypes&InstanceType.1=t2.small&Version=2016-11-15
   http.request.header.amz_sdk_request="attempt=1; max=25" http.user_agent="APN/1.0 HashiCorp/1.0 Terraform/1.16.3 (+https://www.terraform.io) terraform-provider-aws/6.65.0 (+https://registry.terraform.io/providers/hashicorp/aws) aws-sdk-go-v2/1.47.0 ua/2.1 os/linux lang/go#1.26.6 md/GOOS#linux md/GOARCH#amd64 api/ec2#1.332.0 m/C,n" rpc.system.name=aws-api tf_rpc=ReadResource @module=aws http.request.header.x_amz_date=20260921T015049Z http.request_content_length=71 rpc.method=EC2/DescribeInstanceTypes tf_aws.sdk=aws-sdk-go-v2 tf_provider_addr=registry.terraform.io/hashicorp/aws @caller=github.com/hashicorp/aws-sdk-go-base/v2@v2.0.0-beta.73/logging/tf_logger.go:45 aws.region=us-east-1 http.request.header.content_type=application/x-www-form-urlencoded http.url=https://ec2.us-east-1.amazonaws.com/ tf_aws.signing_region="" tf_mux_provider="*schema.GRPCProviderServer" timestamp=2026-09-21T01:50:49.497Z
2026-09-21T01:50:49.499Z [DEBUG] provider.terraform-provider-aws_v6.65.0_x5: HTTP Request Sent: @module=aws http.method=POST
  http.request.body=
  | Action=DescribeInstanceTypes&InstanceType.1=t2.small&Version=2016-11-15
   http.request.header.amz_sdk_request="attempt=1; max=25" http.request_content_length=71 http.url=https://ec2.us-east-1.amazonaws.com/ http.user_agent="APN/1.0 HashiCorp/1.0 Terraform/1.16.3 (+https://www.terraform.io) terraform-provider-aws/6.65.0 (+https://registry.terraform.io/providers/hashicorp/aws) aws-sdk-go-v2/1.47.0 ua/2.1 os/linux lang/go#1.26.6 md/GOOS#linux md/GOARCH#amd64 api/ec2#1.332.0 m/C,n" tf_mux_provider="*schema.GRPCProviderServer" aws.region=us-east-1 http.request.header.authorization="AWS4-HMAC-SHA256 Credential=AKIA************HAG5/20260921/us-east-1/ec2/aws4_request, SignedHeaders=amz-sdk-invocation-id;amz-sdk-request;content-length;content-type;host;x-amz-date, Signature=*****" http.request.header.content_type=application/x-www-form-urlencoded http.request.header.x_amz_date=20260921T015049Z net.peer.name=ec2.us-east-1.amazonaws.com tf_provider_addr=registry.terraform.io/hashicorp/aws tf_req_id=d673edea-1ebd-a51d-bc96-ac77b6eded22 tf_resource_type=aws_instance tf_aws.signing_region="" tf_rpc=ReadResource @caller=github.com/hashicorp/aws-sdk-go-base/v2@v2.0.0-beta.73/logging/tf_logger.go:45 http.request.header.amz_sdk_invocation_id=2297681f-e47e-4ac5-9df4-544db888bc7d rpc.method=EC2/DescribeInstanceTypes rpc.system.name=aws-api tf_aws.sdk=aws-sdk-go-v2 timestamp=2026-09-21T01:50:49.497Z
2026-09-21T01:50:49.769Z [DEBUG] provider.terraform-provider-aws_v6.65.0_x5: HTTP Response Received:
  http.response.body=
  | <?xml version="1.0" encoding="UTF-8"?>
  | <DescribeInstanceTypesResponse xmlns="http://ec2.amazonaws.com/doc/2016-11-15/">
  |     <requestId>8440bd69-5867-4437-a500-d0a775f6a822</requestId>
  |     <instanceTypeSet>
  |         <item>
  |             <autoRecoverySupported>true</autoRecoverySupported>
  |             <bareMetal>false</bareMetal>
  |             <burstablePerformanceSupported>true</burstablePerformanceSupported>
  |             <cpuBurstModel>credit</cpuBurstModel>
  |             <currentGeneration>true</currentGeneration>
  |             <dedicatedHostsSupported>false</dedicatedHostsSupported>
  |             <ebsInfo>
  |                 <attachmentLimitType>shared</attachmentLimitType>
  |                 <ebsOptimizedSupport>unsupported</ebsOptimizedSupport>
  |                 <encryptionSupport>supported</encryptionSupport>
  |                 <maximumEbsAttachments>40</maximumEbsAttachments>
  |                 <nvmeSupport>unsupported</nvmeSupport>
  |             </ebsInfo>
  |             <freeTierEligible>false</freeTierEligible>
  |             <hibernationSupported>true</hibernationSupported>
  |             <hypervisor>xen</hypervisor>
  |             <instanceStorageSupported>false</instanceStorageSupported>
  |             <instanceType>t2.small</instanceType>
  |             <memoryInfo>
  |                 <sizeInMiB>2048</sizeInMiB>
  |             </memoryInfo>
  |             <networkInfo>
  |                 <connectionTrackingConfiguration>
  |                     <defaultTcpEstablishedTimeout>432000</defaultTcpEstablishedTimeout>
  |                     <defaultUdpStreamTimeout>180</defaultUdpStreamTimeout>
  |                     <defaultUdpTimeout>30</defaultUdpTimeout>
  |                 </connectionTrackingConfiguration>
  |                 <defaultNetworkCardIndex>0</defaultNetworkCardIndex>
  |                 <efaSupported>false</efaSupported>
  |                 <enaSrdSupported>false</enaSrdSupported>
  |                 <enaSupport>unsupported</enaSupport>
  |                 <encryptionInTransitSupported>false</encryptionInTransitSupported>
  |                 <flexibleEnaQueuesSupport>unsupported</flexibleEnaQueuesSupport>
  |                 <ipv4AddressesPerInterface>4</ipv4AddressesPerInterface>
  |                 <ipv6AddressesPerInterface>4</ipv6AddressesPerInterface>
  |                 <ipv6Supported>true</ipv6Supported>
  |                 <maximumNetworkCards>1</maximumNetworkCards>
  |                 <maximumNetworkInterfaces>3</maximumNetworkInterfaces>
  |                 <networkCards>
  |                     <item>
  |                         <baselineBandwidthInGbps>0.128</baselineBandwidthInGbps>
  |                         <defaultEnaQueueCountPerInterface>1</defaultEnaQueueCountPerInterface>
  |                         <interfaceTypeSet>
  |                             <item>interface</item>
  |                         </interfaceTypeSet>
  |                         <maximumNetworkInterfaces>3</maximumNetworkInterfaces>
  |                         <networkCardIndex>0</networkCardIndex>
  |                         <networkPerformance>Low to Moderate</networkPerformance>
  |                         <peakBandwidthInGbps>1.024</peakBandwidthInGbps>
  |                     </item>
  |                 </networkCards>
  |                 <networkPerformance>Low to Moderate</networkPerformance>
  |                 <secondaryNetworkSupported>false</secondaryNetworkSupported>
  |                 <trafficMirroringSupport>unsupported</trafficMirroringSupport>
  |             </networkInfo>
  |             <nitroEnclavesSupport>unsupported</nitroEnclavesSupport>
  |             <nitroTpmSupport>unsupported</nitroTpmSupport>
  |             <phcSupport>unsupported</phcSupport>
  |             <placementGroupInfo>
  |                 <supportedStrategies>
  |                     <item>partition</item>
  |                     <item>spread</item>
  |                 </supportedStrategies>
  |             </placementGroupInfo>
  |             <processorInfo>
  |                 <manufacturer>Intel</manufacturer>
  |                 <supportedArchitectures>
  |                     <item>i386</item>
  |                     <item>x86_64</item>
  |                 </supportedArchitectures>
  |                 <sustainedClockSpeedInGhz>2.5</sustainedClockSpeedInGhz>
  | [truncated...]
   http.response.header.date="Mon, 21 Sep 2026 01:50:49 GMT" http.response.header.server=AmazonEC2 http.response.header.strict_transport_security="max-age=31536000; includeSubDomains" http.status_code=200 tf_aws.signing_region="" tf_mux_provider="*schema.GRPCProviderServer" http.response.header.content_type=text/xml;charset=UTF-8 http.response.header.vary=accept-encoding http.response.header.x_amzn_requestid=8440bd69-5867-4437-a500-d0a775f6a822 tf_provider_addr=registry.terraform.io/hashicorp/aws tf_rpc=ReadResource aws.region=us-east-1 http.duration=269 http.response.header.cache_control="no-cache, no-store" rpc.method=EC2/DescribeInstanceTypes tf_req_id=15b4c6e2-9114-9157-bd9f-7f9dbd980a1f tf_resource_type=aws_instance @caller=github.com/hashicorp/aws-sdk-go-base/v2@v2.0.0-beta.73/logging/tf_logger.go:45 @module=aws rpc.system.name=aws-api tf_aws.sdk=aws-sdk-go-v2 timestamp=2026-09-21T01:50:49.767Z
2026-09-21T01:50:49.771Z [DEBUG] provider.terraform-provider-aws_v6.65.0_x5: HTTP Response Received: @caller=github.com/hashicorp/aws-sdk-go-base/v2@v2.0.0-beta.73/logging/tf_logger.go:45 @module=aws
  http.response.body=
  | <?xml version="1.0" encoding="UTF-8"?>
  | <DescribeInstanceTypesResponse xmlns="http://ec2.amazonaws.com/doc/2016-11-15/">
  |     <requestId>6c8e97fe-6344-48df-ac65-e12c8dc0ed0d</requestId>
  |     <instanceTypeSet>
  |         <item>
  |             <autoRecoverySupported>true</autoRecoverySupported>
  |             <bareMetal>false</bareMetal>
  |             <burstablePerformanceSupported>true</burstablePerformanceSupported>
  |             <cpuBurstModel>credit</cpuBurstModel>
  |             <currentGeneration>true</currentGeneration>
  |             <dedicatedHostsSupported>false</dedicatedHostsSupported>
  |             <ebsInfo>
  |                 <attachmentLimitType>shared</attachmentLimitType>
  |                 <ebsOptimizedSupport>unsupported</ebsOptimizedSupport>
  |                 <encryptionSupport>supported</encryptionSupport>
  |                 <maximumEbsAttachments>40</maximumEbsAttachments>
  |                 <nvmeSupport>unsupported</nvmeSupport>
  |             </ebsInfo>
  |             <freeTierEligible>false</freeTierEligible>
  |             <hibernationSupported>true</hibernationSupported>
  |             <hypervisor>xen</hypervisor>
  |             <instanceStorageSupported>false</instanceStorageSupported>
  |             <instanceType>t2.small</instanceType>
  |             <memoryInfo>
  |                 <sizeInMiB>2048</sizeInMiB>
  |             </memoryInfo>
  |             <networkInfo>
  |                 <connectionTrackingConfiguration>
  |                     <defaultTcpEstablishedTimeout>432000</defaultTcpEstablishedTimeout>
  |                     <defaultUdpStreamTimeout>180</defaultUdpStreamTimeout>
  |                     <defaultUdpTimeout>30</defaultUdpTimeout>
  |                 </connectionTrackingConfiguration>
  |                 <defaultNetworkCardIndex>0</defaultNetworkCardIndex>
  |                 <efaSupported>false</efaSupported>
  |                 <enaSrdSupported>false</enaSrdSupported>
  |                 <enaSupport>unsupported</enaSupport>
  |                 <encryptionInTransitSupported>false</encryptionInTransitSupported>
  |                 <flexibleEnaQueuesSupport>unsupported</flexibleEnaQueuesSupport>
  |                 <ipv4AddressesPerInterface>4</ipv4AddressesPerInterface>
  |                 <ipv6AddressesPerInterface>4</ipv6AddressesPerInterface>
  |                 <ipv6Supported>true</ipv6Supported>
  |                 <maximumNetworkCards>1</maximumNetworkCards>
  |                 <maximumNetworkInterfaces>3</maximumNetworkInterfaces>
  |                 <networkCards>
  |                     <item>
  |                         <baselineBandwidthInGbps>0.128</baselineBandwidthInGbps>
  |                         <defaultEnaQueueCountPerInterface>1</defaultEnaQueueCountPerInterface>
  |                         <interfaceTypeSet>
  |                             <item>interface</item>
  |                         </interfaceTypeSet>
  |                         <maximumNetworkInterfaces>3</maximumNetworkInterfaces>
  |                         <networkCardIndex>0</networkCardIndex>
  |                         <networkPerformance>Low to Moderate</networkPerformance>
  |                         <peakBandwidthInGbps>1.024</peakBandwidthInGbps>
  |                     </item>
  |                 </networkCards>
  |                 <networkPerformance>Low to Moderate</networkPerformance>
  |                 <secondaryNetworkSupported>false</secondaryNetworkSupported>
  |                 <trafficMirroringSupport>unsupported</trafficMirroringSupport>
  |             </networkInfo>
  |             <nitroEnclavesSupport>unsupported</nitroEnclavesSupport>
  |             <nitroTpmSupport>unsupported</nitroTpmSupport>
  |             <phcSupport>unsupported</phcSupport>
  |             <placementGroupInfo>
  |                 <supportedStrategies>
  |                     <item>partition</item>
  |                     <item>spread</item>
  |                 </supportedStrategies>
  |             </placementGroupInfo>
  |             <processorInfo>
  |                 <manufacturer>Intel</manufacturer>
  |                 <supportedArchitectures>
  |                     <item>i386</item>
  |                     <item>x86_64</item>
  |                 </supportedArchitectures>
  |                 <sustainedClockSpeedInGhz>2.5</sustainedClockSpeedInGhz>
  | [truncated...]
   http.response.header.cache_control="no-cache, no-store" http.response.header.server=AmazonEC2 tf_aws.signing_region="" http.duration=266 http.response.header.strict_transport_security="max-age=31536000; includeSubDomains" http.response.header.vary=accept-encoding rpc.system.name=aws-api tf_req_id=d673edea-1ebd-a51d-bc96-ac77b6eded22 tf_rpc=ReadResource http.status_code=200 rpc.method=EC2/DescribeInstanceTypes tf_aws.sdk=aws-sdk-go-v2 tf_mux_provider="*schema.GRPCProviderServer" tf_provider_addr=registry.terraform.io/hashicorp/aws tf_resource_type=aws_instance aws.region=us-east-1 http.response.header.content_type=text/xml;charset=UTF-8 http.response.header.date="Mon, 21 Sep 2026 01:50:49 GMT" http.response.header.x_amzn_requestid=6c8e97fe-6344-48df-ac65-e12c8dc0ed0d timestamp=2026-09-21T01:50:49.768Z
2026-09-21T01:50:49.773Z [DEBUG] provider.terraform-provider-aws_v6.65.0_x5: HTTP Response Received: http.response.header.vary=accept-encoding rpc.method=EC2/DescribeInstanceTypes @module=aws http.status_code=200 rpc.system.name=aws-api tf_aws.sdk=aws-sdk-go-v2 tf_aws.signing_region="" tf_mux_provider="*schema.GRPCProviderServer"
  http.response.body=
  | <?xml version="1.0" encoding="UTF-8"?>
  | <DescribeInstanceTypesResponse xmlns="http://ec2.amazonaws.com/doc/2016-11-15/">
  |     <requestId>81795d24-6b6e-4406-97cd-d706f092866f</requestId>
  |     <instanceTypeSet>
  |         <item>
  |             <autoRecoverySupported>true</autoRecoverySupported>
  |             <bareMetal>false</bareMetal>
  |             <burstablePerformanceSupported>true</burstablePerformanceSupported>
  |             <cpuBurstModel>credit</cpuBurstModel>
  |             <currentGeneration>true</currentGeneration>
  |             <dedicatedHostsSupported>false</dedicatedHostsSupported>
  |             <ebsInfo>
  |                 <attachmentLimitType>shared</attachmentLimitType>
  |                 <ebsOptimizedSupport>unsupported</ebsOptimizedSupport>
  |                 <encryptionSupport>supported</encryptionSupport>
  |                 <maximumEbsAttachments>40</maximumEbsAttachments>
  |                 <nvmeSupport>unsupported</nvmeSupport>
  |             </ebsInfo>
  |             <freeTierEligible>false</freeTierEligible>
  |             <hibernationSupported>true</hibernationSupported>
  |             <hypervisor>xen</hypervisor>
  |             <instanceStorageSupported>false</instanceStorageSupported>
  |             <instanceType>t2.small</instanceType>
  |             <memoryInfo>
  |                 <sizeInMiB>2048</sizeInMiB>
  |             </memoryInfo>
  |             <networkInfo>
  |                 <connectionTrackingConfiguration>
  |                     <defaultTcpEstablishedTimeout>432000</defaultTcpEstablishedTimeout>
  |                     <defaultUdpStreamTimeout>180</defaultUdpStreamTimeout>
  |                     <defaultUdpTimeout>30</defaultUdpTimeout>
  |                 </connectionTrackingConfiguration>
  |                 <defaultNetworkCardIndex>0</defaultNetworkCardIndex>
  |                 <efaSupported>false</efaSupported>
  |                 <enaSrdSupported>false</enaSrdSupported>
  |                 <enaSupport>unsupported</enaSupport>
  |                 <encryptionInTransitSupported>false</encryptionInTransitSupported>
  |                 <flexibleEnaQueuesSupport>unsupported</flexibleEnaQueuesSupport>
  |                 <ipv4AddressesPerInterface>4</ipv4AddressesPerInterface>
  |                 <ipv6AddressesPerInterface>4</ipv6AddressesPerInterface>
  |                 <ipv6Supported>true</ipv6Supported>
  |                 <maximumNetworkCards>1</maximumNetworkCards>
  |                 <maximumNetworkInterfaces>3</maximumNetworkInterfaces>
  |                 <networkCards>
  |                     <item>
  |                         <baselineBandwidthInGbps>0.128</baselineBandwidthInGbps>
  |                         <defaultEnaQueueCountPerInterface>1</defaultEnaQueueCountPerInterface>
  |                         <interfaceTypeSet>
  |                             <item>interface</item>
  |                         </interfaceTypeSet>
  |                         <maximumNetworkInterfaces>3</maximumNetworkInterfaces>
  |                         <networkCardIndex>0</networkCardIndex>
  |                         <networkPerformance>Low to Moderate</networkPerformance>
  |                         <peakBandwidthInGbps>1.024</peakBandwidthInGbps>
  |                     </item>
  |                 </networkCards>
  |                 <networkPerformance>Low to Moderate</networkPerformance>
  |                 <secondaryNetworkSupported>false</secondaryNetworkSupported>
  |                 <trafficMirroringSupport>unsupported</trafficMirroringSupport>
  |             </networkInfo>
  |             <nitroEnclavesSupport>unsupported</nitroEnclavesSupport>
  |             <nitroTpmSupport>unsupported</nitroTpmSupport>
  |             <phcSupport>unsupported</phcSupport>
  |             <placementGroupInfo>
  |                 <supportedStrategies>
  |                     <item>partition</item>
  |                     <item>spread</item>
  |                 </supportedStrategies>
  |             </placementGroupInfo>
  |             <processorInfo>
  |                 <manufacturer>Intel</manufacturer>
  |                 <supportedArchitectures>
  |                     <item>i386</item>
  |                     <item>x86_64</item>
  |                 </supportedArchitectures>
  |                 <sustainedClockSpeedInGhz>2.5</sustainedClockSpeedInGhz>
  | [truncated...]
   http.response.header.content_type=text/xml;charset=UTF-8 http.response.header.x_amzn_requestid=81795d24-6b6e-4406-97cd-d706f092866f tf_provider_addr=registry.terraform.io/hashicorp/aws @caller=github.com/hashicorp/aws-sdk-go-base/v2@v2.0.0-beta.73/logging/tf_logger.go:45 http.response.header.server=AmazonEC2 tf_req_id=3beae65b-e613-a10f-9a1b-32a51e4c56cf tf_resource_type=aws_instance tf_rpc=ReadResource aws.region=us-east-1 http.duration=269 http.response.header.cache_control="no-cache, no-store" http.response.header.date="Mon, 21 Sep 2026 01:50:49 GMT" http.response.header.strict_transport_security="max-age=31536000; includeSubDomains" timestamp=2026-09-21T01:50:49.768Z
2026-09-21T01:50:49.814Z [DEBUG] provider.terraform-provider-aws_v6.65.0_x5: HTTP Request Sent: http.user_agent="APN/1.0 HashiCorp/1.0 Terraform/1.16.3 (+https://www.terraform.io) terraform-provider-aws/6.65.0 (+https://registry.terraform.io/providers/hashicorp/aws) aws-sdk-go-v2/1.47.0 ua/2.1 os/linux lang/go#1.26.6 md/GOOS#linux md/GOARCH#amd64 api/ec2#1.332.0 m/n" rpc.system.name=aws-api tf_aws.signing_region="" tf_mux_provider="*schema.GRPCProviderServer" tf_provider_addr=registry.terraform.io/hashicorp/aws http.method=POST
  http.request.body=
  | Action=DescribeTags&Filter.1.Name=key&Filter.1.Value.1=aws%3Aec2launchtemplate%3Aid&Filter.2.Name=resource-id&Filter.2.Value.1=i-0375066a2908bdbaa&Version=2016-11-15
   tf_req_id=d673edea-1ebd-a51d-bc96-ac77b6eded22 tf_resource_type=aws_instance tf_rpc=ReadResource @module=aws aws.region=us-east-1 rpc.method=EC2/DescribeTags tf_aws.sdk=aws-sdk-go-v2 @caller=github.com/hashicorp/aws-sdk-go-base/v2@v2.0.0-beta.73/logging/tf_logger.go:45 http.request.header.amz_sdk_invocation_id=a575208e-cffa-4cf9-9f82-5d424a01bef5 http.request.header.amz_sdk_request="attempt=1; max=25" http.request.header.authorization="AWS4-HMAC-SHA256 Credential=AKIA************HAG5/20260921/us-east-1/ec2/aws4_request, SignedHeaders=amz-sdk-invocation-id;amz-sdk-request;content-length;content-type;host;x-amz-date, Signature=*****" http.request.header.x_amz_date=20260921T015049Z http.request_content_length=165 net.peer.name=ec2.us-east-1.amazonaws.com http.request.header.content_type=application/x-www-form-urlencoded http.url=https://ec2.us-east-1.amazonaws.com/ timestamp=2026-09-21T01:50:49.813Z
2026-09-21T01:50:49.815Z [DEBUG] provider.terraform-provider-aws_v6.65.0_x5: HTTP Request Sent: http.request.header.x_amz_date=20260921T015049Z tf_req_id=3beae65b-e613-a10f-9a1b-32a51e4c56cf @caller=github.com/hashicorp/aws-sdk-go-base/v2@v2.0.0-beta.73/logging/tf_logger.go:45 @module=aws http.request.header.amz_sdk_invocation_id=5e091852-bdbd-4513-8e66-da65b4d36318 http.url=https://ec2.us-east-1.amazonaws.com/ rpc.system.name=aws-api tf_aws.sdk=aws-sdk-go-v2 tf_aws.signing_region="" tf_mux_provider="*schema.GRPCProviderServer" http.method=POST http.request.header.authorization="AWS4-HMAC-SHA256 Credential=AKIA************HAG5/20260921/us-east-1/ec2/aws4_request, SignedHeaders=amz-sdk-invocation-id;amz-sdk-request;content-length;content-type;host;x-amz-date, Signature=*****" http.request_content_length=165 net.peer.name=ec2.us-east-1.amazonaws.com tf_resource_type=aws_instance tf_rpc=ReadResource aws.region=us-east-1
  http.request.body=
  | Action=DescribeTags&Filter.1.Name=key&Filter.1.Value.1=aws%3Aec2launchtemplate%3Aid&Filter.2.Name=resource-id&Filter.2.Value.1=i-0183c7ae07ebb5fbd&Version=2016-11-15
   http.user_agent="APN/1.0 HashiCorp/1.0 Terraform/1.16.3 (+https://www.terraform.io) terraform-provider-aws/6.65.0 (+https://registry.terraform.io/providers/hashicorp/aws) aws-sdk-go-v2/1.47.0 ua/2.1 os/linux lang/go#1.26.6 md/GOOS#linux md/GOARCH#amd64 api/ec2#1.332.0 m/n" rpc.method=EC2/DescribeTags tf_provider_addr=registry.terraform.io/hashicorp/aws http.request.header.amz_sdk_request="attempt=1; max=25" http.request.header.content_type=application/x-www-form-urlencoded timestamp=2026-09-21T01:50:49.813Z
2026-09-21T01:50:49.817Z [DEBUG] provider.terraform-provider-aws_v6.65.0_x5: HTTP Request Sent: net.peer.name=ec2.us-east-1.amazonaws.com rpc.method=EC2/DescribeTags tf_aws.signing_region="" tf_resource_type=aws_instance @caller=github.com/hashicorp/aws-sdk-go-base/v2@v2.0.0-beta.73/logging/tf_logger.go:45 @module=aws aws.region=us-east-1 http.request.header.amz_sdk_invocation_id=4c8855f0-3f4c-4d45-a8a0-e21ccdb96c67 http.request.header.content_type=application/x-www-form-urlencoded http.request_content_length=165 http.url=https://ec2.us-east-1.amazonaws.com/ http.method=POST http.request.header.amz_sdk_request="attempt=1; max=25" rpc.system.name=aws-api tf_mux_provider="*schema.GRPCProviderServer" tf_rpc=ReadResource
  http.request.body=
  | Action=DescribeTags&Filter.1.Name=key&Filter.1.Value.1=aws%3Aec2launchtemplate%3Aid&Filter.2.Name=resource-id&Filter.2.Value.1=i-0e8c6fb6bc29c8abf&Version=2016-11-15
   http.request.header.authorization="AWS4-HMAC-SHA256 Credential=AKIA************HAG5/20260921/us-east-1/ec2/aws4_request, SignedHeaders=amz-sdk-invocation-id;amz-sdk-request;content-length;content-type;host;x-amz-date, Signature=*****" http.request.header.x_amz_date=20260921T015049Z http.user_agent="APN/1.0 HashiCorp/1.0 Terraform/1.16.3 (+https://www.terraform.io) terraform-provider-aws/6.65.0 (+https://registry.terraform.io/providers/hashicorp/aws) aws-sdk-go-v2/1.47.0 ua/2.1 os/linux lang/go#1.26.6 md/GOOS#linux md/GOARCH#amd64 api/ec2#1.332.0 m/n" tf_aws.sdk=aws-sdk-go-v2 tf_provider_addr=registry.terraform.io/hashicorp/aws tf_req_id=15b4c6e2-9114-9157-bd9f-7f9dbd980a1f timestamp=2026-09-21T01:50:49.813Z
2026-09-21T01:50:50.109Z [DEBUG] provider.terraform-provider-aws_v6.65.0_x5: HTTP Response Received: http.response.header.content_type=text/xml;charset=UTF-8 tf_aws.signing_region="" tf_provider_addr=registry.terraform.io/hashicorp/aws @caller=github.com/hashicorp/aws-sdk-go-base/v2@v2.0.0-beta.73/logging/tf_logger.go:45 aws.region=us-east-1 http.duration=293 http.response.header.date="Mon, 21 Sep 2026 01:50:50 GMT" http.response.header.server=AmazonEC2 tf_mux_provider="*schema.GRPCProviderServer" tf_resource_type=aws_instance http.response_content_length=212 http.status_code=200 rpc.system.name=aws-api tf_aws.sdk=aws-sdk-go-v2 tf_req_id=15b4c6e2-9114-9157-bd9f-7f9dbd980a1f
  http.response.body=
  | <?xml version="1.0" encoding="UTF-8"?>
  | <DescribeTagsResponse xmlns="http://ec2.amazonaws.com/doc/2016-11-15/">
  |     <requestId>2ba4505c-444e-4ac1-a2ec-967df6f0c218</requestId>
  |     <tagSet/>
  | </DescribeTagsResponse>
   http.response.header.strict_transport_security="max-age=31536000; includeSubDomains" http.response.header.x_amzn_requestid=2ba4505c-444e-4ac1-a2ec-967df6f0c218 rpc.method=EC2/DescribeTags tf_rpc=ReadResource @module=aws http.response.header.cache_control="no-cache, no-store" timestamp=2026-09-21T01:50:50.108Z
2026-09-21T01:50:50.112Z [DEBUG] provider.terraform-provider-aws_v6.65.0_x5: HTTP Response Received: http.response.header.cache_control="no-cache, no-store" http.response.header.content_type=text/xml;charset=UTF-8 http.response.header.server=AmazonEC2 http.response_content_length=212 tf_mux_provider="*schema.GRPCProviderServer" http.response.header.x_amzn_requestid=c087fac3-55da-4c6d-970a-2248d4846dda http.duration=295
  http.response.body=
  | <?xml version="1.0" encoding="UTF-8"?>
  | <DescribeTagsResponse xmlns="http://ec2.amazonaws.com/doc/2016-11-15/">
  |     <requestId>c087fac3-55da-4c6d-970a-2248d4846dda</requestId>
  |     <tagSet/>
  | </DescribeTagsResponse>
   http.response.header.date="Mon, 21 Sep 2026 01:50:50 GMT" http.response.header.strict_transport_security="max-age=31536000; includeSubDomains" http.status_code=200 rpc.method=EC2/DescribeTags rpc.system.name=aws-api tf_resource_type=aws_instance tf_rpc=ReadResource @caller=github.com/hashicorp/aws-sdk-go-base/v2@v2.0.0-beta.73/logging/tf_logger.go:45 @module=aws tf_aws.sdk=aws-sdk-go-v2 tf_aws.signing_region="" tf_provider_addr=registry.terraform.io/hashicorp/aws tf_req_id=d673edea-1ebd-a51d-bc96-ac77b6eded22 aws.region=us-east-1 timestamp=2026-09-21T01:50:50.109Z
2026-09-21T01:50:50.136Z [DEBUG] provider.terraform-provider-aws_v6.65.0_x5: HTTP Request Sent: http.request.header.amz_sdk_request="attempt=1; max=25" http.request_content_length=68 net.peer.name=ec2.us-east-1.amazonaws.com tf_rpc=ReadResource @module=aws
  http.request.body=
  | Action=DescribeVpcs&Version=2016-11-15&VpcId.1=vpc-0cd3652e4e8e18a78
   http.request.header.amz_sdk_invocation_id=b6cb4fe4-49bd-4db4-82f5-64c33525e9c4 http.request.header.content_type=application/x-www-form-urlencoded tf_aws.signing_region="" aws.region=us-east-1 http.method=POST http.request.header.authorization="AWS4-HMAC-SHA256 Credential=AKIA************HAG5/20260921/us-east-1/ec2/aws4_request, SignedHeaders=amz-sdk-invocation-id;amz-sdk-request;content-length;content-type;host;x-amz-date, Signature=*****" http.request.header.x_amz_date=20260921T015050Z rpc.method=EC2/DescribeVpcs tf_provider_addr=registry.terraform.io/hashicorp/aws tf_req_id=d673edea-1ebd-a51d-bc96-ac77b6eded22 @caller=github.com/hashicorp/aws-sdk-go-base/v2@v2.0.0-beta.73/logging/tf_logger.go:45 http.url=https://ec2.us-east-1.amazonaws.com/ http.user_agent="APN/1.0 HashiCorp/1.0 Terraform/1.16.3 (+https://www.terraform.io) terraform-provider-aws/6.65.0 (+https://registry.terraform.io/providers/hashicorp/aws) aws-sdk-go-v2/1.47.0 ua/2.1 os/linux lang/go#1.26.6 md/GOOS#linux md/GOARCH#amd64 api/ec2#1.332.0 m/C,n" rpc.system.name=aws-api tf_aws.sdk=aws-sdk-go-v2 tf_mux_provider="*schema.GRPCProviderServer" tf_resource_type=aws_instance timestamp=2026-09-21T01:50:50.135Z
2026-09-21T01:50:50.139Z [DEBUG] provider.terraform-provider-aws_v6.65.0_x5: HTTP Request Sent: @module=aws http.request.header.authorization="AWS4-HMAC-SHA256 Credential=AKIA************HAG5/20260921/us-east-1/ec2/aws4_request, SignedHeaders=amz-sdk-invocation-id;amz-sdk-request;content-length;content-type;host;x-amz-date, Signature=*****" rpc.method=EC2/DescribeVpcs rpc.system.name=aws-api http.method=POST
  http.request.body=
  | Action=DescribeVpcs&Version=2016-11-15&VpcId.1=vpc-0cd3652e4e8e18a78
   http.request.header.amz_sdk_request="attempt=1; max=25" http.request.header.content_type=application/x-www-form-urlencoded http.url=https://ec2.us-east-1.amazonaws.com/ net.peer.name=ec2.us-east-1.amazonaws.com tf_aws.signing_region="" tf_provider_addr=registry.terraform.io/hashicorp/aws aws.region=us-east-1 http.request.header.amz_sdk_invocation_id=91733492-3d3d-4aa0-a0e0-e054f8c63d92 http.request_content_length=68 http.user_agent="APN/1.0 HashiCorp/1.0 Terraform/1.16.3 (+https://www.terraform.io) terraform-provider-aws/6.65.0 (+https://registry.terraform.io/providers/hashicorp/aws) aws-sdk-go-v2/1.47.0 ua/2.1 os/linux lang/go#1.26.6 md/GOOS#linux md/GOARCH#amd64 api/ec2#1.332.0 m/C,n" tf_mux_provider="*schema.GRPCProviderServer" tf_req_id=15b4c6e2-9114-9157-bd9f-7f9dbd980a1f @caller=github.com/hashicorp/aws-sdk-go-base/v2@v2.0.0-beta.73/logging/tf_logger.go:45 http.request.header.x_amz_date=20260921T015050Z tf_aws.sdk=aws-sdk-go-v2 tf_resource_type=aws_instance tf_rpc=ReadResource timestamp=2026-09-21T01:50:50.138Z
2026-09-21T01:50:50.205Z [DEBUG] provider.terraform-provider-aws_v6.65.0_x5: HTTP Response Received: http.response.header.server=AmazonEC2 http.response.header.x_amzn_requestid=59dde137-350d-4843-8742-e83803e993bf tf_req_id=3beae65b-e613-a10f-9a1b-32a51e4c56cf tf_resource_type=aws_instance aws.region=us-east-1 http.duration=389 http.response.header.cache_control="no-cache, no-store" http.response.header.strict_transport_security="max-age=31536000; includeSubDomains" http.response_content_length=212 tf_aws.sdk=aws-sdk-go-v2 tf_mux_provider="*schema.GRPCProviderServer" @module=aws
  http.response.body=
  | <?xml version="1.0" encoding="UTF-8"?>
  | <DescribeTagsResponse xmlns="http://ec2.amazonaws.com/doc/2016-11-15/">
  |     <requestId>59dde137-350d-4843-8742-e83803e993bf</requestId>
  |     <tagSet/>
  | </DescribeTagsResponse>
   http.response.header.content_type=text/xml;charset=UTF-8 http.response.header.date="Mon, 21 Sep 2026 01:50:50 GMT" rpc.method=EC2/DescribeTags rpc.system.name=aws-api tf_aws.signing_region="" http.status_code=200 tf_provider_addr=registry.terraform.io/hashicorp/aws tf_rpc=ReadResource @caller=github.com/hashicorp/aws-sdk-go-base/v2@v2.0.0-beta.73/logging/tf_logger.go:45 timestamp=2026-09-21T01:50:50.204Z
2026-09-21T01:50:50.207Z [DEBUG] provider.terraform-provider-aws_v6.65.0_x5: HTTP Request Sent: tf_aws.signing_region="" @caller=github.com/hashicorp/aws-sdk-go-base/v2@v2.0.0-beta.73/logging/tf_logger.go:45 @module=aws aws.region=us-east-1 http.method=POST http.request.header.amz_sdk_request="attempt=1; max=25" tf_provider_addr=registry.terraform.io/hashicorp/aws tf_req_id=3beae65b-e613-a10f-9a1b-32a51e4c56cf
  http.request.body=
  | Action=DescribeVpcs&Version=2016-11-15&VpcId.1=vpc-0cd3652e4e8e18a78
   http.request.header.amz_sdk_invocation_id=9cca62c1-ea7f-4931-8ac5-0dceae6ad571 http.request.header.content_type=application/x-www-form-urlencoded http.request.header.x_amz_date=20260921T015050Z http.url=https://ec2.us-east-1.amazonaws.com/ http.user_agent="APN/1.0 HashiCorp/1.0 Terraform/1.16.3 (+https://www.terraform.io) terraform-provider-aws/6.65.0 (+https://registry.terraform.io/providers/hashicorp/aws) aws-sdk-go-v2/1.47.0 ua/2.1 os/linux lang/go#1.26.6 md/GOOS#linux md/GOARCH#amd64 api/ec2#1.332.0 m/C,n" rpc.system.name=aws-api tf_rpc=ReadResource http.request.header.authorization="AWS4-HMAC-SHA256 Credential=AKIA************HAG5/20260921/us-east-1/ec2/aws4_request, SignedHeaders=amz-sdk-invocation-id;amz-sdk-request;content-length;content-type;host;x-amz-date, Signature=*****" tf_mux_provider="*schema.GRPCProviderServer" tf_resource_type=aws_instance http.request_content_length=68 net.peer.name=ec2.us-east-1.amazonaws.com rpc.method=EC2/DescribeVpcs tf_aws.sdk=aws-sdk-go-v2 timestamp=2026-09-21T01:50:50.206Z
2026-09-21T01:50:50.416Z [DEBUG] provider.terraform-provider-aws_v6.65.0_x5: HTTP Response Received: http.response_content_length=1136 http.status_code=200 @module=aws http.duration=278 tf_aws.signing_region="" tf_provider_addr=registry.terraform.io/hashicorp/aws tf_resource_type=aws_instance @caller=github.com/hashicorp/aws-sdk-go-base/v2@v2.0.0-beta.73/logging/tf_logger.go:45 aws.region=us-east-1
  http.response.body=
  | <?xml version="1.0" encoding="UTF-8"?>
  | <DescribeVpcsResponse xmlns="http://ec2.amazonaws.com/doc/2016-11-15/">
  |     <requestId>9500c128-2be4-48be-a454-5c8db36af92b</requestId>
  |     <vpcSet>
  |         <item>
  |             <vpcId>vpc-0cd3652e4e8e18a78</vpcId>
  |             <ownerId>020651500156</ownerId>
  |             <state>available</state>
  |             <cidrBlock>172.31.0.0/16</cidrBlock>
  |             <cidrBlockAssociationSet>
  |                 <item>
  |                     <cidrBlock>172.31.0.0/16</cidrBlock>
  |                     <associationId>vpc-cidr-assoc-0455ef93c20ffe99b</associationId>
  |                     <cidrBlockState>
  |                         <state>associated</state>
  |                     </cidrBlockState>
  |                 </item>
  |             </cidrBlockAssociationSet>
  |             <dhcpOptionsId>dopt-0d7a1346641c4783f</dhcpOptionsId>
  |             <instanceTenancy>default</instanceTenancy>
  |             <isDefault>true</isDefault>
  |             <blockPublicAccessStates>
  |                 <internetGatewayBlockMode>off</internetGatewayBlockMode>
  |             </blockPublicAccessStates>
  |         </item>
  |     </vpcSet>
  | </DescribeVpcsResponse>
   http.response.header.cache_control="no-cache, no-store" rpc.method=EC2/DescribeVpcs rpc.system.name=aws-api tf_aws.sdk=aws-sdk-go-v2 tf_req_id=d673edea-1ebd-a51d-bc96-ac77b6eded22 http.response.header.server=AmazonEC2 http.response.header.x_amzn_requestid=9500c128-2be4-48be-a454-5c8db36af92b tf_mux_provider="*schema.GRPCProviderServer" tf_rpc=ReadResource http.response.header.date="Mon, 21 Sep 2026 01:50:50 GMT" http.response.header.strict_transport_security="max-age=31536000; includeSubDomains" http.response.header.content_type=text/xml;charset=UTF-8 timestamp=2026-09-21T01:50:50.415Z
2026-09-21T01:50:50.426Z [DEBUG] provider.terraform-provider-aws_v6.65.0_x5: [DEBUG] Setting Security Group IDs: []string{"sg-0d4ecf989cb68563d"}
2026-09-21T01:50:50.427Z [DEBUG] provider.terraform-provider-aws_v6.65.0_x5: [DEBUG] Setting Security Group Names: []string{"default"}
2026-09-21T01:50:50.438Z [DEBUG] provider.terraform-provider-aws_v6.65.0_x5: HTTP Request Sent: http.method=POST http.request.header.authorization="AWS4-HMAC-SHA256 Credential=AKIA************HAG5/20260921/us-east-1/ec2/aws4_request, SignedHeaders=amz-sdk-invocation-id;amz-sdk-request;content-length;content-type;host;x-amz-date, Signature=*****" rpc.system.name=aws-api tf_req_id=d673edea-1ebd-a51d-bc96-ac77b6eded22 http.request.header.amz_sdk_request="attempt=1; max=25" http.request_content_length=126 http.url=https://ec2.us-east-1.amazonaws.com/ http.user_agent="APN/1.0 HashiCorp/1.0 Terraform/1.16.3 (+https://www.terraform.io) terraform-provider-aws/6.65.0 (+https://registry.terraform.io/providers/hashicorp/aws) aws-sdk-go-v2/1.47.0 ua/2.1 os/linux lang/go#1.26.6 md/GOOS#linux md/GOARCH#amd64 api/ec2#1.332.0 m/n" net.peer.name=ec2.us-east-1.amazonaws.com tf_aws.signing_region="" tf_rpc=ReadResource
  http.request.body=
  | Action=DescribeInstanceAttribute&Attribute=instanceInitiatedShutdownBehavior&InstanceId=i-0375066a2908bdbaa&Version=2016-11-15
   http.request.header.content_type=application/x-www-form-urlencoded rpc.method=EC2/DescribeInstanceAttribute tf_mux_provider="*schema.GRPCProviderServer" tf_provider_addr=registry.terraform.io/hashicorp/aws tf_resource_type=aws_instance @module=aws http.request.header.amz_sdk_invocation_id=554249e6-49ab-4dd2-9ef7-9b71d4e3289c http.request.header.x_amz_date=20260921T015050Z tf_aws.sdk=aws-sdk-go-v2 @caller=github.com/hashicorp/aws-sdk-go-base/v2@v2.0.0-beta.73/logging/tf_logger.go:45 aws.region=us-east-1 timestamp=2026-09-21T01:50:50.437Z
2026-09-21T01:50:50.439Z [DEBUG] provider.terraform-provider-aws_v6.65.0_x5: HTTP Response Received: rpc.method=EC2/DescribeVpcs rpc.system.name=aws-api tf_aws.sdk=aws-sdk-go-v2 tf_rpc=ReadResource http.response.header.date="Mon, 21 Sep 2026 01:50:50 GMT" tf_aws.signing_region="" tf_req_id=15b4c6e2-9114-9157-bd9f-7f9dbd980a1f tf_resource_type=aws_instance http.duration=298 http.response.header.cache_control="no-cache, no-store" http.response.header.server=AmazonEC2 http.response.header.strict_transport_security="max-age=31536000; includeSubDomains" http.response_content_length=1136 http.status_code=200 tf_mux_provider="*schema.GRPCProviderServer" @module=aws http.response.header.content_type=text/xml;charset=UTF-8 tf_provider_addr=registry.terraform.io/hashicorp/aws @caller=github.com/hashicorp/aws-sdk-go-base/v2@v2.0.0-beta.73/logging/tf_logger.go:45 aws.region=us-east-1
  http.response.body=
  | <?xml version="1.0" encoding="UTF-8"?>
  | <DescribeVpcsResponse xmlns="http://ec2.amazonaws.com/doc/2016-11-15/">
  |     <requestId>983e7118-4f96-4550-ae69-6728cd2bece3</requestId>
  |     <vpcSet>
  |         <item>
  |             <vpcId>vpc-0cd3652e4e8e18a78</vpcId>
  |             <ownerId>020651500156</ownerId>
  |             <state>available</state>
  |             <cidrBlock>172.31.0.0/16</cidrBlock>
  |             <cidrBlockAssociationSet>
  |                 <item>
  |                     <cidrBlock>172.31.0.0/16</cidrBlock>
  |                     <associationId>vpc-cidr-assoc-0455ef93c20ffe99b</associationId>
  |                     <cidrBlockState>
  |                         <state>associated</state>
  |                     </cidrBlockState>
  |                 </item>
  |             </cidrBlockAssociationSet>
  |             <dhcpOptionsId>dopt-0d7a1346641c4783f</dhcpOptionsId>
  |             <instanceTenancy>default</instanceTenancy>
  |             <isDefault>true</isDefault>
  |             <blockPublicAccessStates>
  |                 <internetGatewayBlockMode>off</internetGatewayBlockMode>
  |             </blockPublicAccessStates>
  |         </item>
  |     </vpcSet>
  | </DescribeVpcsResponse>
   http.response.header.x_amzn_requestid=983e7118-4f96-4550-ae69-6728cd2bece3 timestamp=2026-09-21T01:50:50.437Z
2026-09-21T01:50:50.441Z [DEBUG] provider.terraform-provider-aws_v6.65.0_x5: [DEBUG] Setting Security Group IDs: []string{"sg-0d4ecf989cb68563d"}
2026-09-21T01:50:50.442Z [DEBUG] provider.terraform-provider-aws_v6.65.0_x5: [DEBUG] Setting Security Group Names: []string{"default"}
2026-09-21T01:50:50.444Z [DEBUG] provider.terraform-provider-aws_v6.65.0_x5: HTTP Request Sent: tf_provider_addr=registry.terraform.io/hashicorp/aws tf_req_id=15b4c6e2-9114-9157-bd9f-7f9dbd980a1f tf_resource_type=aws_instance @caller=github.com/hashicorp/aws-sdk-go-base/v2@v2.0.0-beta.73/logging/tf_logger.go:45 http.method=POST http.request.header.content_type=application/x-www-form-urlencoded http.url=https://ec2.us-east-1.amazonaws.com/ http.user_agent="APN/1.0 HashiCorp/1.0 Terraform/1.16.3 (+https://www.terraform.io) terraform-provider-aws/6.65.0 (+https://registry.terraform.io/providers/hashicorp/aws) aws-sdk-go-v2/1.47.0 ua/2.1 os/linux lang/go#1.26.6 md/GOOS#linux md/GOARCH#amd64 api/ec2#1.332.0 m/n" rpc.system.name=aws-api
  http.request.body=
  | Action=DescribeInstanceAttribute&Attribute=instanceInitiatedShutdownBehavior&InstanceId=i-0e8c6fb6bc29c8abf&Version=2016-11-15
   http.request.header.authorization="AWS4-HMAC-SHA256 Credential=AKIA************HAG5/20260921/us-east-1/ec2/aws4_request, SignedHeaders=amz-sdk-invocation-id;amz-sdk-request;content-length;content-type;host;x-amz-date, Signature=*****" http.request.header.x_amz_date=20260921T015050Z net.peer.name=ec2.us-east-1.amazonaws.com rpc.method=EC2/DescribeInstanceAttribute tf_aws.sdk=aws-sdk-go-v2 tf_mux_provider="*schema.GRPCProviderServer" tf_rpc=ReadResource @module=aws http.request.header.amz_sdk_request="attempt=1; max=25" http.request_content_length=126 tf_aws.signing_region="" aws.region=us-east-1 http.request.header.amz_sdk_invocation_id=e66e924a-435f-465e-a111-7172fe8cd376 timestamp=2026-09-21T01:50:50.439Z
2026-09-21T01:50:50.476Z [DEBUG] provider.terraform-provider-aws_v6.65.0_x5: HTTP Response Received: tf_aws.sdk=aws-sdk-go-v2 @module=aws http.response.header.x_amzn_requestid=99856594-33ad-4de8-9137-e1834e1cc092 http.status_code=200 tf_aws.signing_region="" tf_mux_provider="*schema.GRPCProviderServer" tf_provider_addr=registry.terraform.io/hashicorp/aws tf_req_id=3beae65b-e613-a10f-9a1b-32a51e4c56cf tf_resource_type=aws_instance @caller=github.com/hashicorp/aws-sdk-go-base/v2@v2.0.0-beta.73/logging/tf_logger.go:45 http.duration=268 http.response.header.date="Mon, 21 Sep 2026 01:50:50 GMT" http.response.header.server=AmazonEC2 http.response.header.strict_transport_security="max-age=31536000; includeSubDomains" http.response.header.content_type=text/xml;charset=UTF-8 tf_rpc=ReadResource aws.region=us-east-1
  http.response.body=
  | <?xml version="1.0" encoding="UTF-8"?>
  | <DescribeVpcsResponse xmlns="http://ec2.amazonaws.com/doc/2016-11-15/">
  |     <requestId>99856594-33ad-4de8-9137-e1834e1cc092</requestId>
  |     <vpcSet>
  |         <item>
  |             <vpcId>vpc-0cd3652e4e8e18a78</vpcId>
  |             <ownerId>020651500156</ownerId>
  |             <state>available</state>
  |             <cidrBlock>172.31.0.0/16</cidrBlock>
  |             <cidrBlockAssociationSet>
  |                 <item>
  |                     <cidrBlock>172.31.0.0/16</cidrBlock>
  |                     <associationId>vpc-cidr-assoc-0455ef93c20ffe99b</associationId>
  |                     <cidrBlockState>
  |                         <state>associated</state>
  |                     </cidrBlockState>
  |                 </item>
  |             </cidrBlockAssociationSet>
  |             <dhcpOptionsId>dopt-0d7a1346641c4783f</dhcpOptionsId>
  |             <instanceTenancy>default</instanceTenancy>
  |             <isDefault>true</isDefault>
  |             <blockPublicAccessStates>
  |                 <internetGatewayBlockMode>off</internetGatewayBlockMode>
  |             </blockPublicAccessStates>
  |         </item>
  |     </vpcSet>
  | </DescribeVpcsResponse>
   http.response.header.cache_control="no-cache, no-store" http.response_content_length=1136 rpc.method=EC2/DescribeVpcs rpc.system.name=aws-api timestamp=2026-09-21T01:50:50.475Z
2026-09-21T01:50:50.478Z [DEBUG] provider.terraform-provider-aws_v6.65.0_x5: [DEBUG] Setting Security Group IDs: []string{"sg-0d4ecf989cb68563d"}
2026-09-21T01:50:50.480Z [DEBUG] provider.terraform-provider-aws_v6.65.0_x5: [DEBUG] Setting Security Group Names: []string{"default"}
2026-09-21T01:50:50.481Z [DEBUG] provider.terraform-provider-aws_v6.65.0_x5: HTTP Request Sent: http.request.header.amz_sdk_request="attempt=1; max=25" http.request.header.authorization="AWS4-HMAC-SHA256 Credential=AKIA************HAG5/20260921/us-east-1/ec2/aws4_request, SignedHeaders=amz-sdk-invocation-id;amz-sdk-request;content-length;content-type;host;x-amz-date, Signature=*****" http.user_agent="APN/1.0 HashiCorp/1.0 Terraform/1.16.3 (+https://www.terraform.io) terraform-provider-aws/6.65.0 (+https://registry.terraform.io/providers/hashicorp/aws) aws-sdk-go-v2/1.47.0 ua/2.1 os/linux lang/go#1.26.6 md/GOOS#linux md/GOARCH#amd64 api/ec2#1.332.0 m/n" tf_mux_provider="*schema.GRPCProviderServer" tf_provider_addr=registry.terraform.io/hashicorp/aws tf_rpc=ReadResource aws.region=us-east-1 rpc.method=EC2/DescribeInstanceAttribute tf_aws.sdk=aws-sdk-go-v2 tf_aws.signing_region="" @caller=github.com/hashicorp/aws-sdk-go-base/v2@v2.0.0-beta.73/logging/tf_logger.go:45 http.method=POST
  http.request.body=
  | Action=DescribeInstanceAttribute&Attribute=instanceInitiatedShutdownBehavior&InstanceId=i-0183c7ae07ebb5fbd&Version=2016-11-15
   http.request.header.content_type=application/x-www-form-urlencoded http.request_content_length=126 net.peer.name=ec2.us-east-1.amazonaws.com @module=aws http.request.header.amz_sdk_invocation_id=4053c406-2065-4457-ac33-19bf398d849a http.request.header.x_amz_date=20260921T015050Z http.url=https://ec2.us-east-1.amazonaws.com/ rpc.system.name=aws-api tf_req_id=3beae65b-e613-a10f-9a1b-32a51e4c56cf tf_resource_type=aws_instance timestamp=2026-09-21T01:50:50.477Z
2026-09-21T01:50:50.892Z [DEBUG] provider.terraform-provider-aws_v6.65.0_x5: HTTP Response Received: @caller=github.com/hashicorp/aws-sdk-go-base/v2@v2.0.0-beta.73/logging/tf_logger.go:45 @module=aws aws.region=us-east-1 http.response.header.strict_transport_security="max-age=31536000; includeSubDomains" http.response.header.x_amzn_requestid=db2898a2-de0e-45b7-a808-3ddbf183fa5b http.response_content_length=382 tf_req_id=d673edea-1ebd-a51d-bc96-ac77b6eded22 tf_resource_type=aws_instance http.duration=454 http.response.header.cache_control="no-cache, no-store" http.response.header.date="Mon, 21 Sep 2026 01:50:50 GMT" http.response.header.server=AmazonEC2 http.status_code=200 tf_aws.sdk=aws-sdk-go-v2 rpc.method=EC2/DescribeInstanceAttribute rpc.system.name=aws-api tf_mux_provider="*schema.GRPCProviderServer" tf_rpc=ReadResource
  http.response.body=
  | <?xml version="1.0" encoding="UTF-8"?>
  | <DescribeInstanceAttributeResponse xmlns="http://ec2.amazonaws.com/doc/2016-11-15/">
  |     <requestId>db2898a2-de0e-45b7-a808-3ddbf183fa5b</requestId>
  |     <instanceId>i-0375066a2908bdbaa</instanceId>
  |     <instanceInitiatedShutdownBehavior>
  |         <value>stop</value>
  |     </instanceInitiatedShutdownBehavior>
  | </DescribeInstanceAttributeResponse>
   http.response.header.content_type=text/xml;charset=UTF-8 tf_aws.signing_region="" tf_provider_addr=registry.terraform.io/hashicorp/aws timestamp=2026-09-21T01:50:50.892Z
2026-09-21T01:50:50.895Z [DEBUG] provider.terraform-provider-aws_v6.65.0_x5: HTTP Response Received: http.status_code=200 rpc.method=EC2/DescribeInstanceAttribute tf_mux_provider="*schema.GRPCProviderServer" tf_req_id=3beae65b-e613-a10f-9a1b-32a51e4c56cf tf_resource_type=aws_instance @module=aws http.response.header.cache_control="no-cache, no-store" http.response.header.x_amzn_requestid=4b473496-c299-436d-97c2-03ddb3267dec tf_rpc=ReadResource @caller=github.com/hashicorp/aws-sdk-go-base/v2@v2.0.0-beta.73/logging/tf_logger.go:45 http.duration=413
  http.response.body=
  | <?xml version="1.0" encoding="UTF-8"?>
  | <DescribeInstanceAttributeResponse xmlns="http://ec2.amazonaws.com/doc/2016-11-15/">
  |     <requestId>4b473496-c299-436d-97c2-03ddb3267dec</requestId>
  |     <instanceId>i-0183c7ae07ebb5fbd</instanceId>
  |     <instanceInitiatedShutdownBehavior>
  |         <value>stop</value>
  |     </instanceInitiatedShutdownBehavior>
  | </DescribeInstanceAttributeResponse>
   http.response_content_length=382 tf_aws.sdk=aws-sdk-go-v2 aws.region=us-east-1 http.response.header.date="Mon, 21 Sep 2026 01:50:50 GMT" http.response.header.server=AmazonEC2 http.response.header.strict_transport_security="max-age=31536000; includeSubDomains" rpc.system.name=aws-api tf_aws.signing_region="" tf_provider_addr=registry.terraform.io/hashicorp/aws http.response.header.content_type=text/xml;charset=UTF-8 timestamp=2026-09-21T01:50:50.892Z
2026-09-21T01:50:50.898Z [DEBUG] provider.terraform-provider-aws_v6.65.0_x5: HTTP Response Received: http.response.header.cache_control="no-cache, no-store" http.response.header.x_amzn_requestid=dc5804a4-1b93-4d59-b5d1-a984c932e78b tf_aws.sdk=aws-sdk-go-v2 @caller=github.com/hashicorp/aws-sdk-go-base/v2@v2.0.0-beta.73/logging/tf_logger.go:45 http.response.header.server=AmazonEC2 http.response.header.strict_transport_security="max-age=31536000; includeSubDomains" http.status_code=200 rpc.method=EC2/DescribeInstanceAttribute tf_aws.signing_region="" tf_provider_addr=registry.terraform.io/hashicorp/aws tf_req_id=15b4c6e2-9114-9157-bd9f-7f9dbd980a1f http.response.header.content_type=text/xml;charset=UTF-8 http.response_content_length=382 tf_resource_type=aws_instance tf_rpc=ReadResource aws.region=us-east-1
  http.response.body=
  | <?xml version="1.0" encoding="UTF-8"?>
  | <DescribeInstanceAttributeResponse xmlns="http://ec2.amazonaws.com/doc/2016-11-15/">
  |     <requestId>dc5804a4-1b93-4d59-b5d1-a984c932e78b</requestId>
  |     <instanceId>i-0e8c6fb6bc29c8abf</instanceId>
  |     <instanceInitiatedShutdownBehavior>
  |         <value>stop</value>
  |     </instanceInitiatedShutdownBehavior>
  | </DescribeInstanceAttributeResponse>
   http.response.header.date="Mon, 21 Sep 2026 01:50:50 GMT" rpc.system.name=aws-api tf_mux_provider="*schema.GRPCProviderServer" @module=aws http.duration=451 timestamp=2026-09-21T01:50:50.892Z
2026-09-21T01:50:50.911Z [DEBUG] provider.terraform-provider-aws_v6.65.0_x5: HTTP Request Sent: http.request.header.content_type=application/x-www-form-urlencoded http.url=https://ec2.us-east-1.amazonaws.com/ net.peer.name=ec2.us-east-1.amazonaws.com tf_mux_provider="*schema.GRPCProviderServer" tf_provider_addr=registry.terraform.io/hashicorp/aws @module=aws aws.region=us-east-1 http.request.header.authorization="AWS4-HMAC-SHA256 Credential=AKIA************HAG5/20260921/us-east-1/ec2/aws4_request, SignedHeaders=amz-sdk-invocation-id;amz-sdk-request;content-length;content-type;host;x-amz-date, Signature=*****" http.user_agent="APN/1.0 HashiCorp/1.0 Terraform/1.16.3 (+https://www.terraform.io) terraform-provider-aws/6.65.0 (+https://registry.terraform.io/providers/hashicorp/aws) aws-sdk-go-v2/1.47.0 ua/2.1 os/linux lang/go#1.26.6 md/GOOS#linux md/GOARCH#amd64 api/ec2#1.332.0 m/n" tf_aws.signing_region="" tf_rpc=ReadResource
  http.request.body=
  | Action=DescribeVolumes&Version=2016-11-15&VolumeId.1=vol-0682103a1626de428
   http.request_content_length=74 tf_aws.sdk=aws-sdk-go-v2 http.method=POST http.request.header.amz_sdk_invocation_id=6458251b-cbf0-45e4-b255-4d4f2441f707 http.request.header.amz_sdk_request="attempt=1; max=25" http.request.header.x_amz_date=20260921T015050Z rpc.method=EC2/DescribeVolumes rpc.system.name=aws-api tf_req_id=d673edea-1ebd-a51d-bc96-ac77b6eded22 tf_resource_type=aws_instance @caller=github.com/hashicorp/aws-sdk-go-base/v2@v2.0.0-beta.73/logging/tf_logger.go:45 timestamp=2026-09-21T01:50:50.910Z
2026-09-21T01:50:50.913Z [DEBUG] provider.terraform-provider-aws_v6.65.0_x5: HTTP Request Sent: http.request_content_length=74 http.url=https://ec2.us-east-1.amazonaws.com/ net.peer.name=ec2.us-east-1.amazonaws.com tf_aws.sdk=aws-sdk-go-v2 @module=aws
  http.request.body=
  | Action=DescribeVolumes&Version=2016-11-15&VolumeId.1=vol-0bd946803324d5486
   tf_mux_provider="*schema.GRPCProviderServer" tf_req_id=3beae65b-e613-a10f-9a1b-32a51e4c56cf tf_resource_type=aws_instance aws.region=us-east-1 http.user_agent="APN/1.0 HashiCorp/1.0 Terraform/1.16.3 (+https://www.terraform.io) terraform-provider-aws/6.65.0 (+https://registry.terraform.io/providers/hashicorp/aws) aws-sdk-go-v2/1.47.0 ua/2.1 os/linux lang/go#1.26.6 md/GOOS#linux md/GOARCH#amd64 api/ec2#1.332.0 m/n" rpc.system.name=aws-api tf_provider_addr=registry.terraform.io/hashicorp/aws tf_rpc=ReadResource http.method=POST http.request.header.amz_sdk_request="attempt=1; max=25" http.request.header.content_type=application/x-www-form-urlencoded http.request.header.x_amz_date=20260921T015050Z rpc.method=EC2/DescribeVolumes tf_aws.signing_region="" @caller=github.com/hashicorp/aws-sdk-go-base/v2@v2.0.0-beta.73/logging/tf_logger.go:45 http.request.header.amz_sdk_invocation_id=22cd188c-ea71-4985-9eaf-ff6eda67aa1d http.request.header.authorization="AWS4-HMAC-SHA256 Credential=AKIA************HAG5/20260921/us-east-1/ec2/aws4_request, SignedHeaders=amz-sdk-invocation-id;amz-sdk-request;content-length;content-type;host;x-amz-date, Signature=*****" timestamp=2026-09-21T01:50:50.911Z
2026-09-21T01:50:50.914Z [DEBUG] provider.terraform-provider-aws_v6.65.0_x5: HTTP Request Sent: rpc.system.name=aws-api tf_req_id=15b4c6e2-9114-9157-bd9f-7f9dbd980a1f tf_resource_type=aws_instance @module=aws http.request.header.amz_sdk_invocation_id=57de7309-1dcb-43c2-8019-e6a12e6078ca http.request.header.amz_sdk_request="attempt=1; max=25" http.request.header.content_type=application/x-www-form-urlencoded http.request_content_length=74 tf_provider_addr=registry.terraform.io/hashicorp/aws
  http.request.body=
  | Action=DescribeVolumes&Version=2016-11-15&VolumeId.1=vol-048d29dd3f365fea0
   http.request.header.authorization="AWS4-HMAC-SHA256 Credential=AKIA************HAG5/20260921/us-east-1/ec2/aws4_request, SignedHeaders=amz-sdk-invocation-id;amz-sdk-request;content-length;content-type;host;x-amz-date, Signature=*****" tf_mux_provider="*schema.GRPCProviderServer" tf_rpc=ReadResource aws.region=us-east-1 http.request.header.x_amz_date=20260921T015050Z rpc.method=EC2/DescribeVolumes tf_aws.sdk=aws-sdk-go-v2 tf_aws.signing_region="" @caller=github.com/hashicorp/aws-sdk-go-base/v2@v2.0.0-beta.73/logging/tf_logger.go:45 http.method=POST http.url=https://ec2.us-east-1.amazonaws.com/ http.user_agent="APN/1.0 HashiCorp/1.0 Terraform/1.16.3 (+https://www.terraform.io) terraform-provider-aws/6.65.0 (+https://registry.terraform.io/providers/hashicorp/aws) aws-sdk-go-v2/1.47.0 ua/2.1 os/linux lang/go#1.26.6 md/GOOS#linux md/GOARCH#amd64 api/ec2#1.332.0 m/n" net.peer.name=ec2.us-east-1.amazonaws.com timestamp=2026-09-21T01:50:50.911Z
2026-09-21T01:50:51.261Z [DEBUG] provider.terraform-provider-aws_v6.65.0_x5: HTTP Response Received: @caller=github.com/hashicorp/aws-sdk-go-base/v2@v2.0.0-beta.73/logging/tf_logger.go:45 http.duration=347 http.response.header.cache_control="no-cache, no-store" http.response.header.content_type=text/xml;charset=UTF-8 http.response.header.strict_transport_security="max-age=31536000; includeSubDomains" rpc.method=EC2/DescribeVolumes rpc.system.name=aws-api tf_provider_addr=registry.terraform.io/hashicorp/aws
  http.response.body=
  | <?xml version="1.0" encoding="UTF-8"?>
  | <DescribeVolumesResponse xmlns="http://ec2.amazonaws.com/doc/2016-11-15/">
  |     <requestId>fa46935e-89df-4450-b1c2-5c23dfaf5893</requestId>
  |     <volumeSet>
  |         <item>
  |             <volumeId>vol-0bd946803324d5486</volumeId>
  |             <size>8</size>
  |             <snapshotId>snap-01a113b832b767185</snapshotId>
  |             <availabilityZone>us-east-1d</availabilityZone>
  |             <availabilityZoneId>use1-az6</availabilityZoneId>
  |             <status>in-use</status>
  |             <createTime>2026-09-21T01:42:06.343Z</createTime>
  |             <attachmentSet>
  |                 <item>
  |                     <volumeId>vol-0bd946803324d5486</volumeId>
  |                     <instanceId>i-0183c7ae07ebb5fbd</instanceId>
  |                     <device>/dev/xvda</device>
  |                     <status>attached</status>
  |                     <attachTime>2026-09-21T01:42:06.000Z</attachTime>
  |                     <deleteOnTermination>true</deleteOnTermination>
  |                     <ebsCardIndex>0</ebsCardIndex>
  |                     <availabilityZone>us-east-1d</availabilityZone>
  |                     <availabilityZoneId>use1-az6</availabilityZoneId>
  |                 </item>
  |             </attachmentSet>
  |             <volumeType>gp3</volumeType>
  |             <iops>3000</iops>
  |             <encrypted>false</encrypted>
  |             <multiAttachEnabled>false</multiAttachEnabled>
  |             <throughput>125</throughput>
  |             <operator>
  |                 <managed>false</managed>
  |                 <hiddenByDefault>false</hiddenByDefault>
  |             </operator>
  |             <volumeArn>arn:aws:ec2:us-east-1:020651500156:volume/vol-0bd946803324d5486</volumeArn>
  |             <ownerId>020651500156</ownerId>
  |         </item>
  |     </volumeSet>
  | </DescribeVolumesResponse>
   http.response_content_length=1782 tf_aws.signing_region="" tf_req_id=3beae65b-e613-a10f-9a1b-32a51e4c56cf tf_resource_type=aws_instance http.response.header.x_amzn_requestid=fa46935e-89df-4450-b1c2-5c23dfaf5893 @module=aws aws.region=us-east-1 http.response.header.date="Mon, 21 Sep 2026 01:50:51 GMT" http.status_code=200 tf_rpc=ReadResource http.response.header.server=AmazonEC2 tf_aws.sdk=aws-sdk-go-v2 tf_mux_provider="*schema.GRPCProviderServer" timestamp=2026-09-21T01:50:51.259Z
2026-09-21T01:50:51.269Z [DEBUG] provider.terraform-provider-aws_v6.65.0_x5: HTTP Request Sent: http.user_agent="APN/1.0 HashiCorp/1.0 Terraform/1.16.3 (+https://www.terraform.io) terraform-provider-aws/6.65.0 (+https://registry.terraform.io/providers/hashicorp/aws) aws-sdk-go-v2/1.47.0 ua/2.1 os/linux lang/go#1.26.6 md/GOOS#linux md/GOARCH#amd64 api/ec2#1.332.0 m/n" tf_aws.signing_region="" @caller=github.com/hashicorp/aws-sdk-go-base/v2@v2.0.0-beta.73/logging/tf_logger.go:45 http.method=POST tf_provider_addr=registry.terraform.io/hashicorp/aws tf_resource_type=aws_instance tf_rpc=ReadResource rpc.system.name=aws-api tf_aws.sdk=aws-sdk-go-v2 tf_mux_provider="*schema.GRPCProviderServer" tf_req_id=3beae65b-e613-a10f-9a1b-32a51e4c56cf http.request_content_length=107 aws.region=us-east-1 http.request.header.amz_sdk_request="attempt=1; max=25" http.request.header.authorization="AWS4-HMAC-SHA256 Credential=AKIA************HAG5/20260921/us-east-1/ec2/aws4_request, SignedHeaders=amz-sdk-invocation-id;amz-sdk-request;content-length;content-type;host;x-amz-date, Signature=*****" http.request.header.x_amz_date=20260921T015051Z net.peer.name=ec2.us-east-1.amazonaws.com rpc.method=EC2/DescribeInstanceAttribute @module=aws
  http.request.body=
  | Action=DescribeInstanceAttribute&Attribute=disableApiStop&InstanceId=i-0183c7ae07ebb5fbd&Version=2016-11-15
   http.request.header.amz_sdk_invocation_id=c6158325-eaf4-4f75-ad9c-d2eee8c45389 http.request.header.content_type=application/x-www-form-urlencoded http.url=https://ec2.us-east-1.amazonaws.com/ timestamp=2026-09-21T01:50:51.269Z
2026-09-21T01:50:51.281Z [DEBUG] provider.terraform-provider-aws_v6.65.0_x5: HTTP Response Received: tf_aws.signing_region="" tf_rpc=ReadResource http.response.header.server=AmazonEC2 http.response.header.strict_transport_security="max-age=31536000; includeSubDomains" rpc.method=EC2/DescribeVolumes tf_mux_provider="*schema.GRPCProviderServer" tf_provider_addr=registry.terraform.io/hashicorp/aws @caller=github.com/hashicorp/aws-sdk-go-base/v2@v2.0.0-beta.73/logging/tf_logger.go:45 aws.region=us-east-1 http.duration=368
  http.response.body=
  | <?xml version="1.0" encoding="UTF-8"?>
  | <DescribeVolumesResponse xmlns="http://ec2.amazonaws.com/doc/2016-11-15/">
  |     <requestId>66781b0b-43cc-4c7e-bb09-61f17073869e</requestId>
  |     <volumeSet>
  |         <item>
  |             <volumeId>vol-048d29dd3f365fea0</volumeId>
  |             <size>8</size>
  |             <snapshotId>snap-01a113b832b767185</snapshotId>
  |             <availabilityZone>us-east-1d</availabilityZone>
  |             <availabilityZoneId>use1-az6</availabilityZoneId>
  |             <status>in-use</status>
  |             <createTime>2026-09-21T01:42:06.966Z</createTime>
  |             <attachmentSet>
  |                 <item>
  |                     <volumeId>vol-048d29dd3f365fea0</volumeId>
  |                     <instanceId>i-0e8c6fb6bc29c8abf</instanceId>
  |                     <device>/dev/xvda</device>
  |                     <status>attached</status>
  |                     <attachTime>2026-09-21T01:42:06.000Z</attachTime>
  |                     <deleteOnTermination>true</deleteOnTermination>
  |                     <ebsCardIndex>0</ebsCardIndex>
  |                     <availabilityZone>us-east-1d</availabilityZone>
  |                     <availabilityZoneId>use1-az6</availabilityZoneId>
  |                 </item>
  |             </attachmentSet>
  |             <volumeType>gp3</volumeType>
  |             <iops>3000</iops>
  |             <encrypted>false</encrypted>
  |             <multiAttachEnabled>false</multiAttachEnabled>
  |             <throughput>125</throughput>
  |             <operator>
  |                 <managed>false</managed>
  |                 <hiddenByDefault>false</hiddenByDefault>
  |             </operator>
  |             <volumeArn>arn:aws:ec2:us-east-1:020651500156:volume/vol-048d29dd3f365fea0</volumeArn>
  |             <ownerId>020651500156</ownerId>
  |         </item>
  |     </volumeSet>
  | </DescribeVolumesResponse>
   rpc.system.name=aws-api tf_req_id=15b4c6e2-9114-9157-bd9f-7f9dbd980a1f tf_resource_type=aws_instance @module=aws http.response.header.date="Mon, 21 Sep 2026 01:50:51 GMT" http.response.header.x_amzn_requestid=66781b0b-43cc-4c7e-bb09-61f17073869e http.response_content_length=1782 http.response.header.cache_control="no-cache, no-store" http.response.header.content_type=text/xml;charset=UTF-8 http.status_code=200 tf_aws.sdk=aws-sdk-go-v2 timestamp=2026-09-21T01:50:51.280Z
2026-09-21T01:50:51.285Z [DEBUG] provider.terraform-provider-aws_v6.65.0_x5: HTTP Request Sent: http.request.header.x_amz_date=20260921T015051Z http.request_content_length=107 http.url=https://ec2.us-east-1.amazonaws.com/ tf_aws.signing_region="" tf_provider_addr=registry.terraform.io/hashicorp/aws @module=aws http.method=POST
  http.request.body=
  | Action=DescribeInstanceAttribute&Attribute=disableApiStop&InstanceId=i-0e8c6fb6bc29c8abf&Version=2016-11-15
   http.request.header.content_type=application/x-www-form-urlencoded rpc.method=EC2/DescribeInstanceAttribute tf_aws.sdk=aws-sdk-go-v2 tf_req_id=15b4c6e2-9114-9157-bd9f-7f9dbd980a1f tf_resource_type=aws_instance http.user_agent="APN/1.0 HashiCorp/1.0 Terraform/1.16.3 (+https://www.terraform.io) terraform-provider-aws/6.65.0 (+https://registry.terraform.io/providers/hashicorp/aws) aws-sdk-go-v2/1.47.0 ua/2.1 os/linux lang/go#1.26.6 md/GOOS#linux md/GOARCH#amd64 api/ec2#1.332.0 m/n" tf_mux_provider="*schema.GRPCProviderServer" tf_rpc=ReadResource @caller=github.com/hashicorp/aws-sdk-go-base/v2@v2.0.0-beta.73/logging/tf_logger.go:45 http.request.header.amz_sdk_request="attempt=1; max=25" http.request.header.authorization="AWS4-HMAC-SHA256 Credential=AKIA************HAG5/20260921/us-east-1/ec2/aws4_request, SignedHeaders=amz-sdk-invocation-id;amz-sdk-request;content-length;content-type;host;x-amz-date, Signature=*****" net.peer.name=ec2.us-east-1.amazonaws.com rpc.system.name=aws-api aws.region=us-east-1 http.request.header.amz_sdk_invocation_id=4262f2e9-872b-410d-8ec4-bc5bfbc0cbbb timestamp=2026-09-21T01:50:51.284Z
2026-09-21T01:50:51.320Z [DEBUG] provider.terraform-provider-aws_v6.65.0_x5: HTTP Response Received: tf_mux_provider="*schema.GRPCProviderServer" tf_rpc=ReadResource http.response.header.server=AmazonEC2 rpc.method=EC2/DescribeVolumes tf_aws.sdk=aws-sdk-go-v2 tf_aws.signing_region="" tf_req_id=d673edea-1ebd-a51d-bc96-ac77b6eded22
  http.response.body=
  | <?xml version="1.0" encoding="UTF-8"?>
  | <DescribeVolumesResponse xmlns="http://ec2.amazonaws.com/doc/2016-11-15/">
  |     <requestId>27399fec-2136-4ec4-bd6e-cb1f250fe181</requestId>
  |     <volumeSet>
  |         <item>
  |             <volumeId>vol-0682103a1626de428</volumeId>
  |             <size>8</size>
  |             <snapshotId>snap-01a113b832b767185</snapshotId>
  |             <availabilityZone>us-east-1d</availabilityZone>
  |             <availabilityZoneId>use1-az6</availabilityZoneId>
  |             <status>in-use</status>
  |             <createTime>2026-09-21T01:42:06.452Z</createTime>
  |             <attachmentSet>
  |                 <item>
  |                     <volumeId>vol-0682103a1626de428</volumeId>
  |                     <instanceId>i-0375066a2908bdbaa</instanceId>
  |                     <device>/dev/xvda</device>
  |                     <status>attached</status>
  |                     <attachTime>2026-09-21T01:42:06.000Z</attachTime>
  |                     <deleteOnTermination>true</deleteOnTermination>
  |                     <ebsCardIndex>0</ebsCardIndex>
  |                     <availabilityZone>us-east-1d</availabilityZone>
  |                     <availabilityZoneId>use1-az6</availabilityZoneId>
  |                 </item>
  |             </attachmentSet>
  |             <volumeType>gp3</volumeType>
  |             <iops>3000</iops>
  |             <encrypted>false</encrypted>
  |             <multiAttachEnabled>false</multiAttachEnabled>
  |             <throughput>125</throughput>
  |             <operator>
  |                 <managed>false</managed>
  |                 <hiddenByDefault>false</hiddenByDefault>
  |             </operator>
  |             <volumeArn>arn:aws:ec2:us-east-1:020651500156:volume/vol-0682103a1626de428</volumeArn>
  |             <ownerId>020651500156</ownerId>
  |         </item>
  |     </volumeSet>
  | </DescribeVolumesResponse>
   http.response.header.cache_control="no-cache, no-store" http.response.header.content_type=text/xml;charset=UTF-8 http.response_content_length=1782 @module=aws http.response.header.date="Mon, 21 Sep 2026 01:50:51 GMT" http.response.header.strict_transport_security="max-age=31536000; includeSubDomains" http.response.header.x_amzn_requestid=27399fec-2136-4ec4-bd6e-cb1f250fe181 rpc.system.name=aws-api tf_provider_addr=registry.terraform.io/hashicorp/aws tf_resource_type=aws_instance @caller=github.com/hashicorp/aws-sdk-go-base/v2@v2.0.0-beta.73/logging/tf_logger.go:45 aws.region=us-east-1 http.duration=408 http.status_code=200 timestamp=2026-09-21T01:50:51.319Z
2026-09-21T01:50:51.324Z [DEBUG] provider.terraform-provider-aws_v6.65.0_x5: HTTP Request Sent: @caller=github.com/hashicorp/aws-sdk-go-base/v2@v2.0.0-beta.73/logging/tf_logger.go:45 @module=aws aws.region=us-east-1
  http.request.body=
  | Action=DescribeInstanceAttribute&Attribute=disableApiStop&InstanceId=i-0375066a2908bdbaa&Version=2016-11-15
   http.url=https://ec2.us-east-1.amazonaws.com/ tf_aws.sdk=aws-sdk-go-v2 http.method=POST http.request.header.amz_sdk_invocation_id=217765d8-16b3-45bb-9506-bbd2e871cc59 http.request.header.amz_sdk_request="attempt=1; max=25" net.peer.name=ec2.us-east-1.amazonaws.com tf_mux_provider="*schema.GRPCProviderServer" tf_provider_addr=registry.terraform.io/hashicorp/aws tf_resource_type=aws_instance http.request.header.content_type=application/x-www-form-urlencoded http.request_content_length=107 rpc.method=EC2/DescribeInstanceAttribute rpc.system.name=aws-api tf_req_id=d673edea-1ebd-a51d-bc96-ac77b6eded22 tf_rpc=ReadResource http.request.header.authorization="AWS4-HMAC-SHA256 Credential=AKIA************HAG5/20260921/us-east-1/ec2/aws4_request, SignedHeaders=amz-sdk-invocation-id;amz-sdk-request;content-length;content-type;host;x-amz-date, Signature=*****" http.request.header.x_amz_date=20260921T015051Z http.user_agent="APN/1.0 HashiCorp/1.0 Terraform/1.16.3 (+https://www.terraform.io) terraform-provider-aws/6.65.0 (+https://registry.terraform.io/providers/hashicorp/aws) aws-sdk-go-v2/1.47.0 ua/2.1 os/linux lang/go#1.26.6 md/GOOS#linux md/GOARCH#amd64 api/ec2#1.332.0 m/n" tf_aws.signing_region="" timestamp=2026-09-21T01:50:51.323Z
2026-09-21T01:50:51.667Z [DEBUG] provider.terraform-provider-aws_v6.65.0_x5: HTTP Response Received: tf_mux_provider="*schema.GRPCProviderServer" tf_provider_addr=registry.terraform.io/hashicorp/aws tf_resource_type=aws_instance @caller=github.com/hashicorp/aws-sdk-go-base/v2@v2.0.0-beta.73/logging/tf_logger.go:45 @module=aws aws.region=us-east-1 http.response.header.x_amzn_requestid=14f0f206-5efe-472d-a389-86c43db17050 http.duration=396
  http.response.body=
  | <?xml version="1.0" encoding="UTF-8"?>
  | <DescribeInstanceAttributeResponse xmlns="http://ec2.amazonaws.com/doc/2016-11-15/">
  |     <requestId>14f0f206-5efe-472d-a389-86c43db17050</requestId>
  |     <instanceId>i-0183c7ae07ebb5fbd</instanceId>
  |     <disableApiStop>
  |         <value>false</value>
  |     </disableApiStop>
  | </DescribeInstanceAttributeResponse>
   http.response.header.content_type=text/xml;charset=UTF-8 rpc.method=EC2/DescribeInstanceAttribute rpc.system.name=aws-api tf_aws.sdk=aws-sdk-go-v2 tf_req_id=3beae65b-e613-a10f-9a1b-32a51e4c56cf http.response.header.cache_control="no-cache, no-store" http.response.header.strict_transport_security="max-age=31536000; includeSubDomains" tf_aws.signing_region="" tf_rpc=ReadResource http.response.header.date="Mon, 21 Sep 2026 01:50:51 GMT" http.response.header.server=AmazonEC2 http.response_content_length=345 http.status_code=200 timestamp=2026-09-21T01:50:51.666Z
2026-09-21T01:50:51.668Z [DEBUG] provider.terraform-provider-aws_v6.65.0_x5: HTTP Request Sent: tf_resource_type=aws_instance http.request.header.content_type=application/x-www-form-urlencoded http.request_content_length=114 net.peer.name=ec2.us-east-1.amazonaws.com rpc.method=EC2/DescribeInstanceAttribute rpc.system.name=aws-api tf_aws.sdk=aws-sdk-go-v2 @caller=github.com/hashicorp/aws-sdk-go-base/v2@v2.0.0-beta.73/logging/tf_logger.go:45 http.method=POST http.request.header.amz_sdk_request="attempt=1; max=25" http.request.header.authorization="AWS4-HMAC-SHA256 Credential=AKIA************HAG5/20260921/us-east-1/ec2/aws4_request, SignedHeaders=amz-sdk-invocation-id;amz-sdk-request;content-length;content-type;host;x-amz-date, Signature=*****" http.request.header.x_amz_date=20260921T015051Z http.user_agent="APN/1.0 HashiCorp/1.0 Terraform/1.16.3 (+https://www.terraform.io) terraform-provider-aws/6.65.0 (+https://registry.terraform.io/providers/hashicorp/aws) aws-sdk-go-v2/1.47.0 ua/2.1 os/linux lang/go#1.26.6 md/GOOS#linux md/GOARCH#amd64 api/ec2#1.332.0 m/n" tf_provider_addr=registry.terraform.io/hashicorp/aws tf_rpc=ReadResource aws.region=us-east-1
  http.request.body=
  | Action=DescribeInstanceAttribute&Attribute=disableApiTermination&InstanceId=i-0183c7ae07ebb5fbd&Version=2016-11-15
   http.request.header.amz_sdk_invocation_id=658ee369-2c86-4ca7-8f47-a5079d56d404 http.url=https://ec2.us-east-1.amazonaws.com/ tf_mux_provider="*schema.GRPCProviderServer" @module=aws tf_aws.signing_region="" tf_req_id=3beae65b-e613-a10f-9a1b-32a51e4c56cf timestamp=2026-09-21T01:50:51.668Z
2026-09-21T01:50:51.691Z [DEBUG] provider.terraform-provider-aws_v6.65.0_x5: HTTP Response Received: @module=aws http.response.header.cache_control="no-cache, no-store" http.status_code=200 rpc.method=EC2/DescribeInstanceAttribute http.duration=405 http.response.header.content_type=text/xml;charset=UTF-8 tf_mux_provider="*schema.GRPCProviderServer" tf_provider_addr=registry.terraform.io/hashicorp/aws tf_rpc=ReadResource http.response.header.x_amzn_requestid=72455b6c-e830-4e26-ad05-2f56be370012 aws.region=us-east-1
  http.response.body=
  | <?xml version="1.0" encoding="UTF-8"?>
  | <DescribeInstanceAttributeResponse xmlns="http://ec2.amazonaws.com/doc/2016-11-15/">
  |     <requestId>72455b6c-e830-4e26-ad05-2f56be370012</requestId>
  |     <instanceId>i-0e8c6fb6bc29c8abf</instanceId>
  |     <disableApiStop>
  |         <value>false</value>
  |     </disableApiStop>
  | </DescribeInstanceAttributeResponse>
   http.response.header.date="Mon, 21 Sep 2026 01:50:51 GMT" tf_resource_type=aws_instance http.response_content_length=345 rpc.system.name=aws-api tf_aws.sdk=aws-sdk-go-v2 tf_aws.signing_region="" tf_req_id=15b4c6e2-9114-9157-bd9f-7f9dbd980a1f http.response.header.server=AmazonEC2 http.response.header.strict_transport_security="max-age=31536000; includeSubDomains" @caller=github.com/hashicorp/aws-sdk-go-base/v2@v2.0.0-beta.73/logging/tf_logger.go:45 timestamp=2026-09-21T01:50:51.690Z
2026-09-21T01:50:51.693Z [DEBUG] provider.terraform-provider-aws_v6.65.0_x5: HTTP Request Sent: @caller=github.com/hashicorp/aws-sdk-go-base/v2@v2.0.0-beta.73/logging/tf_logger.go:45
  http.request.body=
  | Action=DescribeInstanceAttribute&Attribute=disableApiTermination&InstanceId=i-0e8c6fb6bc29c8abf&Version=2016-11-15
   http.request.header.authorization="AWS4-HMAC-SHA256 Credential=AKIA************HAG5/20260921/us-east-1/ec2/aws4_request, SignedHeaders=amz-sdk-invocation-id;amz-sdk-request;content-length;content-type;host;x-amz-date, Signature=*****" http.url=https://ec2.us-east-1.amazonaws.com/ rpc.system.name=aws-api @module=aws http.method=POST http.request.header.amz_sdk_invocation_id=e8791b72-4948-4d7b-93f2-deffea62b9b8 http.request.header.x_amz_date=20260921T015051Z http.request_content_length=114 rpc.method=EC2/DescribeInstanceAttribute tf_resource_type=aws_instance aws.region=us-east-1 net.peer.name=ec2.us-east-1.amazonaws.com tf_aws.sdk=aws-sdk-go-v2 tf_aws.signing_region="" tf_mux_provider="*schema.GRPCProviderServer" tf_req_id=15b4c6e2-9114-9157-bd9f-7f9dbd980a1f http.request.header.amz_sdk_request="attempt=1; max=25" http.request.header.content_type=application/x-www-form-urlencoded http.user_agent="APN/1.0 HashiCorp/1.0 Terraform/1.16.3 (+https://www.terraform.io) terraform-provider-aws/6.65.0 (+https://registry.terraform.io/providers/hashicorp/aws) aws-sdk-go-v2/1.47.0 ua/2.1 os/linux lang/go#1.26.6 md/GOOS#linux md/GOARCH#amd64 api/ec2#1.332.0 m/n" tf_provider_addr=registry.terraform.io/hashicorp/aws tf_rpc=ReadResource timestamp=2026-09-21T01:50:51.692Z
2026-09-21T01:50:51.716Z [DEBUG] provider.terraform-provider-aws_v6.65.0_x5: HTTP Response Received: tf_aws.signing_region="" http.response.header.date="Mon, 21 Sep 2026 01:50:51 GMT" rpc.system.name=aws-api tf_provider_addr=registry.terraform.io/hashicorp/aws tf_req_id=d673edea-1ebd-a51d-bc96-ac77b6eded22 tf_resource_type=aws_instance tf_rpc=ReadResource @module=aws http.response.header.server=AmazonEC2 tf_aws.sdk=aws-sdk-go-v2 http.duration=391
  http.response.body=
  | <?xml version="1.0" encoding="UTF-8"?>
  | <DescribeInstanceAttributeResponse xmlns="http://ec2.amazonaws.com/doc/2016-11-15/">
  |     <requestId>3a36b849-2376-42eb-9f48-46646d0131cb</requestId>
  |     <instanceId>i-0375066a2908bdbaa</instanceId>
  |     <disableApiStop>
  |         <value>false</value>
  |     </disableApiStop>
  | </DescribeInstanceAttributeResponse>
   http.response.header.content_type=text/xml;charset=UTF-8 http.response.header.strict_transport_security="max-age=31536000; includeSubDomains" tf_mux_provider="*schema.GRPCProviderServer" @caller=github.com/hashicorp/aws-sdk-go-base/v2@v2.0.0-beta.73/logging/tf_logger.go:45 aws.region=us-east-1 http.response.header.cache_control="no-cache, no-store" http.response.header.x_amzn_requestid=3a36b849-2376-42eb-9f48-46646d0131cb http.response_content_length=345 http.status_code=200 rpc.method=EC2/DescribeInstanceAttribute timestamp=2026-09-21T01:50:51.715Z
2026-09-21T01:50:51.718Z [DEBUG] provider.terraform-provider-aws_v6.65.0_x5: HTTP Request Sent: @caller=github.com/hashicorp/aws-sdk-go-base/v2@v2.0.0-beta.73/logging/tf_logger.go:45 http.request.header.authorization="AWS4-HMAC-SHA256 Credential=AKIA************HAG5/20260921/us-east-1/ec2/aws4_request, SignedHeaders=amz-sdk-invocation-id;amz-sdk-request;content-length;content-type;host;x-amz-date, Signature=*****" http.request.header.x_amz_date=20260921T015051Z tf_req_id=d673edea-1ebd-a51d-bc96-ac77b6eded22 tf_resource_type=aws_instance tf_rpc=ReadResource @module=aws aws.region=us-east-1 http.request.header.content_type=application/x-www-form-urlencoded net.peer.name=ec2.us-east-1.amazonaws.com rpc.system.name=aws-api tf_aws.sdk=aws-sdk-go-v2 tf_aws.signing_region=""
  http.request.body=
  | Action=DescribeInstanceAttribute&Attribute=disableApiTermination&InstanceId=i-0375066a2908bdbaa&Version=2016-11-15
   http.request.header.amz_sdk_request="attempt=1; max=25" http.url=https://ec2.us-east-1.amazonaws.com/ http.user_agent="APN/1.0 HashiCorp/1.0 Terraform/1.16.3 (+https://www.terraform.io) terraform-provider-aws/6.65.0 (+https://registry.terraform.io/providers/hashicorp/aws) aws-sdk-go-v2/1.47.0 ua/2.1 os/linux lang/go#1.26.6 md/GOOS#linux md/GOARCH#amd64 api/ec2#1.332.0 m/n" rpc.method=EC2/DescribeInstanceAttribute tf_mux_provider="*schema.GRPCProviderServer" tf_provider_addr=registry.terraform.io/hashicorp/aws http.method=POST http.request.header.amz_sdk_invocation_id=bafbbb87-fa4b-47a6-8886-84858b8492f3 http.request_content_length=114 timestamp=2026-09-21T01:50:51.717Z
2026-09-21T01:50:52.034Z [DEBUG] provider.terraform-provider-aws_v6.65.0_x5: HTTP Response Received: aws.region=us-east-1 http.duration=365 http.response.header.cache_control="no-cache, no-store" http.response.header.x_amzn_requestid=2056ce8b-a68b-4024-b025-1ebadd7e01a0 tf_aws.signing_region="" tf_provider_addr=registry.terraform.io/hashicorp/aws tf_resource_type=aws_instance
  http.response.body=
  | <?xml version="1.0" encoding="UTF-8"?>
  | <DescribeInstanceAttributeResponse xmlns="http://ec2.amazonaws.com/doc/2016-11-15/">
  |     <requestId>2056ce8b-a68b-4024-b025-1ebadd7e01a0</requestId>
  |     <instanceId>i-0183c7ae07ebb5fbd</instanceId>
  |     <disableApiTermination>
  |         <value>false</value>
  |     </disableApiTermination>
  | </DescribeInstanceAttributeResponse>
   tf_mux_provider="*schema.GRPCProviderServer" http.response.header.date="Mon, 21 Sep 2026 01:50:52 GMT" http.response.header.server=AmazonEC2 http.response_content_length=359 http.status_code=200 rpc.method=EC2/DescribeInstanceAttribute rpc.system.name=aws-api @caller=github.com/hashicorp/aws-sdk-go-base/v2@v2.0.0-beta.73/logging/tf_logger.go:45 @module=aws http.response.header.content_type=text/xml;charset=UTF-8 http.response.header.strict_transport_security="max-age=31536000; includeSubDomains" tf_aws.sdk=aws-sdk-go-v2 tf_req_id=3beae65b-e613-a10f-9a1b-32a51e4c56cf tf_rpc=ReadResource timestamp=2026-09-21T01:50:52.033Z
2026-09-21T01:50:52.036Z [DEBUG] provider.terraform-provider-aws_v6.65.0_x5: HTTP Request Sent:
  http.request.body=
  | Action=DescribeInstanceAttribute&Attribute=userData&InstanceId=i-0183c7ae07ebb5fbd&Version=2016-11-15
   http.request.header.content_type=application/x-www-form-urlencoded tf_aws.signing_region="" tf_req_id=3beae65b-e613-a10f-9a1b-32a51e4c56cf @caller=github.com/hashicorp/aws-sdk-go-base/v2@v2.0.0-beta.73/logging/tf_logger.go:45 aws.region=us-east-1 http.request.header.amz_sdk_request="attempt=1; max=25" http.request.header.authorization="AWS4-HMAC-SHA256 Credential=AKIA************HAG5/20260921/us-east-1/ec2/aws4_request, SignedHeaders=amz-sdk-invocation-id;amz-sdk-request;content-length;content-type;host;x-amz-date, Signature=*****" http.url=https://ec2.us-east-1.amazonaws.com/ http.user_agent="APN/1.0 HashiCorp/1.0 Terraform/1.16.3 (+https://www.terraform.io) terraform-provider-aws/6.65.0 (+https://registry.terraform.io/providers/hashicorp/aws) aws-sdk-go-v2/1.47.0 ua/2.1 os/linux lang/go#1.26.6 md/GOOS#linux md/GOARCH#amd64 api/ec2#1.332.0 m/n" rpc.method=EC2/DescribeInstanceAttribute tf_mux_provider="*schema.GRPCProviderServer" http.method=POST http.request.header.x_amz_date=20260921T015052Z http.request_content_length=101 net.peer.name=ec2.us-east-1.amazonaws.com rpc.system.name=aws-api tf_aws.sdk=aws-sdk-go-v2 tf_provider_addr=registry.terraform.io/hashicorp/aws @module=aws http.request.header.amz_sdk_invocation_id=30261231-13bd-498b-9c14-756832084964 tf_resource_type=aws_instance tf_rpc=ReadResource timestamp=2026-09-21T01:50:52.035Z
2026-09-21T01:50:52.075Z [DEBUG] provider.terraform-provider-aws_v6.65.0_x5: HTTP Response Received: rpc.system.name=aws-api tf_mux_provider="*schema.GRPCProviderServer" tf_req_id=15b4c6e2-9114-9157-bd9f-7f9dbd980a1f tf_rpc=ReadResource @module=aws
  http.response.body=
  | <?xml version="1.0" encoding="UTF-8"?>
  | <DescribeInstanceAttributeResponse xmlns="http://ec2.amazonaws.com/doc/2016-11-15/">
  |     <requestId>d9613124-6a26-4fd0-b006-72eefa0c2453</requestId>
  |     <instanceId>i-0e8c6fb6bc29c8abf</instanceId>
  |     <disableApiTermination>
  |         <value>false</value>
  |     </disableApiTermination>
  | </DescribeInstanceAttributeResponse>
   http.response.header.date="Mon, 21 Sep 2026 01:50:52 GMT" http.response.header.server=AmazonEC2 tf_aws.sdk=aws-sdk-go-v2 aws.region=us-east-1 http.duration=381 http.response.header.cache_control="no-cache, no-store" http.response.header.x_amzn_requestid=d9613124-6a26-4fd0-b006-72eefa0c2453 http.response_content_length=359 rpc.method=EC2/DescribeInstanceAttribute tf_aws.signing_region="" tf_provider_addr=registry.terraform.io/hashicorp/aws @caller=github.com/hashicorp/aws-sdk-go-base/v2@v2.0.0-beta.73/logging/tf_logger.go:45 http.response.header.content_type=text/xml;charset=UTF-8 http.response.header.strict_transport_security="max-age=31536000; includeSubDomains" http.status_code=200 tf_resource_type=aws_instance timestamp=2026-09-21T01:50:52.074Z
2026-09-21T01:50:52.077Z [DEBUG] provider.terraform-provider-aws_v6.65.0_x5: HTTP Request Sent: tf_mux_provider="*schema.GRPCProviderServer"
  http.request.body=
  | Action=DescribeInstanceAttribute&Attribute=userData&InstanceId=i-0e8c6fb6bc29c8abf&Version=2016-11-15
   http.request.header.authorization="AWS4-HMAC-SHA256 Credential=AKIA************HAG5/20260921/us-east-1/ec2/aws4_request, SignedHeaders=amz-sdk-invocation-id;amz-sdk-request;content-length;content-type;host;x-amz-date, Signature=*****" http.request.header.content_type=application/x-www-form-urlencoded http.url=https://ec2.us-east-1.amazonaws.com/ tf_aws.signing_region="" tf_rpc=ReadResource aws.region=us-east-1 http.request.header.amz_sdk_request="attempt=1; max=25" http.request_content_length=101 rpc.system.name=aws-api tf_aws.sdk=aws-sdk-go-v2 tf_provider_addr=registry.terraform.io/hashicorp/aws @caller=github.com/hashicorp/aws-sdk-go-base/v2@v2.0.0-beta.73/logging/tf_logger.go:45 http.method=POST http.request.header.amz_sdk_invocation_id=f34c1b95-52a3-43e0-ba10-01ec7d84c43b http.user_agent="APN/1.0 HashiCorp/1.0 Terraform/1.16.3 (+https://www.terraform.io) terraform-provider-aws/6.65.0 (+https://registry.terraform.io/providers/hashicorp/aws) aws-sdk-go-v2/1.47.0 ua/2.1 os/linux lang/go#1.26.6 md/GOOS#linux md/GOARCH#amd64 api/ec2#1.332.0 m/n" rpc.method=EC2/DescribeInstanceAttribute tf_req_id=15b4c6e2-9114-9157-bd9f-7f9dbd980a1f tf_resource_type=aws_instance @module=aws http.request.header.x_amz_date=20260921T015052Z net.peer.name=ec2.us-east-1.amazonaws.com timestamp=2026-09-21T01:50:52.076Z
2026-09-21T01:50:52.089Z [DEBUG] provider.terraform-provider-aws_v6.65.0_x5: HTTP Response Received: tf_mux_provider="*schema.GRPCProviderServer" @caller=github.com/hashicorp/aws-sdk-go-base/v2@v2.0.0-beta.73/logging/tf_logger.go:45 aws.region=us-east-1 tf_resource_type=aws_instance @module=aws http.response.header.content_type=text/xml;charset=UTF-8 http.response.header.date="Mon, 21 Sep 2026 01:50:52 GMT" http.response.header.server=AmazonEC2 http.response.header.strict_transport_security="max-age=31536000; includeSubDomains" tf_aws.sdk=aws-sdk-go-v2 tf_req_id=d673edea-1ebd-a51d-bc96-ac77b6eded22
  http.response.body=
  | <?xml version="1.0" encoding="UTF-8"?>
  | <DescribeInstanceAttributeResponse xmlns="http://ec2.amazonaws.com/doc/2016-11-15/">
  |     <requestId>9eae4979-72cd-4bba-bc1c-d9fe5a33e97e</requestId>
  |     <instanceId>i-0375066a2908bdbaa</instanceId>
  |     <disableApiTermination>
  |         <value>false</value>
  |     </disableApiTermination>
  | </DescribeInstanceAttributeResponse>
   http.response.header.x_amzn_requestid=9eae4979-72cd-4bba-bc1c-d9fe5a33e97e rpc.system.name=aws-api tf_provider_addr=registry.terraform.io/hashicorp/aws tf_rpc=ReadResource http.duration=369 http.response.header.cache_control="no-cache, no-store" http.response_content_length=359 http.status_code=200 rpc.method=EC2/DescribeInstanceAttribute tf_aws.signing_region="" timestamp=2026-09-21T01:50:52.088Z
2026-09-21T01:50:52.091Z [DEBUG] provider.terraform-provider-aws_v6.65.0_x5: HTTP Request Sent: http.method=POST http.request.header.authorization="AWS4-HMAC-SHA256 Credential=AKIA************HAG5/20260921/us-east-1/ec2/aws4_request, SignedHeaders=amz-sdk-invocation-id;amz-sdk-request;content-length;content-type;host;x-amz-date, Signature=*****" http.url=https://ec2.us-east-1.amazonaws.com/ rpc.system.name=aws-api tf_aws.sdk=aws-sdk-go-v2 tf_aws.signing_region="" tf_rpc=ReadResource @caller=github.com/hashicorp/aws-sdk-go-base/v2@v2.0.0-beta.73/logging/tf_logger.go:45 @module=aws http.request.header.amz_sdk_request="attempt=1; max=25" http.user_agent="APN/1.0 HashiCorp/1.0 Terraform/1.16.3 (+https://www.terraform.io) terraform-provider-aws/6.65.0 (+https://registry.terraform.io/providers/hashicorp/aws) aws-sdk-go-v2/1.47.0 ua/2.1 os/linux lang/go#1.26.6 md/GOOS#linux md/GOARCH#amd64 api/ec2#1.332.0 m/n" aws.region=us-east-1
  http.request.body=
  | Action=DescribeInstanceAttribute&Attribute=userData&InstanceId=i-0375066a2908bdbaa&Version=2016-11-15
   http.request.header.amz_sdk_invocation_id=3ea7ca8a-72e5-4ac2-b998-73bbcc267e07 http.request.header.content_type=application/x-www-form-urlencoded http.request.header.x_amz_date=20260921T015052Z rpc.method=EC2/DescribeInstanceAttribute tf_provider_addr=registry.terraform.io/hashicorp/aws http.request_content_length=101 net.peer.name=ec2.us-east-1.amazonaws.com tf_mux_provider="*schema.GRPCProviderServer" tf_req_id=d673edea-1ebd-a51d-bc96-ac77b6eded22 tf_resource_type=aws_instance timestamp=2026-09-21T01:50:52.090Z
2026-09-21T01:50:52.529Z [DEBUG] provider.terraform-provider-aws_v6.65.0_x5: HTTP Response Received: http.response.header.x_amzn_requestid=5eba046c-31bd-4112-913b-c16831a26c5a @module=aws http.response.header.cache_control="no-cache, no-store" http.response.header.content_type=text/xml;charset=UTF-8 http.response.header.date="Mon, 21 Sep 2026 01:50:52 GMT" http.response.header.strict_transport_security="max-age=31536000; includeSubDomains" http.response_content_length=289 aws.region=us-east-1 http.duration=491 http.status_code=200 rpc.method=EC2/DescribeInstanceAttribute tf_aws.sdk=aws-sdk-go-v2 tf_mux_provider="*schema.GRPCProviderServer" tf_provider_addr=registry.terraform.io/hashicorp/aws tf_req_id=3beae65b-e613-a10f-9a1b-32a51e4c56cf @caller=github.com/hashicorp/aws-sdk-go-base/v2@v2.0.0-beta.73/logging/tf_logger.go:45 rpc.system.name=aws-api tf_aws.signing_region="" tf_resource_type=aws_instance
  http.response.body=
  | <?xml version="1.0" encoding="UTF-8"?>
  | <DescribeInstanceAttributeResponse xmlns="http://ec2.amazonaws.com/doc/2016-11-15/">
  |     <requestId>5eba046c-31bd-4112-913b-c16831a26c5a</requestId>
  |     <instanceId>i-0183c7ae07ebb5fbd</instanceId>
  |     <userData/>
  | </DescribeInstanceAttributeResponse>
   http.response.header.server=AmazonEC2 tf_rpc=ReadResource timestamp=2026-09-21T01:50:52.528Z
2026-09-21T01:50:52.531Z [DEBUG] provider.terraform-provider-aws_v6.65.0_x5: HTTP Response Received: http.response.header.x_amzn_requestid=e172f839-87f1-4180-9fa3-d6e79249a87d @module=aws
  http.response.body=
  | <?xml version="1.0" encoding="UTF-8"?>
  | <DescribeInstanceAttributeResponse xmlns="http://ec2.amazonaws.com/doc/2016-11-15/">
  |     <requestId>e172f839-87f1-4180-9fa3-d6e79249a87d</requestId>
  |     <instanceId>i-0e8c6fb6bc29c8abf</instanceId>
  |     <userData/>
  | </DescribeInstanceAttributeResponse>
   http.response.header.content_type=text/xml;charset=UTF-8 http.response.header.date="Mon, 21 Sep 2026 01:50:52 GMT" tf_aws.sdk=aws-sdk-go-v2 aws.region=us-east-1 http.response.header.cache_control="no-cache, no-store" http.response.header.server=AmazonEC2 http.response.header.strict_transport_security="max-age=31536000; includeSubDomains" http.response_content_length=289 tf_mux_provider="*schema.GRPCProviderServer" tf_provider_addr=registry.terraform.io/hashicorp/aws @caller=github.com/hashicorp/aws-sdk-go-base/v2@v2.0.0-beta.73/logging/tf_logger.go:45 http.duration=451 http.status_code=200 tf_aws.signing_region="" tf_rpc=ReadResource rpc.method=EC2/DescribeInstanceAttribute rpc.system.name=aws-api tf_req_id=15b4c6e2-9114-9157-bd9f-7f9dbd980a1f tf_resource_type=aws_instance timestamp=2026-09-21T01:50:52.528Z
2026-09-21T01:50:52.533Z [DEBUG] provider.terraform-provider-aws_v6.65.0_x5: HTTP Response Received:
  http.response.body=
  | <?xml version="1.0" encoding="UTF-8"?>
  | <DescribeInstanceAttributeResponse xmlns="http://ec2.amazonaws.com/doc/2016-11-15/">
  |     <requestId>6411ef37-a80f-4eae-bbfc-254a923fb2e1</requestId>
  |     <instanceId>i-0375066a2908bdbaa</instanceId>
  |     <userData/>
  | </DescribeInstanceAttributeResponse>
   http.response.header.cache_control="no-cache, no-store" http.response_content_length=289 rpc.method=EC2/DescribeInstanceAttribute tf_aws.sdk=aws-sdk-go-v2 tf_aws.signing_region="" tf_resource_type=aws_instance http.duration=438 http.response.header.date="Mon, 21 Sep 2026 01:50:52 GMT" tf_provider_addr=registry.terraform.io/hashicorp/aws @caller=github.com/hashicorp/aws-sdk-go-base/v2@v2.0.0-beta.73/logging/tf_logger.go:45 http.response.header.server=AmazonEC2 http.response.header.x_amzn_requestid=6411ef37-a80f-4eae-bbfc-254a923fb2e1 tf_mux_provider="*schema.GRPCProviderServer" tf_req_id=d673edea-1ebd-a51d-bc96-ac77b6eded22 @module=aws aws.region=us-east-1 http.response.header.content_type=text/xml;charset=UTF-8 http.response.header.strict_transport_security="max-age=31536000; includeSubDomains" http.status_code=200 rpc.system.name=aws-api tf_rpc=ReadResource timestamp=2026-09-21T01:50:52.529Z
2026-09-21T01:50:52.534Z [DEBUG] provider.terraform-provider-aws_v6.65.0_x5: HTTP Request Sent: http.request.header.amz_sdk_invocation_id=004b4289-5a5d-44aa-b3b9-8e16877b841c http.request.header.amz_sdk_request="attempt=1; max=25" http.request.header.x_amz_date=20260921T015052Z http.request_content_length=95 http.user_agent="APN/1.0 HashiCorp/1.0 Terraform/1.16.3 (+https://www.terraform.io) terraform-provider-aws/6.65.0 (+https://registry.terraform.io/providers/hashicorp/aws) aws-sdk-go-v2/1.47.0 ua/2.1 os/linux lang/go#1.26.6 md/GOOS#linux md/GOARCH#amd64 api/ec2#1.332.0 m/C,n" tf_resource_type=aws_instance
  http.request.body=
  | Action=DescribeInstanceCreditSpecifications&InstanceId.1=i-0183c7ae07ebb5fbd&Version=2016-11-15
   http.request.header.content_type=application/x-www-form-urlencoded tf_mux_provider="*schema.GRPCProviderServer" http.method=POST http.request.header.authorization="AWS4-HMAC-SHA256 Credential=AKIA************HAG5/20260921/us-east-1/ec2/aws4_request, SignedHeaders=amz-sdk-invocation-id;amz-sdk-request;content-length;content-type;host;x-amz-date, Signature=*****" http.url=https://ec2.us-east-1.amazonaws.com/ rpc.system.name=aws-api tf_aws.sdk=aws-sdk-go-v2 tf_provider_addr=registry.terraform.io/hashicorp/aws @module=aws aws.region=us-east-1 net.peer.name=ec2.us-east-1.amazonaws.com rpc.method=EC2/DescribeInstanceCreditSpecifications tf_aws.signing_region="" tf_req_id=3beae65b-e613-a10f-9a1b-32a51e4c56cf tf_rpc=ReadResource @caller=github.com/hashicorp/aws-sdk-go-base/v2@v2.0.0-beta.73/logging/tf_logger.go:45 timestamp=2026-09-21T01:50:52.530Z
2026-09-21T01:50:52.536Z [DEBUG] provider.terraform-provider-aws_v6.65.0_x5: HTTP Request Sent: tf_rpc=ReadResource @module=aws http.request.header.amz_sdk_request="attempt=1; max=25" rpc.method=EC2/DescribeInstanceCreditSpecifications tf_resource_type=aws_instance http.method=POST
  http.request.body=
  | Action=DescribeInstanceCreditSpecifications&InstanceId.1=i-0e8c6fb6bc29c8abf&Version=2016-11-15
   http.request.header.content_type=application/x-www-form-urlencoded http.request_content_length=95 http.user_agent="APN/1.0 HashiCorp/1.0 Terraform/1.16.3 (+https://www.terraform.io) terraform-provider-aws/6.65.0 (+https://registry.terraform.io/providers/hashicorp/aws) aws-sdk-go-v2/1.47.0 ua/2.1 os/linux lang/go#1.26.6 md/GOOS#linux md/GOARCH#amd64 api/ec2#1.332.0 m/C,n" tf_aws.sdk=aws-sdk-go-v2 tf_mux_provider="*schema.GRPCProviderServer" @caller=github.com/hashicorp/aws-sdk-go-base/v2@v2.0.0-beta.73/logging/tf_logger.go:45 http.request.header.amz_sdk_invocation_id=463a73bc-3405-4a29-889a-2b64184ed871 http.request.header.authorization="AWS4-HMAC-SHA256 Credential=AKIA************HAG5/20260921/us-east-1/ec2/aws4_request, SignedHeaders=amz-sdk-invocation-id;amz-sdk-request;content-length;content-type;host;x-amz-date, Signature=*****" http.url=https://ec2.us-east-1.amazonaws.com/ tf_req_id=15b4c6e2-9114-9157-bd9f-7f9dbd980a1f aws.region=us-east-1 http.request.header.x_amz_date=20260921T015052Z net.peer.name=ec2.us-east-1.amazonaws.com rpc.system.name=aws-api tf_aws.signing_region="" tf_provider_addr=registry.terraform.io/hashicorp/aws timestamp=2026-09-21T01:50:52.530Z
2026-09-21T01:50:52.537Z [DEBUG] provider.terraform-provider-aws_v6.65.0_x5: HTTP Request Sent: http.method=POST http.request.header.amz_sdk_invocation_id=8d0d6381-c99e-44ea-9418-640ab75f4780 http.request.header.amz_sdk_request="attempt=1; max=25" http.request.header.authorization="AWS4-HMAC-SHA256 Credential=AKIA************HAG5/20260921/us-east-1/ec2/aws4_request, SignedHeaders=amz-sdk-invocation-id;amz-sdk-request;content-length;content-type;host;x-amz-date, Signature=*****" tf_aws.signing_region="" tf_resource_type=aws_instance tf_rpc=ReadResource http.request.header.content_type=application/x-www-form-urlencoded http.request_content_length=95 http.url=https://ec2.us-east-1.amazonaws.com/ net.peer.name=ec2.us-east-1.amazonaws.com tf_req_id=d673edea-1ebd-a51d-bc96-ac77b6eded22 @module=aws aws.region=us-east-1 rpc.method=EC2/DescribeInstanceCreditSpecifications tf_aws.sdk=aws-sdk-go-v2
  http.request.body=
  | Action=DescribeInstanceCreditSpecifications&InstanceId.1=i-0375066a2908bdbaa&Version=2016-11-15
   http.request.header.x_amz_date=20260921T015052Z http.user_agent="APN/1.0 HashiCorp/1.0 Terraform/1.16.3 (+https://www.terraform.io) terraform-provider-aws/6.65.0 (+https://registry.terraform.io/providers/hashicorp/aws) aws-sdk-go-v2/1.47.0 ua/2.1 os/linux lang/go#1.26.6 md/GOOS#linux md/GOARCH#amd64 api/ec2#1.332.0 m/C,n" rpc.system.name=aws-api tf_mux_provider="*schema.GRPCProviderServer" tf_provider_addr=registry.terraform.io/hashicorp/aws @caller=github.com/hashicorp/aws-sdk-go-base/v2@v2.0.0-beta.73/logging/tf_logger.go:45 timestamp=2026-09-21T01:50:52.531Z
2026-09-21T01:50:52.835Z [DEBUG] provider.terraform-provider-aws_v6.65.0_x5: HTTP Response Received:
  http.response.body=
  | <?xml version="1.0" encoding="UTF-8"?>
  | <DescribeInstanceCreditSpecificationsResponse xmlns="http://ec2.amazonaws.com/doc/2016-11-15/">
  |     <requestId>96e4ad25-daff-4ec0-978e-f799d4d890f5</requestId>
  |     <instanceCreditSpecificationSet>
  |         <item>
  |             <cpuCredits>standard</cpuCredits>
  |             <instanceId>i-0375066a2908bdbaa</instanceId>
  |         </item>
  |     </instanceCreditSpecificationSet>
  | </DescribeInstanceCreditSpecificationsResponse>
   http.response.header.cache_control="no-cache, no-store" http.response.header.strict_transport_security="max-age=31536000; includeSubDomains" tf_aws.sdk=aws-sdk-go-v2 tf_aws.signing_region="" tf_mux_provider="*schema.GRPCProviderServer" @module=aws http.duration=302 http.response.header.content_type=text/xml;charset=UTF-8 http.response.header.x_amzn_requestid=96e4ad25-daff-4ec0-978e-f799d4d890f5 rpc.method=EC2/DescribeInstanceCreditSpecifications tf_provider_addr=registry.terraform.io/hashicorp/aws tf_resource_type=aws_instance @caller=github.com/hashicorp/aws-sdk-go-base/v2@v2.0.0-beta.73/logging/tf_logger.go:45 http.response.header.date="Mon, 21 Sep 2026 01:50:52 GMT" http.status_code=200 tf_rpc=ReadResource aws.region=us-east-1 http.response.header.server=AmazonEC2 http.response.header.vary=accept-encoding rpc.system.name=aws-api tf_req_id=d673edea-1ebd-a51d-bc96-ac77b6eded22 timestamp=2026-09-21T01:50:52.834Z
2026-09-21T01:50:52.837Z [DEBUG] provider.terraform-provider-aws_v6.65.0_x5: HTTP Response Received: http.response.header.vary=accept-encoding http.status_code=200 tf_mux_provider="*schema.GRPCProviderServer" tf_req_id=3beae65b-e613-a10f-9a1b-32a51e4c56cf http.response.header.server=AmazonEC2 http.response.header.x_amzn_requestid=6359aba0-1852-4b79-9e65-36ae935e8df7 tf_provider_addr=registry.terraform.io/hashicorp/aws tf_rpc=ReadResource @module=aws http.response.header.date="Mon, 21 Sep 2026 01:50:52 GMT" rpc.method=EC2/DescribeInstanceCreditSpecifications tf_aws.sdk=aws-sdk-go-v2 tf_resource_type=aws_instance aws.region=us-east-1 http.duration=304 http.response.header.content_type=text/xml;charset=UTF-8 http.response.header.strict_transport_security="max-age=31536000; includeSubDomains" rpc.system.name=aws-api tf_aws.signing_region="" @caller=github.com/hashicorp/aws-sdk-go-base/v2@v2.0.0-beta.73/logging/tf_logger.go:45
  http.response.body=
  | <?xml version="1.0" encoding="UTF-8"?>
  | <DescribeInstanceCreditSpecificationsResponse xmlns="http://ec2.amazonaws.com/doc/2016-11-15/">
  |     <requestId>6359aba0-1852-4b79-9e65-36ae935e8df7</requestId>
  |     <instanceCreditSpecificationSet>
  |         <item>
  |             <cpuCredits>standard</cpuCredits>
  |             <instanceId>i-0183c7ae07ebb5fbd</instanceId>
  |         </item>
  |     </instanceCreditSpecificationSet>
  | </DescribeInstanceCreditSpecificationsResponse>
   http.response.header.cache_control="no-cache, no-store" timestamp=2026-09-21T01:50:52.836Z
2026-09-21T01:50:52.838Z [DEBUG] provider.terraform-provider-aws_v6.65.0_x5: HTTP Response Received: tf_mux_provider="*schema.GRPCProviderServer"
  http.response.body=
  | <?xml version="1.0" encoding="UTF-8"?>
  | <DescribeInstanceCreditSpecificationsResponse xmlns="http://ec2.amazonaws.com/doc/2016-11-15/">
  |     <requestId>a5e63ea4-3352-4fa1-9e2e-a489ed67aba9</requestId>
  |     <instanceCreditSpecificationSet>
  |         <item>
  |             <cpuCredits>standard</cpuCredits>
  |             <instanceId>i-0e8c6fb6bc29c8abf</instanceId>
  |         </item>
  |     </instanceCreditSpecificationSet>
  | </DescribeInstanceCreditSpecificationsResponse>
   http.response.header.content_type=text/xml;charset=UTF-8 http.response.header.date="Mon, 21 Sep 2026 01:50:52 GMT" http.response.header.strict_transport_security="max-age=31536000; includeSubDomains" http.response.header.x_amzn_requestid=a5e63ea4-3352-4fa1-9e2e-a489ed67aba9 http.status_code=200 rpc.method=EC2/DescribeInstanceCreditSpecifications @module=aws aws.region=us-east-1 http.duration=304 http.response.header.server=AmazonEC2 rpc.system.name=aws-api tf_provider_addr=registry.terraform.io/hashicorp/aws tf_req_id=15b4c6e2-9114-9157-bd9f-7f9dbd980a1f tf_resource_type=aws_instance http.response.header.cache_control="no-cache, no-store" http.response.header.vary=accept-encoding tf_aws.sdk=aws-sdk-go-v2 tf_aws.signing_region="" tf_rpc=ReadResource @caller=github.com/hashicorp/aws-sdk-go-base/v2@v2.0.0-beta.73/logging/tf_logger.go:45 timestamp=2026-09-21T01:50:52.836Z
2026-09-21T01:50:52.949Z [WARN]  Provider "registry.terraform.io/hashicorp/aws" produced an invalid plan for aws_instance.worker_node[1], but we are tolerating it because it is using the legacy plugin SDK.
    The following problems may be the cause of any confusing errors from downstream operations:
      - .source_dest_check: planned value cty.True for a non-computed attribute
      - .force_destroy: planned value cty.False for a non-computed attribute
      - .user_data_replace_on_change: planned value cty.False for a non-computed attribute
      - .get_password_data: planned value cty.False for a non-computed attribute
      - .hibernation: planned value cty.False for a non-computed attribute
      - .credit_specification: block count in plan (1) disagrees with count in config (0)
      - .metadata_options: block count in plan (1) disagrees with count in config (0)
      - .root_block_device: block count in plan (1) disagrees with count in config (0)
      - .capacity_reservation_specification: block count in plan (1) disagrees with count in config (0)
      - .maintenance_options: block count in plan (1) disagrees with count in config (0)
      - .primary_network_interface: block count in plan (1) disagrees with count in config (0)
      - .cpu_options: block count in plan (1) disagrees with count in config (0)
      - .enclave_options: block count in plan (1) disagrees with count in config (0)
      - .private_dns_name_options: block count in plan (1) disagrees with count in config (0)
2026-09-21T01:50:52.951Z [WARN]  Provider "registry.terraform.io/hashicorp/aws" produced an invalid plan for aws_instance.worker_node[2], but we are tolerating it because it is using the legacy plugin SDK.
    The following problems may be the cause of any confusing errors from downstream operations:
      - .source_dest_check: planned value cty.True for a non-computed attribute
      - .force_destroy: planned value cty.False for a non-computed attribute
      - .user_data_replace_on_change: planned value cty.False for a non-computed attribute
      - .get_password_data: planned value cty.False for a non-computed attribute
      - .hibernation: planned value cty.False for a non-computed attribute
      - .credit_specification: block count in plan (1) disagrees with count in config (0)
      - .metadata_options: block count in plan (1) disagrees with count in config (0)
      - .root_block_device: block count in plan (1) disagrees with count in config (0)
      - .capacity_reservation_specification: block count in plan (1) disagrees with count in config (0)
      - .maintenance_options: block count in plan (1) disagrees with count in config (0)
      - .primary_network_interface: block count in plan (1) disagrees with count in config (0)
      - .cpu_options: block count in plan (1) disagrees with count in config (0)
      - .enclave_options: block count in plan (1) disagrees with count in config (0)
      - .private_dns_name_options: block count in plan (1) disagrees with count in config (0)
2026-09-21T01:50:52.953Z [WARN]  Provider "registry.terraform.io/hashicorp/aws" produced an invalid plan for aws_instance.worker_node[0], but we are tolerating it because it is using the legacy plugin SDK.
    The following problems may be the cause of any confusing errors from downstream operations:
      - .get_password_data: planned value cty.False for a non-computed attribute
      - .hibernation: planned value cty.False for a non-computed attribute
      - .source_dest_check: planned value cty.True for a non-computed attribute
      - .force_destroy: planned value cty.False for a non-computed attribute
      - .user_data_replace_on_change: planned value cty.False for a non-computed attribute
      - .credit_specification: block count in plan (1) disagrees with count in config (0)
      - .metadata_options: block count in plan (1) disagrees with count in config (0)
      - .root_block_device: block count in plan (1) disagrees with count in config (0)
      - .capacity_reservation_specification: block count in plan (1) disagrees with count in config (0)
      - .maintenance_options: block count in plan (1) disagrees with count in config (0)
      - .primary_network_interface: block count in plan (1) disagrees with count in config (0)
      - .cpu_options: block count in plan (1) disagrees with count in config (0)
      - .enclave_options: block count in plan (1) disagrees with count in config (0)
      - .private_dns_name_options: block count in plan (1) disagrees with count in config (0)
2026-09-21T01:50:52.966Z [DEBUG] provider.stdio: received EOF, stopping recv loop: err="rpc error: code = Unavailable desc = error reading from server: EOF"
2026-09-21T01:50:53.102Z [INFO]  provider: plugin process exited: plugin=.terraform/providers/registry.terraform.io/hashicorp/aws/6.65.0/linux_amd64/terraform-provider-aws_v6.65.0_x5 id=234925
2026-09-21T01:50:53.103Z [DEBUG] provider: plugin exited
2026-09-21T01:50:53.107Z [DEBUG] Building and walking plan graph for DestroyMode
2026-09-21T01:50:53.108Z [DEBUG] ProviderTransformer: "aws_iam_user.onboarding_user (destroy)" (*terraform.NodePlanDestroyableResourceInstance) needs provider["registry.terraform.io/hashicorp/aws"]
2026-09-21T01:50:53.109Z [DEBUG] ProviderTransformer: "aws_instance.worker_node (destroy)" (*terraform.NodePlanDestroyableResourceInstance) needs provider["registry.terraform.io/hashicorp/aws"]
2026-09-21T01:50:53.109Z [DEBUG] ProviderTransformer: "aws_instance.worker_node (destroy)" (*terraform.NodePlanDestroyableResourceInstance) needs provider["registry.terraform.io/hashicorp/aws"]
2026-09-21T01:50:53.109Z [DEBUG] ProviderTransformer: "aws_iam_user.onboarding_user (destroy)" (*terraform.NodePlanDestroyableResourceInstance) needs provider["registry.terraform.io/hashicorp/aws"]
2026-09-21T01:50:53.110Z [DEBUG] ProviderTransformer: "aws_iam_user.onboarding_user (destroy)" (*terraform.NodePlanDestroyableResourceInstance) needs provider["registry.terraform.io/hashicorp/aws"]
2026-09-21T01:50:53.110Z [DEBUG] ProviderTransformer: "aws_instance.worker_node (destroy)" (*terraform.NodePlanDestroyableResourceInstance) needs provider["registry.terraform.io/hashicorp/aws"]
2026-09-21T01:50:53.111Z [DEBUG] ReferenceTransformer: "var.user_name" references: []
2026-09-21T01:50:53.111Z [DEBUG] ReferenceTransformer: "var.instance_type" references: []
2026-09-21T01:50:53.111Z [DEBUG] ReferenceTransformer: "output.iam_user_names (expand)" references: []
2026-09-21T01:50:53.112Z [DEBUG] ReferenceTransformer: "aws_iam_user.onboarding_user (destroy)" references: []
2026-09-21T01:50:53.112Z [DEBUG] ReferenceTransformer: "aws_instance.worker_node (destroy)" references: []
2026-09-21T01:50:53.112Z [DEBUG] ReferenceTransformer: "aws_instance.worker_node (destroy)" references: []
2026-09-21T01:50:53.113Z [DEBUG] ReferenceTransformer: "provider[\"registry.terraform.io/hashicorp/aws\"]" references: [var.region]
2026-09-21T01:50:53.113Z [DEBUG] ReferenceTransformer: "provider[\"registry.terraform.io/hashicorp/aws\"]" references: var.region
2026-09-21T01:50:53.113Z [DEBUG] ReferenceTransformer: "var.region" references: []
2026-09-21T01:50:53.114Z [DEBUG] ReferenceTransformer: "output.worker_node_ids (expand)" references: []
2026-09-21T01:50:53.114Z [DEBUG] ReferenceTransformer: "aws_iam_user.onboarding_user (destroy)" references: []
2026-09-21T01:50:53.114Z [DEBUG] ReferenceTransformer: "aws_iam_user.onboarding_user (destroy)" references: []
2026-09-21T01:50:53.115Z [DEBUG] ReferenceTransformer: "aws_instance.worker_node (destroy)" references: []
2026-09-21T01:50:53.116Z [DEBUG] Starting graph walk: walkPlanDestroy
2026-09-21T01:50:53.129Z [DEBUG] created provider logger: level=debug
2026-09-21T01:50:53.130Z [INFO]  provider: configuring client automatic mTLS
2026-09-21T01:50:53.137Z [DEBUG] provider: starting plugin: path=.terraform/providers/registry.terraform.io/hashicorp/aws/6.65.0/linux_amd64/terraform-provider-aws_v6.65.0_x5 args=[".terraform/providers/registry.terraform.io/hashicorp/aws/6.65.0/linux_amd64/terraform-provider-aws_v6.65.0_x5"]
2026-09-21T01:50:53.153Z [DEBUG] provider: plugin started: path=.terraform/providers/registry.terraform.io/hashicorp/aws/6.65.0/linux_amd64/terraform-provider-aws_v6.65.0_x5 pid=235019
2026-09-21T01:50:53.154Z [DEBUG] provider: waiting for RPC address: plugin=.terraform/providers/registry.terraform.io/hashicorp/aws/6.65.0/linux_amd64/terraform-provider-aws_v6.65.0_x5
2026-09-21T01:50:57.512Z [DEBUG] provider.terraform-provider-aws_v6.65.0_x5: Starting github.com/hashicorp/terraform-provider-aws@6.65.0 (go1.26.6)...
2026-09-21T01:50:57.512Z [DEBUG] provider.terraform-provider-aws_v6.65.0_x5: Creating Terraform AWS Provider (SDKv2-style)...
2026-09-21T01:50:57.514Z [DEBUG] provider.terraform-provider-aws_v6.65.0_x5: Initializing Terraform AWS Provider (SDKv2-style)...
2026-09-21T01:50:58.160Z [DEBUG] provider.terraform-provider-aws_v6.65.0_x5: Creating Terraform AWS Provider (Framework-style)...
2026-09-21T01:50:58.161Z [DEBUG] provider.terraform-provider-aws_v6.65.0_x5: Initializing Terraform AWS Provider (Framework-style)...
2026-09-21T01:50:58.189Z [DEBUG] provider.terraform-provider-aws_v6.65.0_x5: configuring server automatic mTLS: timestamp=2026-09-21T01:50:58.189Z
2026-09-21T01:50:58.231Z [DEBUG] provider: using plugin: version=5
2026-09-21T01:50:58.231Z [DEBUG] provider.terraform-provider-aws_v6.65.0_x5: plugin address: address=/tmp/plugin840208440 network=unix timestamp=2026-09-21T01:50:58.231Z
2026-09-21T01:50:59.248Z [DEBUG] provider.terraform-provider-aws_v6.65.0_x5: Configuring Terraform AWS Provider: @module=aws tf_mux_provider="*schema.GRPCProviderServer" tf_req_id=6352fc3b-2121-e5a2-a01e-77c50a09e421 tf_rpc=ConfigureProvider @caller=github.com/hashicorp/terraform-provider-aws/internal/conns/config.go:150 tf_provider_addr=registry.terraform.io/hashicorp/aws timestamp=2026-09-21T01:50:59.241Z
2026-09-21T01:50:59.255Z [DEBUG] provider.terraform-provider-aws_v6.65.0_x5: Resolving credentials provider: tf_provider_addr=registry.terraform.io/hashicorp/aws @caller=github.com/hashicorp/aws-sdk-go-base/v2@v2.0.0-beta.73/logging/tf_logger.go:47 tf_mux_provider="*schema.GRPCProviderServer" tf_req_id=6352fc3b-2121-e5a2-a01e-77c50a09e421 tf_rpc=ConfigureProvider @module=aws.aws-base timestamp=2026-09-21T01:50:59.255Z
2026-09-21T01:50:59.258Z [DEBUG] provider.terraform-provider-aws_v6.65.0_x5: Loading configuration: @module=aws.aws-base tf_mux_provider="*schema.GRPCProviderServer" tf_rpc=ConfigureProvider tf_provider_addr=registry.terraform.io/hashicorp/aws tf_req_id=6352fc3b-2121-e5a2-a01e-77c50a09e421 @caller=github.com/hashicorp/aws-sdk-go-base/v2@v2.0.0-beta.73/logging/tf_logger.go:47 timestamp=2026-09-21T01:50:59.257Z
2026-09-21T01:50:59.268Z [DEBUG] provider.terraform-provider-aws_v6.65.0_x5: Retrieving credentials: @caller=github.com/hashicorp/aws-sdk-go-base/v2@v2.0.0-beta.73/logging/tf_logger.go:47 @module=aws.aws-base tf_mux_provider="*schema.GRPCProviderServer" tf_provider_addr=registry.terraform.io/hashicorp/aws tf_req_id=6352fc3b-2121-e5a2-a01e-77c50a09e421 tf_rpc=ConfigureProvider timestamp=2026-09-21T01:50:59.267Z
2026-09-21T01:50:59.271Z [INFO]  provider.terraform-provider-aws_v6.65.0_x5: Retrieved credentials: @module=aws.aws-base tf_mux_provider="*schema.GRPCProviderServer" tf_aws.credentials_source="SharedConfigCredentials: /home/nithin_kallem/.aws/credentials" tf_provider_addr=registry.terraform.io/hashicorp/aws tf_req_id=6352fc3b-2121-e5a2-a01e-77c50a09e421 tf_rpc=ConfigureProvider @caller=github.com/hashicorp/aws-sdk-go-base/v2@v2.0.0-beta.73/logging/tf_logger.go:39 timestamp=2026-09-21T01:50:59.270Z
2026-09-21T01:50:59.271Z [DEBUG] provider.terraform-provider-aws_v6.65.0_x5: Loading configuration: tf_rpc=ConfigureProvider tf_mux_provider="*schema.GRPCProviderServer" tf_provider_addr=registry.terraform.io/hashicorp/aws tf_req_id=6352fc3b-2121-e5a2-a01e-77c50a09e421 @caller=github.com/hashicorp/aws-sdk-go-base/v2@v2.0.0-beta.73/logging/tf_logger.go:47 @module=aws.aws-base timestamp=2026-09-21T01:50:59.270Z
2026-09-21T01:50:59.271Z [DEBUG] provider.terraform-provider-aws_v6.65.0_x5: Retrieving AWS account details: @caller=github.com/hashicorp/terraform-provider-aws/internal/conns/config.go:188 @module=aws tf_provider_addr=registry.terraform.io/hashicorp/aws tf_req_id=6352fc3b-2121-e5a2-a01e-77c50a09e421 tf_mux_provider="*schema.GRPCProviderServer" tf_rpc=ConfigureProvider timestamp=2026-09-21T01:50:59.271Z
2026-09-21T01:50:59.274Z [DEBUG] provider.terraform-provider-aws_v6.65.0_x5: Retrieving caller identity from STS: @caller=github.com/hashicorp/aws-sdk-go-base/v2@v2.0.0-beta.73/logging/tf_logger.go:47 tf_mux_provider="*schema.GRPCProviderServer" tf_provider_addr=registry.terraform.io/hashicorp/aws tf_req_id=6352fc3b-2121-e5a2-a01e-77c50a09e421 tf_rpc=ConfigureProvider @module=aws.aws-base timestamp=2026-09-21T01:50:59.274Z
2026-09-21T01:50:59.298Z [DEBUG] provider.terraform-provider-aws_v6.65.0_x5: HTTP Request Sent: tf_aws.sdk=aws-sdk-go-v2 tf_aws.signing_region="" net.peer.name=sts.us-east-1.amazonaws.com tf_mux_provider="*schema.GRPCProviderServer" tf_provider_addr=registry.terraform.io/hashicorp/aws tf_req_id=6352fc3b-2121-e5a2-a01e-77c50a09e421 tf_rpc=ConfigureProvider @caller=github.com/hashicorp/aws-sdk-go-base/v2@v2.0.0-beta.73/logging/tf_logger.go:47 http.request.header.amz_sdk_request="attempt=1; max=25" http.user_agent="APN/1.0 HashiCorp/1.0 Terraform/1.16.3 (+https://www.terraform.io) terraform-provider-aws/6.65.0 (+https://registry.terraform.io/providers/hashicorp/aws) aws-sdk-go-v2/1.47.0 ua/2.1 os/linux lang/go#1.26.6 md/GOOS#linux md/GOARCH#amd64 api/sts#1.50.0 m/n" rpc.system.name=aws-api @module=aws.aws-base aws.region=us-east-1 http.method=POST
  http.request.body=
  | Action=GetCallerIdentity&Version=2011-06-15
   http.request.header.authorization="AWS4-HMAC-SHA256 Credential=AKIA************HAG5/20260921/us-east-1/sts/aws4_request, SignedHeaders=amz-sdk-invocation-id;amz-sdk-request;content-length;content-type;host;x-amz-date, Signature=*****" http.request_content_length=43 http.url=https://sts.us-east-1.amazonaws.com/ http.request.header.amz_sdk_invocation_id=ccc3462a-fd8d-4f5e-b3a1-abf6aa3b3e63 http.request.header.content_type=application/x-www-form-urlencoded http.request.header.x_amz_date=20260921T015059Z rpc.method=STS/GetCallerIdentity timestamp=2026-09-21T01:50:59.298Z
2026-09-21T01:51:00.379Z [DEBUG] provider.terraform-provider-aws_v6.65.0_x5: HTTP Response Received: @module=aws.aws-base tf_rpc=ConfigureProvider aws.region=us-east-1
  http.response.body=
  | <GetCallerIdentityResponse xmlns="https://sts.amazonaws.com/doc/2011-06-15/">
  |   <GetCallerIdentityResult>
  |     <Arn>arn:aws:iam::020651500156:root</Arn>
  |     <UserId>020651500156</UserId>
  |     <Account>020651500156</Account>
  |   </GetCallerIdentityResult>
  |   <ResponseMetadata>
  |     <RequestId>8d9b4467-5149-49e0-8200-e02fcda91190</RequestId>
  |   </ResponseMetadata>
  | </GetCallerIdentityResponse>
   http.response.header.content_type=text/xml http.response.header.date="Mon, 21 Sep 2026 01:51:00 GMT" http.response_content_length=387 http.status_code=200 @caller=github.com/hashicorp/aws-sdk-go-base/v2@v2.0.0-beta.73/logging/tf_logger.go:47 http.response.header.x_amz_sts_extended_request_id=MTp1cy1lYXN0LTE6UzoxNzg5OTU1NDYwMzY5OlI6TmtrSmx3OEk= http.response.header.x_amzn_requestid=8d9b4467-5149-49e0-8200-e02fcda91190 rpc.method=STS/GetCallerIdentity tf_aws.signing_region="" tf_mux_provider="*schema.GRPCProviderServer" tf_provider_addr=registry.terraform.io/hashicorp/aws tf_req_id=6352fc3b-2121-e5a2-a01e-77c50a09e421 http.duration=1079 rpc.system.name=aws-api tf_aws.sdk=aws-sdk-go-v2 timestamp=2026-09-21T01:51:00.378Z
2026-09-21T01:51:00.385Z [INFO]  provider.terraform-provider-aws_v6.65.0_x5: Retrieved caller identity from STS: tf_mux_provider="*schema.GRPCProviderServer" tf_provider_addr=registry.terraform.io/hashicorp/aws tf_req_id=6352fc3b-2121-e5a2-a01e-77c50a09e421 tf_rpc=ConfigureProvider @caller=github.com/hashicorp/aws-sdk-go-base/v2@v2.0.0-beta.73/logging/tf_logger.go:39 @module=aws.aws-base timestamp=2026-09-21T01:51:00.385Z
2026-09-21T01:51:00.392Z [DEBUG] No policy client configured, skipping policy evaluation for provider["registry.terraform.io/hashicorp/aws"]
2026-09-21T01:51:01.366Z [DEBUG] provider.stdio: received EOF, stopping recv loop: err="rpc error: code = Unavailable desc = error reading from server: EOF"
2026-09-21T01:51:01.491Z [INFO]  provider: plugin process exited: plugin=.terraform/providers/registry.terraform.io/hashicorp/aws/6.65.0/linux_amd64/terraform-provider-aws_v6.65.0_x5 id=235019
2026-09-21T01:51:01.492Z [DEBUG] provider: plugin exited
2026-09-21T01:51:01.497Z [DEBUG] building apply graph to check for errors
2026-09-21T01:51:01.499Z [DEBUG] ProviderTransformer: "aws_instance.worker_node (expand)" (*terraform.nodeExpandApplyableResource) needs provider["registry.terraform.io/hashicorp/aws"]
2026-09-21T01:51:01.500Z [DEBUG] ProviderTransformer: "aws_iam_user.onboarding_user[1] (destroy)" (*terraform.NodeDestroyResourceInstance) needs provider["registry.terraform.io/hashicorp/aws"]
2026-09-21T01:51:01.501Z [DEBUG] ProviderTransformer: "aws_iam_user.onboarding_user[0] (destroy)" (*terraform.NodeDestroyResourceInstance) needs provider["registry.terraform.io/hashicorp/aws"]
2026-09-21T01:51:01.502Z [DEBUG] ProviderTransformer: "aws_instance.worker_node[0] (destroy)" (*terraform.NodeDestroyResourceInstance) needs provider["registry.terraform.io/hashicorp/aws"]
2026-09-21T01:51:01.503Z [DEBUG] ProviderTransformer: "aws_instance.worker_node[1] (destroy)" (*terraform.NodeDestroyResourceInstance) needs provider["registry.terraform.io/hashicorp/aws"]
2026-09-21T01:51:01.504Z [DEBUG] ProviderTransformer: "aws_iam_user.onboarding_user (expand)" (*terraform.nodeExpandApplyableResource) needs provider["registry.terraform.io/hashicorp/aws"]
2026-09-21T01:51:01.505Z [DEBUG] ProviderTransformer: "aws_iam_user.onboarding_user[2] (destroy)" (*terraform.NodeDestroyResourceInstance) needs provider["registry.terraform.io/hashicorp/aws"]
2026-09-21T01:51:01.506Z [DEBUG] ProviderTransformer: "aws_instance.worker_node[2] (destroy)" (*terraform.NodeDestroyResourceInstance) needs provider["registry.terraform.io/hashicorp/aws"]
2026-09-21T01:51:01.508Z [DEBUG] ReferenceTransformer: "aws_iam_user.onboarding_user (expand)" references: [var.user_name]
2026-09-21T01:51:01.509Z [DEBUG] ReferenceTransformer: "aws_iam_user.onboarding_user (expand)" references: var.user_name
2026-09-21T01:51:01.510Z [DEBUG] ReferenceTransformer: "var.user_name" references: []
2026-09-21T01:51:01.511Z [DEBUG] ReferenceTransformer: "output.iam_user_names (expand)" references: []
2026-09-21T01:51:01.511Z [DEBUG] ReferenceTransformer: "aws_iam_user.onboarding_user[2] (destroy)" references: []
2026-09-21T01:51:01.512Z [DEBUG] ReferenceTransformer: "aws_instance.worker_node[2] (destroy)" references: []
2026-09-21T01:51:01.513Z [DEBUG] ReferenceTransformer: "provider[\"registry.terraform.io/hashicorp/aws\"]" references: [var.region]
2026-09-21T01:51:01.514Z [DEBUG] ReferenceTransformer: "provider[\"registry.terraform.io/hashicorp/aws\"]" references: var.region
2026-09-21T01:51:01.515Z [DEBUG] ReferenceTransformer: "aws_instance.worker_node (expand)" references: [var.instance_type]
2026-09-21T01:51:01.516Z [DEBUG] ReferenceTransformer: "aws_instance.worker_node (expand)" references: var.instance_type
2026-09-21T01:51:01.517Z [DEBUG] ReferenceTransformer: "var.region" references: []
2026-09-21T01:51:01.518Z [DEBUG] ReferenceTransformer: "var.instance_type" references: []
2026-09-21T01:51:01.519Z [DEBUG] ReferenceTransformer: "output.worker_node_ids (expand)" references: []
2026-09-21T01:51:01.520Z [DEBUG] ReferenceTransformer: "aws_iam_user.onboarding_user[1] (destroy)" references: []
2026-09-21T01:51:01.520Z [DEBUG] ReferenceTransformer: "aws_iam_user.onboarding_user[0] (destroy)" references: []
2026-09-21T01:51:01.521Z [DEBUG] ReferenceTransformer: "aws_instance.worker_node[0] (destroy)" references: []
2026-09-21T01:51:01.522Z [DEBUG] ReferenceTransformer: "aws_instance.worker_node[1] (destroy)" references: []
2026-09-21T01:51:01.825Z [INFO]  backend/local: apply calling Apply
2026-09-21T01:51:01.825Z [DEBUG] Building and walking apply graph for DestroyMode plan
2026-09-21T01:51:01.826Z [DEBUG] ProviderTransformer: "aws_iam_user.onboarding_user (expand)" (*terraform.nodeExpandApplyableResource) needs provider["registry.terraform.io/hashicorp/aws"]
2026-09-21T01:51:01.827Z [DEBUG] ProviderTransformer: "aws_instance.worker_node (expand)" (*terraform.nodeExpandApplyableResource) needs provider["registry.terraform.io/hashicorp/aws"]
2026-09-21T01:51:01.828Z [DEBUG] ProviderTransformer: "aws_iam_user.onboarding_user[1] (destroy)" (*terraform.NodeDestroyResourceInstance) needs provider["registry.terraform.io/hashicorp/aws"]
2026-09-21T01:51:01.828Z [DEBUG] ProviderTransformer: "aws_iam_user.onboarding_user[0] (destroy)" (*terraform.NodeDestroyResourceInstance) needs provider["registry.terraform.io/hashicorp/aws"]
2026-09-21T01:51:01.829Z [DEBUG] ProviderTransformer: "aws_iam_user.onboarding_user[2] (destroy)" (*terraform.NodeDestroyResourceInstance) needs provider["registry.terraform.io/hashicorp/aws"]
2026-09-21T01:51:01.830Z [DEBUG] ProviderTransformer: "aws_instance.worker_node[0] (destroy)" (*terraform.NodeDestroyResourceInstance) needs provider["registry.terraform.io/hashicorp/aws"]
2026-09-21T01:51:01.830Z [DEBUG] ProviderTransformer: "aws_instance.worker_node[1] (destroy)" (*terraform.NodeDestroyResourceInstance) needs provider["registry.terraform.io/hashicorp/aws"]
2026-09-21T01:51:01.831Z [DEBUG] ProviderTransformer: "aws_instance.worker_node[2] (destroy)" (*terraform.NodeDestroyResourceInstance) needs provider["registry.terraform.io/hashicorp/aws"]
2026-09-21T01:51:01.832Z [DEBUG] ReferenceTransformer: "aws_iam_user.onboarding_user (expand)" references: [var.user_name]
2026-09-21T01:51:01.833Z [DEBUG] ReferenceTransformer: "aws_iam_user.onboarding_user (expand)" references: var.user_name
2026-09-21T01:51:01.833Z [DEBUG] ReferenceTransformer: "aws_instance.worker_node (expand)" references: [var.instance_type]
2026-09-21T01:51:01.834Z [DEBUG] ReferenceTransformer: "aws_instance.worker_node (expand)" references: var.instance_type
2026-09-21T01:51:01.834Z [DEBUG] ReferenceTransformer: "var.region" references: []
2026-09-21T01:51:01.835Z [DEBUG] ReferenceTransformer: "output.iam_user_names (expand)" references: []
2026-09-21T01:51:01.835Z [DEBUG] ReferenceTransformer: "output.worker_node_ids (expand)" references: []
2026-09-21T01:51:01.836Z [DEBUG] ReferenceTransformer: "aws_iam_user.onboarding_user[1] (destroy)" references: []
2026-09-21T01:51:01.836Z [DEBUG] ReferenceTransformer: "aws_iam_user.onboarding_user[0] (destroy)" references: []
2026-09-21T01:51:01.837Z [DEBUG] ReferenceTransformer: "aws_iam_user.onboarding_user[2] (destroy)" references: []
2026-09-21T01:51:01.837Z [DEBUG] ReferenceTransformer: "var.user_name" references: []
2026-09-21T01:51:01.838Z [DEBUG] ReferenceTransformer: "var.instance_type" references: []
2026-09-21T01:51:01.838Z [DEBUG] ReferenceTransformer: "aws_instance.worker_node[0] (destroy)" references: []
2026-09-21T01:51:01.839Z [DEBUG] ReferenceTransformer: "aws_instance.worker_node[1] (destroy)" references: []
2026-09-21T01:51:01.839Z [DEBUG] ReferenceTransformer: "aws_instance.worker_node[2] (destroy)" references: []
2026-09-21T01:51:01.840Z [DEBUG] ReferenceTransformer: "provider[\"registry.terraform.io/hashicorp/aws\"]" references: [var.region]
2026-09-21T01:51:01.840Z [DEBUG] ReferenceTransformer: "provider[\"registry.terraform.io/hashicorp/aws\"]" references: var.region
2026-09-21T01:51:01.842Z [DEBUG] Starting graph walk: walkDestroy
2026-09-21T01:51:01.863Z [DEBUG] created provider logger: level=debug
2026-09-21T01:51:01.864Z [INFO]  provider: configuring client automatic mTLS
2026-09-21T01:51:01.875Z [DEBUG] provider: starting plugin: path=.terraform/providers/registry.terraform.io/hashicorp/aws/6.65.0/linux_amd64/terraform-provider-aws_v6.65.0_x5 args=[".terraform/providers/registry.terraform.io/hashicorp/aws/6.65.0/linux_amd64/terraform-provider-aws_v6.65.0_x5"]
2026-09-21T01:51:01.892Z [DEBUG] provider: plugin started: path=.terraform/providers/registry.terraform.io/hashicorp/aws/6.65.0/linux_amd64/terraform-provider-aws_v6.65.0_x5 pid=235068
2026-09-21T01:51:01.893Z [DEBUG] provider: waiting for RPC address: plugin=.terraform/providers/registry.terraform.io/hashicorp/aws/6.65.0/linux_amd64/terraform-provider-aws_v6.65.0_x5
2026-09-21T01:51:05.948Z [DEBUG] provider.terraform-provider-aws_v6.65.0_x5: Starting github.com/hashicorp/terraform-provider-aws@6.65.0 (go1.26.6)...
2026-09-21T01:51:05.949Z [DEBUG] provider.terraform-provider-aws_v6.65.0_x5: Creating Terraform AWS Provider (SDKv2-style)...
2026-09-21T01:51:05.962Z [DEBUG] provider.terraform-provider-aws_v6.65.0_x5: Initializing Terraform AWS Provider (SDKv2-style)...
2026-09-21T01:51:07.426Z [DEBUG] provider.terraform-provider-aws_v6.65.0_x5: Creating Terraform AWS Provider (Framework-style)...
2026-09-21T01:51:07.429Z [DEBUG] provider.terraform-provider-aws_v6.65.0_x5: Initializing Terraform AWS Provider (Framework-style)...
2026-09-21T01:51:07.474Z [DEBUG] provider.terraform-provider-aws_v6.65.0_x5: configuring server automatic mTLS: timestamp=2026-09-21T01:51:07.473Z
2026-09-21T01:51:07.540Z [DEBUG] provider: using plugin: version=5
2026-09-21T01:51:07.540Z [DEBUG] provider.terraform-provider-aws_v6.65.0_x5: plugin address: address=/tmp/plugin3991489355 network=unix timestamp=2026-09-21T01:51:07.539Z
2026-09-21T01:51:08.435Z [DEBUG] provider.terraform-provider-aws_v6.65.0_x5: Configuring Terraform AWS Provider: @caller=github.com/hashicorp/terraform-provider-aws/internal/conns/config.go:150 tf_mux_provider="*schema.GRPCProviderServer" tf_req_id=e4d5396a-d94c-5145-520b-7564f0594cc7 tf_rpc=ConfigureProvider @module=aws tf_provider_addr=registry.terraform.io/hashicorp/aws timestamp=2026-09-21T01:51:08.429Z
2026-09-21T01:51:08.442Z [DEBUG] provider.terraform-provider-aws_v6.65.0_x5: Resolving credentials provider: @module=aws.aws-base tf_req_id=e4d5396a-d94c-5145-520b-7564f0594cc7 @caller=github.com/hashicorp/aws-sdk-go-base/v2@v2.0.0-beta.73/logging/tf_logger.go:47 tf_mux_provider="*schema.GRPCProviderServer" tf_provider_addr=registry.terraform.io/hashicorp/aws tf_rpc=ConfigureProvider timestamp=2026-09-21T01:51:08.441Z
2026-09-21T01:51:08.444Z [DEBUG] provider.terraform-provider-aws_v6.65.0_x5: Loading configuration: @module=aws.aws-base tf_provider_addr=registry.terraform.io/hashicorp/aws tf_req_id=e4d5396a-d94c-5145-520b-7564f0594cc7 tf_mux_provider="*schema.GRPCProviderServer" tf_rpc=ConfigureProvider @caller=github.com/hashicorp/aws-sdk-go-base/v2@v2.0.0-beta.73/logging/tf_logger.go:47 timestamp=2026-09-21T01:51:08.444Z
2026-09-21T01:51:08.460Z [DEBUG] provider.terraform-provider-aws_v6.65.0_x5: Retrieving credentials: tf_mux_provider="*schema.GRPCProviderServer" tf_provider_addr=registry.terraform.io/hashicorp/aws tf_req_id=e4d5396a-d94c-5145-520b-7564f0594cc7 tf_rpc=ConfigureProvider @caller=github.com/hashicorp/aws-sdk-go-base/v2@v2.0.0-beta.73/logging/tf_logger.go:47 @module=aws.aws-base timestamp=2026-09-21T01:51:08.460Z
2026-09-21T01:51:08.465Z [INFO]  provider.terraform-provider-aws_v6.65.0_x5: Retrieved credentials: tf_mux_provider="*schema.GRPCProviderServer" tf_req_id=e4d5396a-d94c-5145-520b-7564f0594cc7 tf_rpc=ConfigureProvider tf_aws.credentials_source="SharedConfigCredentials: /home/nithin_kallem/.aws/credentials" tf_provider_addr=registry.terraform.io/hashicorp/aws @caller=github.com/hashicorp/aws-sdk-go-base/v2@v2.0.0-beta.73/logging/tf_logger.go:39 @module=aws.aws-base timestamp=2026-09-21T01:51:08.464Z
2026-09-21T01:51:08.466Z [DEBUG] provider.terraform-provider-aws_v6.65.0_x5: Loading configuration: @caller=github.com/hashicorp/aws-sdk-go-base/v2@v2.0.0-beta.73/logging/tf_logger.go:47 @module=aws.aws-base tf_mux_provider="*schema.GRPCProviderServer" tf_provider_addr=registry.terraform.io/hashicorp/aws tf_req_id=e4d5396a-d94c-5145-520b-7564f0594cc7 tf_rpc=ConfigureProvider timestamp=2026-09-21T01:51:08.465Z
2026-09-21T01:51:08.466Z [DEBUG] provider.terraform-provider-aws_v6.65.0_x5: Retrieving AWS account details: @module=aws tf_mux_provider="*schema.GRPCProviderServer" tf_provider_addr=registry.terraform.io/hashicorp/aws tf_req_id=e4d5396a-d94c-5145-520b-7564f0594cc7 tf_rpc=ConfigureProvider @caller=github.com/hashicorp/terraform-provider-aws/internal/conns/config.go:188 timestamp=2026-09-21T01:51:08.465Z
2026-09-21T01:51:08.470Z [DEBUG] provider.terraform-provider-aws_v6.65.0_x5: Retrieving caller identity from STS: tf_req_id=e4d5396a-d94c-5145-520b-7564f0594cc7 tf_provider_addr=registry.terraform.io/hashicorp/aws tf_rpc=ConfigureProvider @caller=github.com/hashicorp/aws-sdk-go-base/v2@v2.0.0-beta.73/logging/tf_logger.go:47 @module=aws.aws-base tf_mux_provider="*schema.GRPCProviderServer" timestamp=2026-09-21T01:51:08.470Z
2026-09-21T01:51:08.503Z [DEBUG] provider.terraform-provider-aws_v6.65.0_x5: HTTP Request Sent: http.method=POST http.request.header.amz_sdk_request="attempt=1; max=25" http.request_content_length=43 net.peer.name=sts.us-east-1.amazonaws.com tf_provider_addr=registry.terraform.io/hashicorp/aws tf_req_id=e4d5396a-d94c-5145-520b-7564f0594cc7 tf_rpc=ConfigureProvider @caller=github.com/hashicorp/aws-sdk-go-base/v2@v2.0.0-beta.73/logging/tf_logger.go:47 http.request.header.x_amz_date=20260921T015108Z http.url=https://sts.us-east-1.amazonaws.com/ http.user_agent="APN/1.0 HashiCorp/1.0 Terraform/1.16.3 (+https://www.terraform.io) terraform-provider-aws/6.65.0 (+https://registry.terraform.io/providers/hashicorp/aws) aws-sdk-go-v2/1.47.0 ua/2.1 os/linux lang/go#1.26.6 md/GOOS#linux md/GOARCH#amd64 api/sts#1.50.0 m/n" rpc.method=STS/GetCallerIdentity rpc.system.name=aws-api
  http.request.body=
  | Action=GetCallerIdentity&Version=2011-06-15
   http.request.header.content_type=application/x-www-form-urlencoded tf_mux_provider="*schema.GRPCProviderServer" @module=aws.aws-base http.request.header.amz_sdk_invocation_id=27f51e80-d947-471a-bce3-5d5bded4b209 http.request.header.authorization="AWS4-HMAC-SHA256 Credential=AKIA************HAG5/20260921/us-east-1/sts/aws4_request, SignedHeaders=amz-sdk-invocation-id;amz-sdk-request;content-length;content-type;host;x-amz-date, Signature=*****" tf_aws.sdk=aws-sdk-go-v2 tf_aws.signing_region="" aws.region=us-east-1 timestamp=2026-09-21T01:51:08.502Z
2026-09-21T01:51:09.644Z [DEBUG] provider.terraform-provider-aws_v6.65.0_x5: HTTP Response Received: @caller=github.com/hashicorp/aws-sdk-go-base/v2@v2.0.0-beta.73/logging/tf_logger.go:47 http.response.header.content_type=text/xml http.response.header.date="Mon, 21 Sep 2026 01:51:09 GMT" http.response.header.x_amzn_requestid=22cf167d-8b8c-420e-9d9a-e299d9f1fbfa rpc.system.name=aws-api tf_aws.signing_region="" tf_mux_provider="*schema.GRPCProviderServer" @module=aws.aws-base http.duration=1140 http.response.header.x_amz_sts_extended_request_id=MTp1cy1lYXN0LTE6UzoxNzg5OTU1NDY5NjgyOlI6cmFET0RLQWU= http.status_code=200 tf_aws.sdk=aws-sdk-go-v2 tf_req_id=e4d5396a-d94c-5145-520b-7564f0594cc7 tf_rpc=ConfigureProvider aws.region=us-east-1 http.response_content_length=387 rpc.method=STS/GetCallerIdentity tf_provider_addr=registry.terraform.io/hashicorp/aws
  http.response.body=
  | <GetCallerIdentityResponse xmlns="https://sts.amazonaws.com/doc/2011-06-15/">
  |   <GetCallerIdentityResult>
  |     <Arn>arn:aws:iam::020651500156:root</Arn>
  |     <UserId>020651500156</UserId>
  |     <Account>020651500156</Account>
  |   </GetCallerIdentityResult>
  |   <ResponseMetadata>
  |     <RequestId>22cf167d-8b8c-420e-9d9a-e299d9f1fbfa</RequestId>
  |   </ResponseMetadata>
  | </GetCallerIdentityResponse>
   timestamp=2026-09-21T01:51:09.643Z
2026-09-21T01:51:09.647Z [INFO]  provider.terraform-provider-aws_v6.65.0_x5: Retrieved caller identity from STS: @caller=github.com/hashicorp/aws-sdk-go-base/v2@v2.0.0-beta.73/logging/tf_logger.go:39 tf_provider_addr=registry.terraform.io/hashicorp/aws tf_rpc=ConfigureProvider @module=aws.aws-base tf_mux_provider="*schema.GRPCProviderServer" tf_req_id=e4d5396a-d94c-5145-520b-7564f0594cc7 timestamp=2026-09-21T01:51:09.647Z
2026-09-21T01:51:09.650Z [DEBUG] No policy client configured, skipping policy evaluation for provider["registry.terraform.io/hashicorp/aws"]
2026-09-21T01:51:10.170Z [DEBUG] NodeApplyableResourceInstance: invoking before actions for aws_iam_user.onboarding_user[1]
2026-09-21T01:51:10.171Z [INFO]  Starting apply for aws_iam_user.onboarding_user[1]
2026-09-21T01:51:10.172Z [DEBUG] NodeApplyableResourceInstance: invoking before actions for aws_iam_user.onboarding_user[2]
2026-09-21T01:51:10.173Z [DEBUG] NodeApplyableResourceInstance: invoking before actions for aws_iam_user.onboarding_user[0]
2026-09-21T01:51:10.174Z [INFO]  Starting apply for aws_iam_user.onboarding_user[2]
2026-09-21T01:51:10.175Z [DEBUG] aws_iam_user.onboarding_user[2]: applying the planned Delete change
2026-09-21T01:51:10.176Z [DEBUG] aws_iam_user.onboarding_user[1]: applying the planned Delete change
2026-09-21T01:51:10.177Z [DEBUG] NodeApplyableResourceInstance: invoking before actions for aws_instance.worker_node[1]
2026-09-21T01:51:10.178Z [INFO]  Starting apply for aws_instance.worker_node[1]
2026-09-21T01:51:10.180Z [INFO]  Starting apply for aws_iam_user.onboarding_user[0]
2026-09-21T01:51:10.180Z [DEBUG] NodeApplyableResourceInstance: invoking before actions for aws_instance.worker_node[2]
2026-09-21T01:51:10.181Z [DEBUG] NodeApplyableResourceInstance: invoking before actions for aws_instance.worker_node[0]
2026-09-21T01:51:10.182Z [INFO]  Starting apply for aws_instance.worker_node[2]
2026-09-21T01:51:10.183Z [DEBUG] aws_instance.worker_node[2]: applying the planned Delete change
2026-09-21T01:51:10.184Z [DEBUG] aws_instance.worker_node[1]: applying the planned Delete change
2026-09-21T01:51:10.185Z [INFO]  Starting apply for aws_instance.worker_node[0]
2026-09-21T01:51:10.188Z [DEBUG] aws_iam_user.onboarding_user[0]: applying the planned Delete change
2026-09-21T01:51:10.191Z [DEBUG] aws_instance.worker_node[0]: applying the planned Delete change
2026-09-21T01:51:10.232Z [DEBUG] provider.terraform-provider-aws_v6.65.0_x5: [DEBUG] Terminating EC2 Instance: i-0183c7ae07ebb5fbd
2026-09-21T01:51:10.233Z [DEBUG] provider.terraform-provider-aws_v6.65.0_x5: [DEBUG] Terminating EC2 Instance: i-0e8c6fb6bc29c8abf
2026-09-21T01:51:10.235Z [DEBUG] provider.terraform-provider-aws_v6.65.0_x5: [DEBUG] Terminating EC2 Instance: i-0375066a2908bdbaa
2026-09-21T01:51:10.265Z [DEBUG] provider.terraform-provider-aws_v6.65.0_x5: HTTP Request Sent: rpc.system.name=aws-api tf_aws.sdk=aws-sdk-go-v2 tf_rpc=ApplyResourceChange @module=aws http.request.header.content_type=application/x-www-form-urlencoded rpc.method=IAM/ListGroupsForUser tf_aws.signing_region="" tf_provider_addr=registry.terraform.io/hashicorp/aws @caller=github.com/hashicorp/aws-sdk-go-base/v2@v2.0.0-beta.73/logging/tf_logger.go:45 aws.region=us-east-1 http.method=POST http.request.header.amz_sdk_invocation_id=4266426e-c8d2-4ce2-8de7-bd9c3bdd243f http.request.header.authorization="AWS4-HMAC-SHA256 Credential=AKIA************HAG5/20260921/us-east-1/iam/aws4_request, SignedHeaders=amz-sdk-invocation-id;amz-sdk-request;content-length;content-type;host;x-amz-date, Signature=*****" http.url=https://iam.amazonaws.com/ http.user_agent="APN/1.0 HashiCorp/1.0 Terraform/1.16.3 (+https://www.terraform.io) terraform-provider-aws/6.65.0 (+https://registry.terraform.io/providers/hashicorp/aws) aws-sdk-go-v2/1.47.0 ua/2.1 os/linux lang/go#1.26.6 md/GOOS#linux md/GOARCH#amd64 api/iam#1.64.0 m/C,n" net.peer.name=iam.amazonaws.com http.request.header.amz_sdk_request="attempt=1; max=25" http.request_content_length=63 tf_mux_provider="*schema.GRPCProviderServer" tf_req_id=8cef5bd9-fee5-35a5-9d14-edcbafe4dcfd tf_resource_type=aws_iam_user
  http.request.body=
  | Action=ListGroupsForUser&UserName=redis.user&Version=2010-05-08
   http.request.header.x_amz_date=20260921T015110Z timestamp=2026-09-21T01:51:10.265Z
2026-09-21T01:51:10.268Z [DEBUG] provider.terraform-provider-aws_v6.65.0_x5: HTTP Request Sent: http.request_content_length=65 http.url=https://iam.amazonaws.com/ net.peer.name=iam.amazonaws.com tf_resource_type=aws_iam_user @caller=github.com/hashicorp/aws-sdk-go-base/v2@v2.0.0-beta.73/logging/tf_logger.go:45 http.method=POST http.request.header.content_type=application/x-www-form-urlencoded http.user_agent="APN/1.0 HashiCorp/1.0 Terraform/1.16.3 (+https://www.terraform.io) terraform-provider-aws/6.65.0 (+https://registry.terraform.io/providers/hashicorp/aws) aws-sdk-go-v2/1.47.0 ua/2.1 os/linux lang/go#1.26.6 md/GOOS#linux md/GOARCH#amd64 api/iam#1.64.0 m/C,n" rpc.method=IAM/ListGroupsForUser rpc.system.name=aws-api tf_mux_provider="*schema.GRPCProviderServer" tf_req_id=40f394ef-9871-2ea6-cade-fa4dab8c98ac
  http.request.body=
  | Action=ListGroupsForUser&UserName=jenkins.user&Version=2010-05-08
   http.request.header.amz_sdk_invocation_id=d5d2c1dc-fbda-4f69-a446-1b9720039746 http.request.header.amz_sdk_request="attempt=1; max=25" tf_aws.signing_region="" tf_provider_addr=registry.terraform.io/hashicorp/aws tf_rpc=ApplyResourceChange @module=aws aws.region=us-east-1 http.request.header.authorization="AWS4-HMAC-SHA256 Credential=AKIA************HAG5/20260921/us-east-1/iam/aws4_request, SignedHeaders=amz-sdk-invocation-id;amz-sdk-request;content-length;content-type;host;x-amz-date, Signature=*****" http.request.header.x_amz_date=20260921T015110Z tf_aws.sdk=aws-sdk-go-v2 timestamp=2026-09-21T01:51:10.265Z
2026-09-21T01:51:10.269Z [DEBUG] provider.terraform-provider-aws_v6.65.0_x5: HTTP Request Sent: rpc.system.name=aws-api tf_req_id=1863d4a8-b326-16d0-41d0-b88888771cfd @module=aws aws.region=us-east-1 http.request.header.amz_sdk_invocation_id=62fdb1f7-0335-48da-a9cf-249a8c33e08e http.request.header.amz_sdk_request="attempt=1; max=25" http.request.header.authorization="AWS4-HMAC-SHA256 Credential=AKIA************HAG5/20260921/us-east-1/iam/aws4_request, SignedHeaders=amz-sdk-invocation-id;amz-sdk-request;content-length;content-type;host;x-amz-date, Signature=*****" http.request.header.content_type=application/x-www-form-urlencoded http.request.header.x_amz_date=20260921T015110Z @caller=github.com/hashicorp/aws-sdk-go-base/v2@v2.0.0-beta.73/logging/tf_logger.go:45 http.method=POST http.request_content_length=63 http.url=https://iam.amazonaws.com/ http.user_agent="APN/1.0 HashiCorp/1.0 Terraform/1.16.3 (+https://www.terraform.io) terraform-provider-aws/6.65.0 (+https://registry.terraform.io/providers/hashicorp/aws) aws-sdk-go-v2/1.47.0 ua/2.1 os/linux lang/go#1.26.6 md/GOOS#linux md/GOARCH#amd64 api/iam#1.64.0 m/C,n" net.peer.name=iam.amazonaws.com rpc.method=IAM/ListGroupsForUser tf_aws.sdk=aws-sdk-go-v2
  http.request.body=
  | Action=ListGroupsForUser&UserName=kafka.user&Version=2010-05-08
   tf_aws.signing_region="" tf_mux_provider="*schema.GRPCProviderServer" tf_provider_addr=registry.terraform.io/hashicorp/aws tf_resource_type=aws_iam_user tf_rpc=ApplyResourceChange timestamp=2026-09-21T01:51:10.265Z
2026-09-21T01:51:10.270Z [DEBUG] provider.terraform-provider-aws_v6.65.0_x5: HTTP Request Sent:
  http.request.body=
  | Action=TerminateInstances&InstanceId.1=i-0375066a2908bdbaa&Version=2016-11-15
   http.request.header.amz_sdk_invocation_id=e8d8eb78-7c95-41b6-9a13-9e8c2e5930aa http.request.header.amz_sdk_request="attempt=1; max=25" http.request.header.authorization="AWS4-HMAC-SHA256 Credential=AKIA************HAG5/20260921/us-east-1/ec2/aws4_request, SignedHeaders=amz-sdk-invocation-id;amz-sdk-request;content-length;content-type;host;x-amz-date, Signature=*****" http.request.header.content_type=application/x-www-form-urlencoded net.peer.name=ec2.us-east-1.amazonaws.com rpc.method=EC2/TerminateInstances @module=aws http.request.header.x_amz_date=20260921T015110Z tf_mux_provider="*schema.GRPCProviderServer" tf_provider_addr=registry.terraform.io/hashicorp/aws tf_req_id=dac946b3-4c42-771e-116d-9f68e9db3692 tf_resource_type=aws_instance tf_rpc=ApplyResourceChange aws.region=us-east-1 http.url=https://ec2.us-east-1.amazonaws.com/ rpc.system.name=aws-api tf_aws.sdk=aws-sdk-go-v2 tf_aws.signing_region="" @caller=github.com/hashicorp/aws-sdk-go-base/v2@v2.0.0-beta.73/logging/tf_logger.go:45 http.method=POST http.request_content_length=77 http.user_agent="APN/1.0 HashiCorp/1.0 Terraform/1.16.3 (+https://www.terraform.io) terraform-provider-aws/6.65.0 (+https://registry.terraform.io/providers/hashicorp/aws) aws-sdk-go-v2/1.47.0 ua/2.1 os/linux lang/go#1.26.6 md/GOOS#linux md/GOARCH#amd64 api/ec2#1.332.0 m/n" timestamp=2026-09-21T01:51:10.269Z
2026-09-21T01:51:10.272Z [DEBUG] provider.terraform-provider-aws_v6.65.0_x5: HTTP Request Sent: tf_aws.sdk=aws-sdk-go-v2 tf_aws.signing_region="" tf_provider_addr=registry.terraform.io/hashicorp/aws tf_req_id=3627060d-9819-2bf5-8e79-1ac5ffef22a0 tf_mux_provider="*schema.GRPCProviderServer" tf_resource_type=aws_instance tf_rpc=ApplyResourceChange @caller=github.com/hashicorp/aws-sdk-go-base/v2@v2.0.0-beta.73/logging/tf_logger.go:45 @module=aws aws.region=us-east-1 http.method=POST
  http.request.body=
  | Action=TerminateInstances&InstanceId.1=i-0183c7ae07ebb5fbd&Version=2016-11-15
   http.url=https://ec2.us-east-1.amazonaws.com/ http.request.header.amz_sdk_invocation_id=9185cf80-2255-4249-ad4d-67c503db9ace http.request.header.authorization="AWS4-HMAC-SHA256 Credential=AKIA************HAG5/20260921/us-east-1/ec2/aws4_request, SignedHeaders=amz-sdk-invocation-id;amz-sdk-request;content-length;content-type;host;x-amz-date, Signature=*****" http.request.header.x_amz_date=20260921T015110Z http.user_agent="APN/1.0 HashiCorp/1.0 Terraform/1.16.3 (+https://www.terraform.io) terraform-provider-aws/6.65.0 (+https://registry.terraform.io/providers/hashicorp/aws) aws-sdk-go-v2/1.47.0 ua/2.1 os/linux lang/go#1.26.6 md/GOOS#linux md/GOARCH#amd64 api/ec2#1.332.0 m/n" net.peer.name=ec2.us-east-1.amazonaws.com rpc.system.name=aws-api http.request.header.amz_sdk_request="attempt=1; max=25" http.request.header.content_type=application/x-www-form-urlencoded http.request_content_length=77 rpc.method=EC2/TerminateInstances timestamp=2026-09-21T01:51:10.269Z
2026-09-21T01:51:10.273Z [DEBUG] provider.terraform-provider-aws_v6.65.0_x5: HTTP Request Sent: @module=aws http.request.header.amz_sdk_request="attempt=1; max=25" http.request.header.content_type=application/x-www-form-urlencoded rpc.system.name=aws-api tf_aws.sdk=aws-sdk-go-v2 tf_req_id=030c77ff-9bcc-b9b3-f8a8-e339a91d26d9 http.request.header.authorization="AWS4-HMAC-SHA256 Credential=AKIA************HAG5/20260921/us-east-1/ec2/aws4_request, SignedHeaders=amz-sdk-invocation-id;amz-sdk-request;content-length;content-type;host;x-amz-date, Signature=*****" tf_provider_addr=registry.terraform.io/hashicorp/aws tf_resource_type=aws_instance tf_rpc=ApplyResourceChange http.request.header.amz_sdk_invocation_id=3858a2c3-e574-4374-8d9a-32e5a8658979 http.request.header.x_amz_date=20260921T015110Z http.user_agent="APN/1.0 HashiCorp/1.0 Terraform/1.16.3 (+https://www.terraform.io) terraform-provider-aws/6.65.0 (+https://registry.terraform.io/providers/hashicorp/aws) aws-sdk-go-v2/1.47.0 ua/2.1 os/linux lang/go#1.26.6 md/GOOS#linux md/GOARCH#amd64 api/ec2#1.332.0 m/n" net.peer.name=ec2.us-east-1.amazonaws.com rpc.method=EC2/TerminateInstances tf_aws.signing_region="" tf_mux_provider="*schema.GRPCProviderServer" aws.region=us-east-1 http.method=POST
  http.request.body=
  | Action=TerminateInstances&InstanceId.1=i-0e8c6fb6bc29c8abf&Version=2016-11-15
   http.request_content_length=77 http.url=https://ec2.us-east-1.amazonaws.com/ @caller=github.com/hashicorp/aws-sdk-go-base/v2@v2.0.0-beta.73/logging/tf_logger.go:45 timestamp=2026-09-21T01:51:10.269Z
2026-09-21T01:51:11.345Z [DEBUG] provider.terraform-provider-aws_v6.65.0_x5: HTTP Response Received: http.response.header.x_amzn_requestid=d79a6d85-9794-4f9e-9514-281f5f4f20bb http.response_content_length=322 tf_aws.sdk=aws-sdk-go-v2 tf_mux_provider="*schema.GRPCProviderServer" aws.region=us-east-1 tf_rpc=ApplyResourceChange
  http.response.body=
  | <ListGroupsForUserResponse xmlns="https://iam.amazonaws.com/doc/2010-05-08/">
  |   <ListGroupsForUserResult>
  |     <IsTruncated>false</IsTruncated>
  |     <Groups/>
  |   </ListGroupsForUserResult>
  |   <ResponseMetadata>
  |     <RequestId>d79a6d85-9794-4f9e-9514-281f5f4f20bb</RequestId>
  |   </ResponseMetadata>
  | </ListGroupsForUserResponse>
   rpc.system.name=aws-api tf_provider_addr=registry.terraform.io/hashicorp/aws @caller=github.com/hashicorp/aws-sdk-go-base/v2@v2.0.0-beta.73/logging/tf_logger.go:45 @module=aws http.status_code=200 rpc.method=IAM/ListGroupsForUser tf_aws.signing_region="" tf_req_id=8cef5bd9-fee5-35a5-9d14-edcbafe4dcfd tf_resource_type=aws_iam_user http.duration=1079 http.response.header.content_type=text/xml http.response.header.date="Mon, 21 Sep 2026 01:51:11 GMT" timestamp=2026-09-21T01:51:11.345Z
2026-09-21T01:51:11.348Z [DEBUG] provider.terraform-provider-aws_v6.65.0_x5: HTTP Response Received: tf_aws.sdk=aws-sdk-go-v2 tf_resource_type=aws_iam_user http.response.header.content_type=text/xml http.response.header.date="Mon, 21 Sep 2026 01:51:11 GMT" rpc.method=IAM/ListGroupsForUser rpc.system.name=aws-api tf_provider_addr=registry.terraform.io/hashicorp/aws tf_rpc=ApplyResourceChange @module=aws
  http.response.body=
  | <ListGroupsForUserResponse xmlns="https://iam.amazonaws.com/doc/2010-05-08/">
  |   <ListGroupsForUserResult>
  |     <IsTruncated>false</IsTruncated>
  |     <Groups/>
  |   </ListGroupsForUserResult>
  |   <ResponseMetadata>
  |     <RequestId>3452feba-4755-442f-b071-1496e7cf69d4</RequestId>
  |   </ResponseMetadata>
  | </ListGroupsForUserResponse>
   http.status_code=200 tf_aws.signing_region="" tf_mux_provider="*schema.GRPCProviderServer" @caller=github.com/hashicorp/aws-sdk-go-base/v2@v2.0.0-beta.73/logging/tf_logger.go:45 http.duration=1081 http.response_content_length=322 tf_req_id=40f394ef-9871-2ea6-cade-fa4dab8c98ac aws.region=us-east-1 http.response.header.x_amzn_requestid=3452feba-4755-442f-b071-1496e7cf69d4 timestamp=2026-09-21T01:51:11.348Z
2026-09-21T01:51:11.353Z [DEBUG] provider.terraform-provider-aws_v6.65.0_x5: [DEBUG] Deleting IAM User: jenkins.user
2026-09-21T01:51:11.355Z [DEBUG] provider.terraform-provider-aws_v6.65.0_x5: [DEBUG] Deleting IAM User: redis.user
2026-09-21T01:51:11.364Z [DEBUG] provider.terraform-provider-aws_v6.65.0_x5: HTTP Response Received: @module=aws aws.region=us-east-1 http.response.header.date="Mon, 21 Sep 2026 01:51:11 GMT" tf_mux_provider="*schema.GRPCProviderServer" tf_resource_type=aws_iam_user
  http.response.body=
  | <ListGroupsForUserResponse xmlns="https://iam.amazonaws.com/doc/2010-05-08/">
  |   <ListGroupsForUserResult>
  |     <IsTruncated>false</IsTruncated>
  |     <Groups/>
  |   </ListGroupsForUserResult>
  |   <ResponseMetadata>
  |     <RequestId>508358fe-4a36-43da-8892-d7447c5558ff</RequestId>
  |   </ResponseMetadata>
  | </ListGroupsForUserResponse>
   http.response.header.x_amzn_requestid=508358fe-4a36-43da-8892-d7447c5558ff http.response_content_length=322 tf_aws.sdk=aws-sdk-go-v2 tf_provider_addr=registry.terraform.io/hashicorp/aws tf_req_id=1863d4a8-b326-16d0-41d0-b88888771cfd @caller=github.com/hashicorp/aws-sdk-go-base/v2@v2.0.0-beta.73/logging/tf_logger.go:45 http.response.header.content_type=text/xml http.status_code=200 http.duration=1096 rpc.method=IAM/ListGroupsForUser rpc.system.name=aws-api tf_aws.signing_region="" tf_rpc=ApplyResourceChange timestamp=2026-09-21T01:51:11.363Z
2026-09-21T01:51:11.366Z [DEBUG] provider.terraform-provider-aws_v6.65.0_x5: [DEBUG] Deleting IAM User: kafka.user
2026-09-21T01:51:11.368Z [DEBUG] provider.terraform-provider-aws_v6.65.0_x5: HTTP Request Sent: http.request_content_length=58 aws.region=us-east-1
  http.request.body=
  | Action=DeleteUser&UserName=jenkins.user&Version=2010-05-08
   rpc.system.name=aws-api tf_aws.signing_region="" tf_rpc=ApplyResourceChange @caller=github.com/hashicorp/aws-sdk-go-base/v2@v2.0.0-beta.73/logging/tf_logger.go:45 http.request.header.amz_sdk_invocation_id=7fad7729-d0dd-4f9d-89f9-b4404ea911df http.request.header.authorization="AWS4-HMAC-SHA256 Credential=AKIA************HAG5/20260921/us-east-1/iam/aws4_request, SignedHeaders=amz-sdk-invocation-id;amz-sdk-request;content-length;content-type;host;x-amz-date, Signature=*****" http.request.header.x_amz_date=20260921T015111Z net.peer.name=iam.amazonaws.com rpc.method=IAM/DeleteUser @module=aws http.method=POST http.request.header.amz_sdk_request="attempt=1; max=25" http.user_agent="APN/1.0 HashiCorp/1.0 Terraform/1.16.3 (+https://www.terraform.io) terraform-provider-aws/6.65.0 (+https://registry.terraform.io/providers/hashicorp/aws) aws-sdk-go-v2/1.47.0 ua/2.1 os/linux lang/go#1.26.6 md/GOOS#linux md/GOARCH#amd64 api/iam#1.64.0 m/n" tf_aws.sdk=aws-sdk-go-v2 tf_provider_addr=registry.terraform.io/hashicorp/aws tf_resource_type=aws_iam_user http.request.header.content_type=application/x-www-form-urlencoded http.url=https://iam.amazonaws.com/ tf_mux_provider="*schema.GRPCProviderServer" tf_req_id=40f394ef-9871-2ea6-cade-fa4dab8c98ac timestamp=2026-09-21T01:51:11.368Z
2026-09-21T01:51:11.371Z [DEBUG] provider.terraform-provider-aws_v6.65.0_x5: HTTP Request Sent: net.peer.name=iam.amazonaws.com rpc.system.name=aws-api @caller=github.com/hashicorp/aws-sdk-go-base/v2@v2.0.0-beta.73/logging/tf_logger.go:45 http.request.header.amz_sdk_request="attempt=1; max=25" http.request.header.content_type=application/x-www-form-urlencoded rpc.method=IAM/DeleteUser tf_aws.sdk=aws-sdk-go-v2 tf_aws.signing_region="" tf_mux_provider="*schema.GRPCProviderServer" tf_provider_addr=registry.terraform.io/hashicorp/aws http.method=POST http.request.header.authorization="AWS4-HMAC-SHA256 Credential=AKIA************HAG5/20260921/us-east-1/iam/aws4_request, SignedHeaders=amz-sdk-invocation-id;amz-sdk-request;content-length;content-type;host;x-amz-date, Signature=*****" http.request.header.x_amz_date=20260921T015111Z http.user_agent="APN/1.0 HashiCorp/1.0 Terraform/1.16.3 (+https://www.terraform.io) terraform-provider-aws/6.65.0 (+https://registry.terraform.io/providers/hashicorp/aws) aws-sdk-go-v2/1.47.0 ua/2.1 os/linux lang/go#1.26.6 md/GOOS#linux md/GOARCH#amd64 api/iam#1.64.0 m/n" @module=aws tf_req_id=1863d4a8-b326-16d0-41d0-b88888771cfd tf_resource_type=aws_iam_user tf_rpc=ApplyResourceChange aws.region=us-east-1
  http.request.body=
  | Action=DeleteUser&UserName=kafka.user&Version=2010-05-08
   http.request.header.amz_sdk_invocation_id=9f18aa17-59f2-4bda-8d29-816750cf119b http.request_content_length=56 http.url=https://iam.amazonaws.com/ timestamp=2026-09-21T01:51:11.368Z
2026-09-21T01:51:11.375Z [DEBUG] provider.terraform-provider-aws_v6.65.0_x5: HTTP Request Sent: @caller=github.com/hashicorp/aws-sdk-go-base/v2@v2.0.0-beta.73/logging/tf_logger.go:45 @module=aws http.request.header.content_type=application/x-www-form-urlencoded rpc.system.name=aws-api tf_aws.sdk=aws-sdk-go-v2 tf_aws.signing_region="" aws.region=us-east-1
  http.request.body=
  | Action=DeleteUser&UserName=redis.user&Version=2010-05-08
   http.request.header.x_amz_date=20260921T015111Z http.url=https://iam.amazonaws.com/ tf_provider_addr=registry.terraform.io/hashicorp/aws tf_resource_type=aws_iam_user tf_rpc=ApplyResourceChange http.request.header.amz_sdk_request="attempt=1; max=25" http.request.header.authorization="AWS4-HMAC-SHA256 Credential=AKIA************HAG5/20260921/us-east-1/iam/aws4_request, SignedHeaders=amz-sdk-invocation-id;amz-sdk-request;content-length;content-type;host;x-amz-date, Signature=*****" http.user_agent="APN/1.0 HashiCorp/1.0 Terraform/1.16.3 (+https://www.terraform.io) terraform-provider-aws/6.65.0 (+https://registry.terraform.io/providers/hashicorp/aws) aws-sdk-go-v2/1.47.0 ua/2.1 os/linux lang/go#1.26.6 md/GOOS#linux md/GOARCH#amd64 api/iam#1.64.0 m/n" tf_req_id=8cef5bd9-fee5-35a5-9d14-edcbafe4dcfd http.method=POST http.request.header.amz_sdk_invocation_id=f8b955e0-0635-4afb-be0a-2800689f2ed2 http.request_content_length=56 net.peer.name=iam.amazonaws.com rpc.method=IAM/DeleteUser tf_mux_provider="*schema.GRPCProviderServer" timestamp=2026-09-21T01:51:11.374Z
2026-09-21T01:51:11.642Z [DEBUG] provider.terraform-provider-aws_v6.65.0_x5: HTTP Response Received:
  http.response.body=
  | <DeleteUserResponse xmlns="https://iam.amazonaws.com/doc/2010-05-08/">
  |   <ResponseMetadata>
  |     <RequestId>7fedfa92-fc93-48c2-bd8e-86b8069ff670</RequestId>
  |   </ResponseMetadata>
  | </DeleteUserResponse>
   http.response.header.date="Mon, 21 Sep 2026 01:51:11 GMT" rpc.method=IAM/DeleteUser rpc.system.name=aws-api aws.region=us-east-1 http.duration=266 http.status_code=200 tf_aws.sdk=aws-sdk-go-v2 tf_aws.signing_region="" tf_rpc=ApplyResourceChange @module=aws http.response.header.x_amzn_requestid=7fedfa92-fc93-48c2-bd8e-86b8069ff670 tf_provider_addr=registry.terraform.io/hashicorp/aws tf_resource_type=aws_iam_user @caller=github.com/hashicorp/aws-sdk-go-base/v2@v2.0.0-beta.73/logging/tf_logger.go:45 http.response.header.content_type=text/xml http.response_content_length=200 tf_mux_provider="*schema.GRPCProviderServer" tf_req_id=8cef5bd9-fee5-35a5-9d14-edcbafe4dcfd timestamp=2026-09-21T01:51:11.641Z
2026-09-21T01:51:11.660Z [DEBUG] provider.terraform-provider-aws_v6.65.0_x5: HTTP Response Received: tf_aws.sdk=aws-sdk-go-v2 http.response.header.server=AmazonEC2 http.response.header.strict_transport_security="max-age=31536000; includeSubDomains" http.response_content_length=594 tf_req_id=dac946b3-4c42-771e-116d-9f68e9db3692 @caller=github.com/hashicorp/aws-sdk-go-base/v2@v2.0.0-beta.73/logging/tf_logger.go:45 @module=aws aws.region=us-east-1 http.duration=1389 http.response.header.cache_control="no-cache, no-store" http.response.header.content_type=text/xml;charset=UTF-8 http.status_code=200
  http.response.body=
  | <?xml version="1.0" encoding="UTF-8"?>
  | <TerminateInstancesResponse xmlns="http://ec2.amazonaws.com/doc/2016-11-15/">
  |     <requestId>3f1cd4a6-5e20-41cd-a959-8f9d1f9e3f46</requestId>
  |     <instancesSet>
  |         <item>
  |             <instanceId>i-0375066a2908bdbaa</instanceId>
  |             <currentState>
  |                 <code>32</code>
  |                 <name>shutting-down</name>
  |             </currentState>
  |             <previousState>
  |                 <code>16</code>
  |                 <name>running</name>
  |             </previousState>
  |         </item>
  |     </instancesSet>
  | </TerminateInstancesResponse>
   http.response.header.date="Mon, 21 Sep 2026 01:51:11 GMT" rpc.system.name=aws-api tf_aws.signing_region="" tf_mux_provider="*schema.GRPCProviderServer" tf_provider_addr=registry.terraform.io/hashicorp/aws tf_resource_type=aws_instance tf_rpc=ApplyResourceChange http.response.header.x_amzn_requestid=3f1cd4a6-5e20-41cd-a959-8f9d1f9e3f46 rpc.method=EC2/TerminateInstances timestamp=2026-09-21T01:51:11.659Z
2026-09-21T01:51:11.663Z [DEBUG] provider.terraform-provider-aws_v6.65.0_x5: HTTP Response Received: http.response.header.content_type=text/xml;charset=UTF-8 http.response.header.server=AmazonEC2 http.response.header.strict_transport_security="max-age=31536000; includeSubDomains" tf_aws.sdk=aws-sdk-go-v2 aws.region=us-east-1 http.duration=1391
  http.response.body=
  | <?xml version="1.0" encoding="UTF-8"?>
  | <TerminateInstancesResponse xmlns="http://ec2.amazonaws.com/doc/2016-11-15/">
  |     <requestId>b98eb1ac-a40f-4b34-a673-6991a6268e24</requestId>
  |     <instancesSet>
  |         <item>
  |             <instanceId>i-0e8c6fb6bc29c8abf</instanceId>
  |             <currentState>
  |                 <code>32</code>
  |                 <name>shutting-down</name>
  |             </currentState>
  |             <previousState>
  |                 <code>16</code>
  |                 <name>running</name>
  |             </previousState>
  |         </item>
  |     </instancesSet>
  | </TerminateInstancesResponse>
   http.response.header.cache_control="no-cache, no-store" http.response.header.date="Mon, 21 Sep 2026 01:51:11 GMT" http.response.header.x_amzn_requestid=b98eb1ac-a40f-4b34-a673-6991a6268e24 http.response_content_length=594 rpc.method=EC2/TerminateInstances http.status_code=200 tf_aws.signing_region="" tf_mux_provider="*schema.GRPCProviderServer" tf_req_id=030c77ff-9bcc-b9b3-f8a8-e339a91d26d9 tf_resource_type=aws_instance tf_rpc=ApplyResourceChange @caller=github.com/hashicorp/aws-sdk-go-base/v2@v2.0.0-beta.73/logging/tf_logger.go:45 @module=aws rpc.system.name=aws-api tf_provider_addr=registry.terraform.io/hashicorp/aws timestamp=2026-09-21T01:51:11.662Z
2026-09-21T01:51:11.667Z [DEBUG] provider.terraform-provider-aws_v6.65.0_x5: HTTP Response Received: tf_req_id=3627060d-9819-2bf5-8e79-1ac5ffef22a0 tf_rpc=ApplyResourceChange tf_mux_provider="*schema.GRPCProviderServer" tf_resource_type=aws_instance @caller=github.com/hashicorp/aws-sdk-go-base/v2@v2.0.0-beta.73/logging/tf_logger.go:45
  http.response.body=
  | <?xml version="1.0" encoding="UTF-8"?>
  | <TerminateInstancesResponse xmlns="http://ec2.amazonaws.com/doc/2016-11-15/">
  |     <requestId>95e138c7-4ba0-4dc8-a2f2-8a5dd1aaab82</requestId>
  |     <instancesSet>
  |         <item>
  |             <instanceId>i-0183c7ae07ebb5fbd</instanceId>
  |             <currentState>
  |                 <code>32</code>
  |                 <name>shutting-down</name>
  |             </currentState>
  |             <previousState>
  |                 <code>16</code>
  |                 <name>running</name>
  |             </previousState>
  |         </item>
  |     </instancesSet>
  | </TerminateInstancesResponse>
   http.response.header.date="Mon, 21 Sep 2026 01:51:11 GMT" http.response.header.x_amzn_requestid=95e138c7-4ba0-4dc8-a2f2-8a5dd1aaab82 http.response_content_length=594 rpc.method=EC2/TerminateInstances rpc.system.name=aws-api http.duration=1396 http.response.header.cache_control="no-cache, no-store" http.response.header.server=AmazonEC2 http.response.header.strict_transport_security="max-age=31536000; includeSubDomains" http.status_code=200 tf_aws.sdk=aws-sdk-go-v2 tf_aws.signing_region="" tf_provider_addr=registry.terraform.io/hashicorp/aws @module=aws aws.region=us-east-1 http.response.header.content_type=text/xml;charset=UTF-8 timestamp=2026-09-21T01:51:11.666Z
2026-09-21T01:51:11.672Z [DEBUG] provider.terraform-provider-aws_v6.65.0_x5: HTTP Response Received: tf_resource_type=aws_iam_user @module=aws http.response.header.x_amzn_requestid=f72b4c1b-4733-445b-9297-db8503998d19 rpc.system.name=aws-api tf_aws.sdk=aws-sdk-go-v2 tf_req_id=1863d4a8-b326-16d0-41d0-b88888771cfd http.response_content_length=200 tf_rpc=ApplyResourceChange aws.region=us-east-1 http.duration=301
  http.response.body=
  | <DeleteUserResponse xmlns="https://iam.amazonaws.com/doc/2010-05-08/">
  |   <ResponseMetadata>
  |     <RequestId>f72b4c1b-4733-445b-9297-db8503998d19</RequestId>
  |   </ResponseMetadata>
  | </DeleteUserResponse>
   http.response.header.date="Mon, 21 Sep 2026 01:51:11 GMT" http.status_code=200 tf_aws.signing_region="" @caller=github.com/hashicorp/aws-sdk-go-base/v2@v2.0.0-beta.73/logging/tf_logger.go:45 http.response.header.content_type=text/xml rpc.method=IAM/DeleteUser tf_mux_provider="*schema.GRPCProviderServer" tf_provider_addr=registry.terraform.io/hashicorp/aws timestamp=2026-09-21T01:51:11.671Z
2026-09-21T01:51:11.690Z [DEBUG] provider.terraform-provider-aws_v6.65.0_x5: HTTP Response Received: http.status_code=200 tf_aws.sdk=aws-sdk-go-v2 tf_aws.signing_region="" tf_rpc=ApplyResourceChange rpc.system.name=aws-api tf_provider_addr=registry.terraform.io/hashicorp/aws aws.region=us-east-1 http.duration=320
  http.response.body=
  | <DeleteUserResponse xmlns="https://iam.amazonaws.com/doc/2010-05-08/">
  |   <ResponseMetadata>
  |     <RequestId>02c22eaa-6f6d-446f-ab62-9657d9327217</RequestId>
  |   </ResponseMetadata>
  | </DeleteUserResponse>
   rpc.method=IAM/DeleteUser http.response.header.content_type=text/xml http.response_content_length=200 tf_mux_provider="*schema.GRPCProviderServer" tf_req_id=40f394ef-9871-2ea6-cade-fa4dab8c98ac tf_resource_type=aws_iam_user @caller=github.com/hashicorp/aws-sdk-go-base/v2@v2.0.0-beta.73/logging/tf_logger.go:45 @module=aws http.response.header.date="Mon, 21 Sep 2026 01:51:11 GMT" http.response.header.x_amzn_requestid=02c22eaa-6f6d-446f-ab62-9657d9327217 timestamp=2026-09-21T01:51:11.689Z
2026-09-21T01:51:11.693Z [DEBUG] State storage *statemgr.Filesystem declined to persist a state snapshot
2026-09-21T01:51:11.709Z [DEBUG] State storage *statemgr.Filesystem declined to persist a state snapshot
2026-09-21T01:51:11.726Z [DEBUG] State storage *statemgr.Filesystem declined to persist a state snapshot
2026-09-21T01:51:21.746Z [DEBUG] provider.terraform-provider-aws_v6.65.0_x5: HTTP Request Sent: tf_provider_addr=registry.terraform.io/hashicorp/aws tf_rpc=ApplyResourceChange http.request.header.amz_sdk_request="attempt=1; max=25; ttl=20260921T021111Z" tf_mux_provider="*schema.GRPCProviderServer" tf_req_id=030c77ff-9bcc-b9b3-f8a8-e339a91d26d9 @caller=github.com/hashicorp/aws-sdk-go-base/v2@v2.0.0-beta.73/logging/tf_logger.go:45
  http.request.body=
  | Action=DescribeInstances&InstanceId.1=i-0e8c6fb6bc29c8abf&Version=2016-11-15
   http.request.header.authorization="AWS4-HMAC-SHA256 Credential=AKIA************HAG5/20260921/us-east-1/ec2/aws4_request, SignedHeaders=amz-sdk-invocation-id;amz-sdk-request;content-length;content-type;host;x-amz-date, Signature=*****" http.request_content_length=76 http.user_agent="APN/1.0 HashiCorp/1.0 Terraform/1.16.3 (+https://www.terraform.io) terraform-provider-aws/6.65.0 (+https://registry.terraform.io/providers/hashicorp/aws) aws-sdk-go-v2/1.47.0 ua/2.1 os/linux lang/go#1.26.6 md/GOOS#linux md/GOARCH#amd64 api/ec2#1.332.0 m/C,n" net.peer.name=ec2.us-east-1.amazonaws.com rpc.system.name=aws-api @module=aws http.request.header.amz_sdk_invocation_id=40f49ffd-3128-4f45-8e22-ced9c28103a8 http.request.header.x_amz_date=20260921T015121Z http.url=https://ec2.us-east-1.amazonaws.com/ tf_aws.signing_region="" tf_resource_type=aws_instance aws.region=us-east-1 http.method=POST http.request.header.content_type=application/x-www-form-urlencoded rpc.method=EC2/DescribeInstances tf_aws.sdk=aws-sdk-go-v2 timestamp=2026-09-21T01:51:21.745Z
2026-09-21T01:51:21.748Z [DEBUG] provider.terraform-provider-aws_v6.65.0_x5: HTTP Request Sent: http.request.header.amz_sdk_invocation_id=1583cc4e-0203-47fc-8fb7-384541722ae8 http.request.header.content_type=application/x-www-form-urlencoded http.user_agent="APN/1.0 HashiCorp/1.0 Terraform/1.16.3 (+https://www.terraform.io) terraform-provider-aws/6.65.0 (+https://registry.terraform.io/providers/hashicorp/aws) aws-sdk-go-v2/1.47.0 ua/2.1 os/linux lang/go#1.26.6 md/GOOS#linux md/GOARCH#amd64 api/ec2#1.332.0 m/C,n" tf_provider_addr=registry.terraform.io/hashicorp/aws tf_req_id=3627060d-9819-2bf5-8e79-1ac5ffef22a0 tf_rpc=ApplyResourceChange @caller=github.com/hashicorp/aws-sdk-go-base/v2@v2.0.0-beta.73/logging/tf_logger.go:45
  http.request.body=
  | Action=DescribeInstances&InstanceId.1=i-0183c7ae07ebb5fbd&Version=2016-11-15
   http.request_content_length=76 http.url=https://ec2.us-east-1.amazonaws.com/ net.peer.name=ec2.us-east-1.amazonaws.com tf_resource_type=aws_instance http.request.header.amz_sdk_request="attempt=1; max=25; ttl=20260921T021111Z" http.request.header.authorization="AWS4-HMAC-SHA256 Credential=AKIA************HAG5/20260921/us-east-1/ec2/aws4_request, SignedHeaders=amz-sdk-invocation-id;amz-sdk-request;content-length;content-type;host;x-amz-date, Signature=*****" rpc.method=EC2/DescribeInstances tf_aws.sdk=aws-sdk-go-v2 @module=aws http.method=POST http.request.header.x_amz_date=20260921T015121Z rpc.system.name=aws-api tf_aws.signing_region="" tf_mux_provider="*schema.GRPCProviderServer" aws.region=us-east-1 timestamp=2026-09-21T01:51:21.745Z
2026-09-21T01:51:21.749Z [DEBUG] provider.terraform-provider-aws_v6.65.0_x5: HTTP Request Sent: http.request_content_length=76 http.request.header.amz_sdk_invocation_id=3d888038-9317-491e-81ca-6cf22960172a http.request.header.amz_sdk_request="attempt=1; max=25; ttl=20260921T021111Z" http.request.header.authorization="AWS4-HMAC-SHA256 Credential=AKIA************HAG5/20260921/us-east-1/ec2/aws4_request, SignedHeaders=amz-sdk-invocation-id;amz-sdk-request;content-length;content-type;host;x-amz-date, Signature=*****" http.request.header.content_type=application/x-www-form-urlencoded tf_req_id=dac946b3-4c42-771e-116d-9f68e9db3692 @caller=github.com/hashicorp/aws-sdk-go-base/v2@v2.0.0-beta.73/logging/tf_logger.go:45 @module=aws aws.region=us-east-1 http.url=https://ec2.us-east-1.amazonaws.com/ net.peer.name=ec2.us-east-1.amazonaws.com rpc.system.name=aws-api tf_resource_type=aws_instance http.method=POST
  http.request.body=
  | Action=DescribeInstances&InstanceId.1=i-0375066a2908bdbaa&Version=2016-11-15
   http.request.header.x_amz_date=20260921T015121Z tf_provider_addr=registry.terraform.io/hashicorp/aws tf_rpc=ApplyResourceChange http.user_agent="APN/1.0 HashiCorp/1.0 Terraform/1.16.3 (+https://www.terraform.io) terraform-provider-aws/6.65.0 (+https://registry.terraform.io/providers/hashicorp/aws) aws-sdk-go-v2/1.47.0 ua/2.1 os/linux lang/go#1.26.6 md/GOOS#linux md/GOARCH#amd64 api/ec2#1.332.0 m/C,n" rpc.method=EC2/DescribeInstances tf_aws.sdk=aws-sdk-go-v2 tf_aws.signing_region="" tf_mux_provider="*schema.GRPCProviderServer" timestamp=2026-09-21T01:51:21.746Z
2026-09-21T01:51:22.090Z [DEBUG] provider.terraform-provider-aws_v6.65.0_x5: HTTP Response Received: http.response.header.content_type=text/xml;charset=UTF-8 http.response.header.vary=accept-encoding http.response.header.x_amzn_requestid=491ec599-32e7-45b8-8ef0-4a68a04f1631 tf_aws.sdk=aws-sdk-go-v2 tf_mux_provider="*schema.GRPCProviderServer" tf_rpc=ApplyResourceChange http.response.header.cache_control="no-cache, no-store" http.status_code=200 rpc.system.name=aws-api tf_provider_addr=registry.terraform.io/hashicorp/aws tf_req_id=3627060d-9819-2bf5-8e79-1ac5ffef22a0 tf_resource_type=aws_instance @caller=github.com/hashicorp/aws-sdk-go-base/v2@v2.0.0-beta.73/logging/tf_logger.go:45 @module=aws rpc.method=EC2/DescribeInstances tf_aws.signing_region="" aws.region=us-east-1
  http.response.body=
  | <?xml version="1.0" encoding="UTF-8"?>
  | <DescribeInstancesResponse xmlns="http://ec2.amazonaws.com/doc/2016-11-15/">
  |     <requestId>491ec599-32e7-45b8-8ef0-4a68a04f1631</requestId>
  |     <reservationSet>
  |         <item>
  |             <reservationId>r-06c016c994fd06c16</reservationId>
  |             <ownerId>020651500156</ownerId>
  |             <groupSet/>
  |             <instancesSet>
  |                 <item>
  |                     <instanceId>i-0183c7ae07ebb5fbd</instanceId>
  |                     <imageId>ami-0354c98ae10b02961</imageId>
  |                     <instanceState>
  |                         <code>32</code>
  |                         <name>shutting-down</name>
  |                     </instanceState>
  |                     <privateDnsName>ip-172-31-44-251.ec2.internal</privateDnsName>
  |                     <publicIpDnsNameOptions>
  |                         <dnsHostnameType>public-ipv4-dns-name</dnsHostnameType>
  |                         <publicIpv4DnsName>ec2-3-94-122-141.compute-1.amazonaws.com</publicIpv4DnsName>
  |                     </publicIpDnsNameOptions>
  |                     <dnsName>ec2-3-94-122-141.compute-1.amazonaws.com</dnsName>
  |                     <reason>User initiated (2026-09-21 01:51:11 GMT)</reason>
  |                     <amiLaunchIndex>0</amiLaunchIndex>
  |                     <productCodes/>
  |                     <operator>
  |                         <managed>false</managed>
  |                         <hiddenByDefault>false</hiddenByDefault>
  |                     </operator>
  |                     <instanceType>t2.small</instanceType>
  |                     <launchTime>2026-09-21T01:42:05.000Z</launchTime>
  |                     <placement>
  |                         <availabilityZone>us-east-1d</availabilityZone>
  |                         <availabilityZoneId>use1-az6</availabilityZoneId>
  |                         <groupName/>
  |                         <tenancy>default</tenancy>
  |                     </placement>
  |                     <monitoring>
  |                         <state>disabled</state>
  |                     </monitoring>
  |                     <subnetId>subnet-0fe2133ba8cb0de6b</subnetId>
  |                     <vpcId>vpc-0cd3652e4e8e18a78</vpcId>
  |                     <privateIpAddress>172.31.44.251</privateIpAddress>
  |                     <ipAddress>3.94.122.141</ipAddress>
  |                     <sourceDestCheck>true</sourceDestCheck>
  |                     <groupSet>
  |                         <item>
  |                             <groupId>sg-0d4ecf989cb68563d</groupId>
  |                             <groupName>default</groupName>
  |                         </item>
  |                     </groupSet>
  |                     <stateReason>
  |                         <code>Client.UserInitiatedShutdown</code>
  |                         <message>Client.UserInitiatedShutdown: User initiated shutdown</message>
  |                     </stateReason>
  |                     <architecture>x86_64</architecture>
  |                     <rootDeviceType>ebs</rootDeviceType>
  |                     <rootDeviceName>/dev/xvda</rootDeviceName>
  |                     <blockDeviceMapping>
  |                         <item>
  |                             <deviceName>/dev/xvda</deviceName>
  |                             <ebs>
  |                                 <volumeId>vol-0bd946803324d5486</volumeId>
  |                                 <status>attached</status>
  |                                 <attachTime>2026-09-21T01:42:06.000Z</attachTime>
  |                                 <deleteOnTermination>true</deleteOnTermination>
  |                                 <ebsCardIndex>0</ebsCardIndex>
  |                             </ebs>
  |                         </item>
  |                     </blockDeviceMapping>
  |                     <virtualizationType>hvm</virtualizationType>
  |                     <clientToken>terraform-IJVRgnVuhY9SVT61RlerBNeh0N</clientToken>
  |                     <tagSet>
  |                         <item>
  |                             <key>Name</key>
  |                             <value>Worker_Node_0</value>
  |                         </item>
  |                     </tagSet>
  |                     <hypervisor>xen</hypervisor>
  |                     <networkInterfaceSet>
  |                         <item>
  | [truncated...]
   http.response.header.date="Mon, 21 Sep 2026 01:51:22 GMT" http.response.header.server=AmazonEC2 http.response.header.strict_transport_security="max-age=31536000; includeSubDomains" http.duration=341 timestamp=2026-09-21T01:51:22.089Z
2026-09-21T01:51:22.092Z [DEBUG] provider.terraform-provider-aws_v6.65.0_x5: HTTP Response Received: rpc.system.name=aws-api tf_resource_type=aws_instance tf_rpc=ApplyResourceChange @caller=github.com/hashicorp/aws-sdk-go-base/v2@v2.0.0-beta.73/logging/tf_logger.go:45 http.duration=341 http.response.header.cache_control="no-cache, no-store" http.status_code=200 tf_aws.sdk=aws-sdk-go-v2 tf_mux_provider="*schema.GRPCProviderServer" tf_provider_addr=registry.terraform.io/hashicorp/aws aws.region=us-east-1 http.response.header.content_type=text/xml;charset=UTF-8 http.response.header.date="Mon, 21 Sep 2026 01:51:22 GMT" http.response.header.server=AmazonEC2 rpc.method=EC2/DescribeInstances
  http.response.body=
  | <?xml version="1.0" encoding="UTF-8"?>
  | <DescribeInstancesResponse xmlns="http://ec2.amazonaws.com/doc/2016-11-15/">
  |     <requestId>3dd39075-f674-4d71-bae0-fae93a3ac270</requestId>
  |     <reservationSet>
  |         <item>
  |             <reservationId>r-0fcb516657a4a2cae</reservationId>
  |             <ownerId>020651500156</ownerId>
  |             <groupSet/>
  |             <instancesSet>
  |                 <item>
  |                     <instanceId>i-0e8c6fb6bc29c8abf</instanceId>
  |                     <imageId>ami-0354c98ae10b02961</imageId>
  |                     <instanceState>
  |                         <code>32</code>
  |                         <name>shutting-down</name>
  |                     </instanceState>
  |                     <privateDnsName>ip-172-31-46-127.ec2.internal</privateDnsName>
  |                     <publicIpDnsNameOptions>
  |                         <dnsHostnameType>public-ipv4-dns-name</dnsHostnameType>
  |                         <publicIpv4DnsName>ec2-52-90-225-206.compute-1.amazonaws.com</publicIpv4DnsName>
  |                     </publicIpDnsNameOptions>
  |                     <dnsName>ec2-52-90-225-206.compute-1.amazonaws.com</dnsName>
  |                     <reason>User initiated (2026-09-21 01:51:11 GMT)</reason>
  |                     <amiLaunchIndex>0</amiLaunchIndex>
  |                     <productCodes/>
  |                     <operator>
  |                         <managed>false</managed>
  |                         <hiddenByDefault>false</hiddenByDefault>
  |                     </operator>
  |                     <instanceType>t2.small</instanceType>
  |                     <launchTime>2026-09-21T01:42:05.000Z</launchTime>
  |                     <placement>
  |                         <availabilityZone>us-east-1d</availabilityZone>
  |                         <availabilityZoneId>use1-az6</availabilityZoneId>
  |                         <groupName/>
  |                         <tenancy>default</tenancy>
  |                     </placement>
  |                     <monitoring>
  |                         <state>disabled</state>
  |                     </monitoring>
  |                     <subnetId>subnet-0fe2133ba8cb0de6b</subnetId>
  |                     <vpcId>vpc-0cd3652e4e8e18a78</vpcId>
  |                     <privateIpAddress>172.31.46.127</privateIpAddress>
  |                     <ipAddress>52.90.225.206</ipAddress>
  |                     <sourceDestCheck>true</sourceDestCheck>
  |                     <groupSet>
  |                         <item>
  |                             <groupId>sg-0d4ecf989cb68563d</groupId>
  |                             <groupName>default</groupName>
  |                         </item>
  |                     </groupSet>
  |                     <stateReason>
  |                         <code>Client.UserInitiatedShutdown</code>
  |                         <message>Client.UserInitiatedShutdown: User initiated shutdown</message>
  |                     </stateReason>
  |                     <architecture>x86_64</architecture>
  |                     <rootDeviceType>ebs</rootDeviceType>
  |                     <rootDeviceName>/dev/xvda</rootDeviceName>
  |                     <blockDeviceMapping>
  |                         <item>
  |                             <deviceName>/dev/xvda</deviceName>
  |                             <ebs>
  |                                 <volumeId>vol-048d29dd3f365fea0</volumeId>
  |                                 <status>attached</status>
  |                                 <attachTime>2026-09-21T01:42:06.000Z</attachTime>
  |                                 <deleteOnTermination>true</deleteOnTermination>
  |                                 <ebsCardIndex>0</ebsCardIndex>
  |                             </ebs>
  |                         </item>
  |                     </blockDeviceMapping>
  |                     <virtualizationType>hvm</virtualizationType>
  |                     <clientToken>terraform-kydvLdroQ3xvQIfkGNp0kzuyxA</clientToken>
  |                     <tagSet>
  |                         <item>
  |                             <key>Name</key>
  |                             <value>Worker_Node_2</value>
  |                         </item>
  |                     </tagSet>
  |                     <hypervisor>xen</hypervisor>
  |                     <networkInterfaceSet>
  |                         <item>
  | [truncated...]
   http.response.header.strict_transport_security="max-age=31536000; includeSubDomains" http.response.header.x_amzn_requestid=3dd39075-f674-4d71-bae0-fae93a3ac270 tf_aws.signing_region="" tf_req_id=030c77ff-9bcc-b9b3-f8a8-e339a91d26d9 @module=aws http.response.header.vary=accept-encoding timestamp=2026-09-21T01:51:22.090Z
2026-09-21T01:51:22.099Z [DEBUG] provider.terraform-provider-aws_v6.65.0_x5: HTTP Response Received: @module=aws aws.region=us-east-1 http.duration=349 http.response.header.date="Mon, 21 Sep 2026 01:51:22 GMT" @caller=github.com/hashicorp/aws-sdk-go-base/v2@v2.0.0-beta.73/logging/tf_logger.go:45 http.response.header.strict_transport_security="max-age=31536000; includeSubDomains" tf_req_id=dac946b3-4c42-771e-116d-9f68e9db3692 tf_rpc=ApplyResourceChange
  http.response.body=
  | <?xml version="1.0" encoding="UTF-8"?>
  | <DescribeInstancesResponse xmlns="http://ec2.amazonaws.com/doc/2016-11-15/">
  |     <requestId>668bc98b-0679-4e13-938b-d20e9914d300</requestId>
  |     <reservationSet>
  |         <item>
  |             <reservationId>r-01a1aa503c7edd071</reservationId>
  |             <ownerId>020651500156</ownerId>
  |             <groupSet/>
  |             <instancesSet>
  |                 <item>
  |                     <instanceId>i-0375066a2908bdbaa</instanceId>
  |                     <imageId>ami-0354c98ae10b02961</imageId>
  |                     <instanceState>
  |                         <code>32</code>
  |                         <name>shutting-down</name>
  |                     </instanceState>
  |                     <privateDnsName>ip-172-31-43-195.ec2.internal</privateDnsName>
  |                     <publicIpDnsNameOptions>
  |                         <dnsHostnameType>public-ipv4-dns-name</dnsHostnameType>
  |                         <publicIpv4DnsName>ec2-54-147-233-91.compute-1.amazonaws.com</publicIpv4DnsName>
  |                     </publicIpDnsNameOptions>
  |                     <dnsName>ec2-54-147-233-91.compute-1.amazonaws.com</dnsName>
  |                     <reason>User initiated (2026-09-21 01:51:11 GMT)</reason>
  |                     <amiLaunchIndex>0</amiLaunchIndex>
  |                     <productCodes/>
  |                     <operator>
  |                         <managed>false</managed>
  |                         <hiddenByDefault>false</hiddenByDefault>
  |                     </operator>
  |                     <instanceType>t2.small</instanceType>
  |                     <launchTime>2026-09-21T01:42:05.000Z</launchTime>
  |                     <placement>
  |                         <availabilityZone>us-east-1d</availabilityZone>
  |                         <availabilityZoneId>use1-az6</availabilityZoneId>
  |                         <groupName/>
  |                         <tenancy>default</tenancy>
  |                     </placement>
  |                     <monitoring>
  |                         <state>disabled</state>
  |                     </monitoring>
  |                     <subnetId>subnet-0fe2133ba8cb0de6b</subnetId>
  |                     <vpcId>vpc-0cd3652e4e8e18a78</vpcId>
  |                     <privateIpAddress>172.31.43.195</privateIpAddress>
  |                     <ipAddress>54.147.233.91</ipAddress>
  |                     <sourceDestCheck>true</sourceDestCheck>
  |                     <groupSet>
  |                         <item>
  |                             <groupId>sg-0d4ecf989cb68563d</groupId>
  |                             <groupName>default</groupName>
  |                         </item>
  |                     </groupSet>
  |                     <stateReason>
  |                         <code>Client.UserInitiatedShutdown</code>
  |                         <message>Client.UserInitiatedShutdown: User initiated shutdown</message>
  |                     </stateReason>
  |                     <architecture>x86_64</architecture>
  |                     <rootDeviceType>ebs</rootDeviceType>
  |                     <rootDeviceName>/dev/xvda</rootDeviceName>
  |                     <blockDeviceMapping>
  |                         <item>
  |                             <deviceName>/dev/xvda</deviceName>
  |                             <ebs>
  |                                 <volumeId>vol-0682103a1626de428</volumeId>
  |                                 <status>attached</status>
  |                                 <attachTime>2026-09-21T01:42:06.000Z</attachTime>
  |                                 <deleteOnTermination>true</deleteOnTermination>
  |                                 <ebsCardIndex>0</ebsCardIndex>
  |                             </ebs>
  |                         </item>
  |                     </blockDeviceMapping>
  |                     <virtualizationType>hvm</virtualizationType>
  |                     <clientToken>terraform-jdbGfTvfKkLT17SOqZh82uiHS9</clientToken>
  |                     <tagSet>
  |                         <item>
  |                             <key>Name</key>
  |                             <value>Worker_Node_1</value>
  |                         </item>
  |                     </tagSet>
  |                     <hypervisor>xen</hypervisor>
  |                     <networkInterfaceSet>
  |                         <item>
  | [truncated...]
   http.response.header.cache_control="no-cache, no-store" http.response.header.content_type=text/xml;charset=UTF-8 http.response.header.x_amzn_requestid=668bc98b-0679-4e13-938b-d20e9914d300 http.status_code=200 rpc.system.name=aws-api tf_aws.signing_region="" tf_provider_addr=registry.terraform.io/hashicorp/aws rpc.method=EC2/DescribeInstances tf_aws.sdk=aws-sdk-go-v2 tf_mux_provider="*schema.GRPCProviderServer" tf_resource_type=aws_instance http.response.header.server=AmazonEC2 http.response.header.vary=accept-encoding timestamp=2026-09-21T01:51:22.097Z
2026-09-21T01:51:25.141Z [DEBUG] provider.terraform-provider-aws_v6.65.0_x5: HTTP Request Sent: tf_req_id=030c77ff-9bcc-b9b3-f8a8-e339a91d26d9 aws.region=us-east-1 http.method=POST http.request_content_length=76 net.peer.name=ec2.us-east-1.amazonaws.com tf_resource_type=aws_instance tf_rpc=ApplyResourceChange @module=aws rpc.method=EC2/DescribeInstances @caller=github.com/hashicorp/aws-sdk-go-base/v2@v2.0.0-beta.73/logging/tf_logger.go:45
  http.request.body=
  | Action=DescribeInstances&InstanceId.1=i-0e8c6fb6bc29c8abf&Version=2016-11-15
   http.request.header.amz_sdk_request="attempt=1; max=25; ttl=20260921T021111Z" http.request.header.x_amz_date=20260921T015125Z http.url=https://ec2.us-east-1.amazonaws.com/ http.user_agent="APN/1.0 HashiCorp/1.0 Terraform/1.16.3 (+https://www.terraform.io) terraform-provider-aws/6.65.0 (+https://registry.terraform.io/providers/hashicorp/aws) aws-sdk-go-v2/1.47.0 ua/2.1 os/linux lang/go#1.26.6 md/GOOS#linux md/GOARCH#amd64 api/ec2#1.332.0 m/C,n" rpc.system.name=aws-api tf_aws.signing_region="" http.request.header.amz_sdk_invocation_id=13c7e717-2861-4b1c-bd88-bd35449c777a http.request.header.authorization="AWS4-HMAC-SHA256 Credential=AKIA************HAG5/20260921/us-east-1/ec2/aws4_request, SignedHeaders=amz-sdk-invocation-id;amz-sdk-request;content-length;content-type;host;x-amz-date, Signature=*****" http.request.header.content_type=application/x-www-form-urlencoded tf_aws.sdk=aws-sdk-go-v2 tf_mux_provider="*schema.GRPCProviderServer" tf_provider_addr=registry.terraform.io/hashicorp/aws timestamp=2026-09-21T01:51:25.140Z
2026-09-21T01:51:25.143Z [DEBUG] provider.terraform-provider-aws_v6.65.0_x5: HTTP Request Sent: tf_provider_addr=registry.terraform.io/hashicorp/aws tf_req_id=3627060d-9819-2bf5-8e79-1ac5ffef22a0 tf_resource_type=aws_instance @caller=github.com/hashicorp/aws-sdk-go-base/v2@v2.0.0-beta.73/logging/tf_logger.go:45
  http.request.body=
  | Action=DescribeInstances&InstanceId.1=i-0183c7ae07ebb5fbd&Version=2016-11-15
   http.request.header.amz_sdk_request="attempt=1; max=25; ttl=20260921T021111Z" http.request_content_length=76 net.peer.name=ec2.us-east-1.amazonaws.com rpc.method=EC2/DescribeInstances aws.region=us-east-1 http.method=POST http.request.header.authorization="AWS4-HMAC-SHA256 Credential=AKIA************HAG5/20260921/us-east-1/ec2/aws4_request, SignedHeaders=amz-sdk-invocation-id;amz-sdk-request;content-length;content-type;host;x-amz-date, Signature=*****" http.url=https://ec2.us-east-1.amazonaws.com/ rpc.system.name=aws-api tf_aws.sdk=aws-sdk-go-v2 tf_aws.signing_region="" http.request.header.x_amz_date=20260921T015125Z tf_rpc=ApplyResourceChange @module=aws http.request.header.amz_sdk_invocation_id=d4ba32b2-984e-402b-9764-6b5cf491aab1 http.request.header.content_type=application/x-www-form-urlencoded http.user_agent="APN/1.0 HashiCorp/1.0 Terraform/1.16.3 (+https://www.terraform.io) terraform-provider-aws/6.65.0 (+https://registry.terraform.io/providers/hashicorp/aws) aws-sdk-go-v2/1.47.0 ua/2.1 os/linux lang/go#1.26.6 md/GOOS#linux md/GOARCH#amd64 api/ec2#1.332.0 m/C,n" tf_mux_provider="*schema.GRPCProviderServer" timestamp=2026-09-21T01:51:25.140Z
2026-09-21T01:51:25.144Z [DEBUG] provider.terraform-provider-aws_v6.65.0_x5: HTTP Request Sent: tf_aws.signing_region="" @module=aws http.request.header.amz_sdk_invocation_id=ea55fbb6-8052-42b2-9f52-7432b05260d2 http.url=https://ec2.us-east-1.amazonaws.com/ tf_mux_provider="*schema.GRPCProviderServer" tf_req_id=dac946b3-4c42-771e-116d-9f68e9db3692 tf_resource_type=aws_instance http.request.header.x_amz_date=20260921T015125Z net.peer.name=ec2.us-east-1.amazonaws.com rpc.method=EC2/DescribeInstances tf_rpc=ApplyResourceChange http.method=POST http.request_content_length=76 http.user_agent="APN/1.0 HashiCorp/1.0 Terraform/1.16.3 (+https://www.terraform.io) terraform-provider-aws/6.65.0 (+https://registry.terraform.io/providers/hashicorp/aws) aws-sdk-go-v2/1.47.0 ua/2.1 os/linux lang/go#1.26.6 md/GOOS#linux md/GOARCH#amd64 api/ec2#1.332.0 m/C,n" rpc.system.name=aws-api tf_provider_addr=registry.terraform.io/hashicorp/aws @caller=github.com/hashicorp/aws-sdk-go-base/v2@v2.0.0-beta.73/logging/tf_logger.go:45 aws.region=us-east-1
  http.request.body=
  | Action=DescribeInstances&InstanceId.1=i-0375066a2908bdbaa&Version=2016-11-15
   http.request.header.amz_sdk_request="attempt=1; max=25; ttl=20260921T021111Z" http.request.header.authorization="AWS4-HMAC-SHA256 Credential=AKIA************HAG5/20260921/us-east-1/ec2/aws4_request, SignedHeaders=amz-sdk-invocation-id;amz-sdk-request;content-length;content-type;host;x-amz-date, Signature=*****" http.request.header.content_type=application/x-www-form-urlencoded tf_aws.sdk=aws-sdk-go-v2 timestamp=2026-09-21T01:51:25.141Z
2026-09-21T01:51:25.447Z [DEBUG] provider.terraform-provider-aws_v6.65.0_x5: HTTP Response Received: @module=aws http.duration=304
  http.response.body=
  | <?xml version="1.0" encoding="UTF-8"?>
  | <DescribeInstancesResponse xmlns="http://ec2.amazonaws.com/doc/2016-11-15/">
  |     <requestId>c8fa283d-6d32-4b54-ae06-f273f2e4ed6c</requestId>
  |     <reservationSet>
  |         <item>
  |             <reservationId>r-0fcb516657a4a2cae</reservationId>
  |             <ownerId>020651500156</ownerId>
  |             <groupSet/>
  |             <instancesSet>
  |                 <item>
  |                     <instanceId>i-0e8c6fb6bc29c8abf</instanceId>
  |                     <imageId>ami-0354c98ae10b02961</imageId>
  |                     <instanceState>
  |                         <code>32</code>
  |                         <name>shutting-down</name>
  |                     </instanceState>
  |                     <privateDnsName/>
  |                     <dnsName/>
  |                     <reason>User initiated (2026-09-21 01:51:11 GMT)</reason>
  |                     <amiLaunchIndex>0</amiLaunchIndex>
  |                     <productCodes/>
  |                     <operator>
  |                         <managed>false</managed>
  |                         <hiddenByDefault>false</hiddenByDefault>
  |                     </operator>
  |                     <instanceType>t2.small</instanceType>
  |                     <launchTime>2026-09-21T01:42:05.000Z</launchTime>
  |                     <placement>
  |                         <availabilityZone>us-east-1d</availabilityZone>
  |                         <availabilityZoneId>use1-az6</availabilityZoneId>
  |                         <groupName/>
  |                         <tenancy>default</tenancy>
  |                     </placement>
  |                     <monitoring>
  |                         <state>disabled</state>
  |                     </monitoring>
  |                     <groupSet/>
  |                     <stateReason>
  |                         <code>Client.UserInitiatedShutdown</code>
  |                         <message>Client.UserInitiatedShutdown: User initiated shutdown</message>
  |                     </stateReason>
  |                     <architecture>x86_64</architecture>
  |                     <rootDeviceType>ebs</rootDeviceType>
  |                     <rootDeviceName>/dev/xvda</rootDeviceName>
  |                     <blockDeviceMapping/>
  |                     <virtualizationType>hvm</virtualizationType>
  |                     <clientToken>terraform-kydvLdroQ3xvQIfkGNp0kzuyxA</clientToken>
  |                     <tagSet>
  |                         <item>
  |                             <key>Name</key>
  |                             <value>Worker_Node_2</value>
  |                         </item>
  |                     </tagSet>
  |                     <hypervisor>xen</hypervisor>
  |                     <networkInterfaceSet/>
  |                     <secondaryInterfaceSet/>
  |                     <ebsOptimized>false</ebsOptimized>
  |                     <enaSupport>true</enaSupport>
  |                     <cpuOptions>
  |                         <coreCount>1</coreCount>
  |                         <threadsPerCore>1</threadsPerCore>
  |                     </cpuOptions>
  |                     <capacityReservationSpecification>
  |                         <capacityReservationPreference>open</capacityReservationPreference>
  |                     </capacityReservationSpecification>
  |                     <hibernationOptions>
  |                         <configured>false</configured>
  |                     </hibernationOptions>
  |                     <enclaveOptions>
  |                         <enabled>false</enabled>
  |                     </enclaveOptions>
  |                     <metadataOptions>
  |                         <state>pending</state>
  |                         <httpTokens>required</httpTokens>
  |                         <httpPutResponseHopLimit>2</httpPutResponseHopLimit>
  |                         <httpEndpoint>enabled</httpEndpoint>
  |                         <httpProtocolIpv4>enabled</httpProtocolIpv4>
  |                         <httpProtocolIpv6>disabled</httpProtocolIpv6>
  |                         <instanceMetadataTags>disabled</instanceMetadataTags>
  |                     </metadataOptions>
  |                     <maintenanceOptions>
  |                         <autoRecovery>default</autoRecovery>
  |                         <rebootMigration>default</rebootMigration>
  |                     </maintenanceOptions>
  | [truncated...]
   http.response.header.content_type=text/xml;charset=UTF-8 http.response.header.date="Mon, 21 Sep 2026 01:51:25 GMT" http.response.header.vary=accept-encoding tf_aws.sdk=aws-sdk-go-v2 http.response.header.cache_control="no-cache, no-store" http.response.header.server=AmazonEC2 tf_aws.signing_region="" tf_provider_addr=registry.terraform.io/hashicorp/aws tf_req_id=030c77ff-9bcc-b9b3-f8a8-e339a91d26d9 http.response.header.x_amzn_requestid=c8fa283d-6d32-4b54-ae06-f273f2e4ed6c http.status_code=200 tf_mux_provider="*schema.GRPCProviderServer" tf_rpc=ApplyResourceChange @caller=github.com/hashicorp/aws-sdk-go-base/v2@v2.0.0-beta.73/logging/tf_logger.go:45 aws.region=us-east-1 http.response.header.strict_transport_security="max-age=31536000; includeSubDomains" rpc.method=EC2/DescribeInstances rpc.system.name=aws-api tf_resource_type=aws_instance timestamp=2026-09-21T01:51:25.445Z
2026-09-21T01:51:25.478Z [DEBUG] provider.terraform-provider-aws_v6.65.0_x5: HTTP Response Received: aws.region=us-east-1 http.response.header.cache_control="no-cache, no-store" http.response.header.vary=accept-encoding http.response.header.x_amzn_requestid=f3e7d4e6-18d1-4819-8969-f982dde4b0a0 http.status_code=200 tf_aws.sdk=aws-sdk-go-v2 tf_provider_addr=registry.terraform.io/hashicorp/aws @caller=github.com/hashicorp/aws-sdk-go-base/v2@v2.0.0-beta.73/logging/tf_logger.go:45 http.response.header.content_type=text/xml;charset=UTF-8 rpc.method=EC2/DescribeInstances http.duration=334
  http.response.body=
  | <?xml version="1.0" encoding="UTF-8"?>
  | <DescribeInstancesResponse xmlns="http://ec2.amazonaws.com/doc/2016-11-15/">
  |     <requestId>f3e7d4e6-18d1-4819-8969-f982dde4b0a0</requestId>
  |     <reservationSet>
  |         <item>
  |             <reservationId>r-06c016c994fd06c16</reservationId>
  |             <ownerId>020651500156</ownerId>
  |             <groupSet/>
  |             <instancesSet>
  |                 <item>
  |                     <instanceId>i-0183c7ae07ebb5fbd</instanceId>
  |                     <imageId>ami-0354c98ae10b02961</imageId>
  |                     <instanceState>
  |                         <code>32</code>
  |                         <name>shutting-down</name>
  |                     </instanceState>
  |                     <privateDnsName>ip-172-31-44-251.ec2.internal</privateDnsName>
  |                     <publicIpDnsNameOptions>
  |                         <dnsHostnameType>public-ipv4-dns-name</dnsHostnameType>
  |                         <publicIpv4DnsName>ec2-3-94-122-141.compute-1.amazonaws.com</publicIpv4DnsName>
  |                     </publicIpDnsNameOptions>
  |                     <dnsName>ec2-3-94-122-141.compute-1.amazonaws.com</dnsName>
  |                     <reason>User initiated (2026-09-21 01:51:11 GMT)</reason>
  |                     <amiLaunchIndex>0</amiLaunchIndex>
  |                     <productCodes/>
  |                     <operator>
  |                         <managed>false</managed>
  |                         <hiddenByDefault>false</hiddenByDefault>
  |                     </operator>
  |                     <instanceType>t2.small</instanceType>
  |                     <launchTime>2026-09-21T01:42:05.000Z</launchTime>
  |                     <placement>
  |                         <availabilityZone>us-east-1d</availabilityZone>
  |                         <availabilityZoneId>use1-az6</availabilityZoneId>
  |                         <groupName/>
  |                         <tenancy>default</tenancy>
  |                     </placement>
  |                     <monitoring>
  |                         <state>disabled</state>
  |                     </monitoring>
  |                     <subnetId>subnet-0fe2133ba8cb0de6b</subnetId>
  |                     <vpcId>vpc-0cd3652e4e8e18a78</vpcId>
  |                     <privateIpAddress>172.31.44.251</privateIpAddress>
  |                     <ipAddress>3.94.122.141</ipAddress>
  |                     <sourceDestCheck>true</sourceDestCheck>
  |                     <groupSet>
  |                         <item>
  |                             <groupId>sg-0d4ecf989cb68563d</groupId>
  |                             <groupName>default</groupName>
  |                         </item>
  |                     </groupSet>
  |                     <stateReason>
  |                         <code>Client.UserInitiatedShutdown</code>
  |                         <message>Client.UserInitiatedShutdown: User initiated shutdown</message>
  |                     </stateReason>
  |                     <architecture>x86_64</architecture>
  |                     <rootDeviceType>ebs</rootDeviceType>
  |                     <rootDeviceName>/dev/xvda</rootDeviceName>
  |                     <blockDeviceMapping>
  |                         <item>
  |                             <deviceName>/dev/xvda</deviceName>
  |                             <ebs>
  |                                 <volumeId>vol-0bd946803324d5486</volumeId>
  |                                 <status>attached</status>
  |                                 <attachTime>2026-09-21T01:42:06.000Z</attachTime>
  |                                 <deleteOnTermination>true</deleteOnTermination>
  |                                 <ebsCardIndex>0</ebsCardIndex>
  |                             </ebs>
  |                         </item>
  |                     </blockDeviceMapping>
  |                     <virtualizationType>hvm</virtualizationType>
  |                     <clientToken>terraform-IJVRgnVuhY9SVT61RlerBNeh0N</clientToken>
  |                     <tagSet>
  |                         <item>
  |                             <key>Name</key>
  |                             <value>Worker_Node_0</value>
  |                         </item>
  |                     </tagSet>
  |                     <hypervisor>xen</hypervisor>
  |                     <networkInterfaceSet>
  |                         <item>
  | [truncated...]
   http.response.header.date="Mon, 21 Sep 2026 01:51:25 GMT" http.response.header.strict_transport_security="max-age=31536000; includeSubDomains" rpc.system.name=aws-api tf_mux_provider="*schema.GRPCProviderServer" tf_req_id=3627060d-9819-2bf5-8e79-1ac5ffef22a0 @module=aws http.response.header.server=AmazonEC2 tf_aws.signing_region="" tf_resource_type=aws_instance tf_rpc=ApplyResourceChange timestamp=2026-09-21T01:51:25.477Z
2026-09-21T01:51:25.485Z [DEBUG] provider.terraform-provider-aws_v6.65.0_x5: HTTP Response Received: tf_req_id=dac946b3-4c42-771e-116d-9f68e9db3692 http.response.header.cache_control="no-cache, no-store" http.response.header.content_type=text/xml;charset=UTF-8 tf_mux_provider="*schema.GRPCProviderServer" tf_resource_type=aws_instance aws.region=us-east-1 http.response.header.date="Mon, 21 Sep 2026 01:51:25 GMT" http.response.header.strict_transport_security="max-age=31536000; includeSubDomains" http.response.header.vary=accept-encoding http.status_code=200 tf_aws.sdk=aws-sdk-go-v2 tf_provider_addr=registry.terraform.io/hashicorp/aws @module=aws http.response.header.server=AmazonEC2 http.response.header.x_amzn_requestid=5ac2ebb4-2fc2-4b19-9ba0-485faa52190c rpc.method=EC2/DescribeInstances rpc.system.name=aws-api tf_rpc=ApplyResourceChange @caller=github.com/hashicorp/aws-sdk-go-base/v2@v2.0.0-beta.73/logging/tf_logger.go:45 http.duration=340
  http.response.body=
  | <?xml version="1.0" encoding="UTF-8"?>
  | <DescribeInstancesResponse xmlns="http://ec2.amazonaws.com/doc/2016-11-15/">
  |     <requestId>5ac2ebb4-2fc2-4b19-9ba0-485faa52190c</requestId>
  |     <reservationSet>
  |         <item>
  |             <reservationId>r-01a1aa503c7edd071</reservationId>
  |             <ownerId>020651500156</ownerId>
  |             <groupSet/>
  |             <instancesSet>
  |                 <item>
  |                     <instanceId>i-0375066a2908bdbaa</instanceId>
  |                     <imageId>ami-0354c98ae10b02961</imageId>
  |                     <instanceState>
  |                         <code>32</code>
  |                         <name>shutting-down</name>
  |                     </instanceState>
  |                     <privateDnsName>ip-172-31-43-195.ec2.internal</privateDnsName>
  |                     <publicIpDnsNameOptions>
  |                         <dnsHostnameType>public-ipv4-dns-name</dnsHostnameType>
  |                         <publicIpv4DnsName>ec2-54-147-233-91.compute-1.amazonaws.com</publicIpv4DnsName>
  |                     </publicIpDnsNameOptions>
  |                     <dnsName>ec2-54-147-233-91.compute-1.amazonaws.com</dnsName>
  |                     <reason>User initiated (2026-09-21 01:51:11 GMT)</reason>
  |                     <amiLaunchIndex>0</amiLaunchIndex>
  |                     <productCodes/>
  |                     <operator>
  |                         <managed>false</managed>
  |                         <hiddenByDefault>false</hiddenByDefault>
  |                     </operator>
  |                     <instanceType>t2.small</instanceType>
  |                     <launchTime>2026-09-21T01:42:05.000Z</launchTime>
  |                     <placement>
  |                         <availabilityZone>us-east-1d</availabilityZone>
  |                         <availabilityZoneId>use1-az6</availabilityZoneId>
  |                         <groupName/>
  |                         <tenancy>default</tenancy>
  |                     </placement>
  |                     <monitoring>
  |                         <state>disabled</state>
  |                     </monitoring>
  |                     <subnetId>subnet-0fe2133ba8cb0de6b</subnetId>
  |                     <vpcId>vpc-0cd3652e4e8e18a78</vpcId>
  |                     <privateIpAddress>172.31.43.195</privateIpAddress>
  |                     <ipAddress>54.147.233.91</ipAddress>
  |                     <sourceDestCheck>true</sourceDestCheck>
  |                     <groupSet>
  |                         <item>
  |                             <groupId>sg-0d4ecf989cb68563d</groupId>
  |                             <groupName>default</groupName>
  |                         </item>
  |                     </groupSet>
  |                     <stateReason>
  |                         <code>Client.UserInitiatedShutdown</code>
  |                         <message>Client.UserInitiatedShutdown: User initiated shutdown</message>
  |                     </stateReason>
  |                     <architecture>x86_64</architecture>
  |                     <rootDeviceType>ebs</rootDeviceType>
  |                     <rootDeviceName>/dev/xvda</rootDeviceName>
  |                     <blockDeviceMapping>
  |                         <item>
  |                             <deviceName>/dev/xvda</deviceName>
  |                             <ebs>
  |                                 <volumeId>vol-0682103a1626de428</volumeId>
  |                                 <status>attached</status>
  |                                 <attachTime>2026-09-21T01:42:06.000Z</attachTime>
  |                                 <deleteOnTermination>true</deleteOnTermination>
  |                                 <ebsCardIndex>0</ebsCardIndex>
  |                             </ebs>
  |                         </item>
  |                     </blockDeviceMapping>
  |                     <virtualizationType>hvm</virtualizationType>
  |                     <clientToken>terraform-jdbGfTvfKkLT17SOqZh82uiHS9</clientToken>
  |                     <tagSet>
  |                         <item>
  |                             <key>Name</key>
  |                             <value>Worker_Node_1</value>
  |                         </item>
  |                     </tagSet>
  |                     <hypervisor>xen</hypervisor>
  |                     <networkInterfaceSet>
  |                         <item>
  | [truncated...]
   tf_aws.signing_region="" timestamp=2026-09-21T01:51:25.483Z
2026-09-21T01:51:31.452Z [DEBUG] provider.terraform-provider-aws_v6.65.0_x5: HTTP Request Sent: http.request_content_length=76 net.peer.name=ec2.us-east-1.amazonaws.com @caller=github.com/hashicorp/aws-sdk-go-base/v2@v2.0.0-beta.73/logging/tf_logger.go:45 @module=aws http.method=POST http.request.header.content_type=application/x-www-form-urlencoded http.user_agent="APN/1.0 HashiCorp/1.0 Terraform/1.16.3 (+https://www.terraform.io) terraform-provider-aws/6.65.0 (+https://registry.terraform.io/providers/hashicorp/aws) aws-sdk-go-v2/1.47.0 ua/2.1 os/linux lang/go#1.26.6 md/GOOS#linux md/GOARCH#amd64 api/ec2#1.332.0 m/C,n" tf_mux_provider="*schema.GRPCProviderServer" tf_resource_type=aws_instance http.request.header.amz_sdk_invocation_id=c9ea4acb-7a4d-4701-8fa9-77345ac72bb9 http.request.header.authorization="AWS4-HMAC-SHA256 Credential=AKIA************HAG5/20260921/us-east-1/ec2/aws4_request, SignedHeaders=amz-sdk-invocation-id;amz-sdk-request;content-length;content-type;host;x-amz-date, Signature=*****" http.url=https://ec2.us-east-1.amazonaws.com/ rpc.system.name=aws-api tf_aws.sdk=aws-sdk-go-v2 tf_provider_addr=registry.terraform.io/hashicorp/aws tf_req_id=030c77ff-9bcc-b9b3-f8a8-e339a91d26d9 tf_rpc=ApplyResourceChange aws.region=us-east-1
  http.request.body=
  | Action=DescribeInstances&InstanceId.1=i-0e8c6fb6bc29c8abf&Version=2016-11-15
   http.request.header.amz_sdk_request="attempt=1; max=25" http.request.header.x_amz_date=20260921T015131Z rpc.method=EC2/DescribeInstances tf_aws.signing_region="" timestamp=2026-09-21T01:51:31.452Z
2026-09-21T01:51:31.481Z [DEBUG] provider.terraform-provider-aws_v6.65.0_x5: HTTP Request Sent: rpc.system.name=aws-api tf_mux_provider="*schema.GRPCProviderServer" tf_rpc=ApplyResourceChange http.request.header.amz_sdk_invocation_id=d95cb98c-f006-4c2c-b739-b51f3315d8ec http.request.header.x_amz_date=20260921T015131Z http.request_content_length=76 http.url=https://ec2.us-east-1.amazonaws.com/ tf_aws.signing_region="" tf_req_id=3627060d-9819-2bf5-8e79-1ac5ffef22a0 tf_resource_type=aws_instance @caller=github.com/hashicorp/aws-sdk-go-base/v2@v2.0.0-beta.73/logging/tf_logger.go:45 aws.region=us-east-1 http.request.header.authorization="AWS4-HMAC-SHA256 Credential=AKIA************HAG5/20260921/us-east-1/ec2/aws4_request, SignedHeaders=amz-sdk-invocation-id;amz-sdk-request;content-length;content-type;host;x-amz-date, Signature=*****" net.peer.name=ec2.us-east-1.amazonaws.com tf_provider_addr=registry.terraform.io/hashicorp/aws @module=aws http.request.header.amz_sdk_request="attempt=1; max=25" http.request.header.content_type=application/x-www-form-urlencoded http.user_agent="APN/1.0 HashiCorp/1.0 Terraform/1.16.3 (+https://www.terraform.io) terraform-provider-aws/6.65.0 (+https://registry.terraform.io/providers/hashicorp/aws) aws-sdk-go-v2/1.47.0 ua/2.1 os/linux lang/go#1.26.6 md/GOOS#linux md/GOARCH#amd64 api/ec2#1.332.0 m/C,n" tf_aws.sdk=aws-sdk-go-v2 http.method=POST
  http.request.body=
  | Action=DescribeInstances&InstanceId.1=i-0183c7ae07ebb5fbd&Version=2016-11-15
   rpc.method=EC2/DescribeInstances timestamp=2026-09-21T01:51:31.481Z
2026-09-21T01:51:31.489Z [DEBUG] provider.terraform-provider-aws_v6.65.0_x5: HTTP Request Sent: @caller=github.com/hashicorp/aws-sdk-go-base/v2@v2.0.0-beta.73/logging/tf_logger.go:45 aws.region=us-east-1 http.method=POST http.request.header.amz_sdk_invocation_id=39186293-5e6e-40b4-bcbb-38d827cff178 http.request.header.amz_sdk_request="attempt=1; max=25" http.request_content_length=76 http.url=https://ec2.us-east-1.amazonaws.com/ http.user_agent="APN/1.0 HashiCorp/1.0 Terraform/1.16.3 (+https://www.terraform.io) terraform-provider-aws/6.65.0 (+https://registry.terraform.io/providers/hashicorp/aws) aws-sdk-go-v2/1.47.0 ua/2.1 os/linux lang/go#1.26.6 md/GOOS#linux md/GOARCH#amd64 api/ec2#1.332.0 m/C,n" @module=aws http.request.header.content_type=application/x-www-form-urlencoded net.peer.name=ec2.us-east-1.amazonaws.com rpc.system.name=aws-api tf_aws.signing_region="" tf_mux_provider="*schema.GRPCProviderServer" tf_req_id=dac946b3-4c42-771e-116d-9f68e9db3692 http.request.header.authorization="AWS4-HMAC-SHA256 Credential=AKIA************HAG5/20260921/us-east-1/ec2/aws4_request, SignedHeaders=amz-sdk-invocation-id;amz-sdk-request;content-length;content-type;host;x-amz-date, Signature=*****" tf_aws.sdk=aws-sdk-go-v2 tf_resource_type=aws_instance tf_rpc=ApplyResourceChange
  http.request.body=
  | Action=DescribeInstances&InstanceId.1=i-0375066a2908bdbaa&Version=2016-11-15
   http.request.header.x_amz_date=20260921T015131Z rpc.method=EC2/DescribeInstances tf_provider_addr=registry.terraform.io/hashicorp/aws timestamp=2026-09-21T01:51:31.489Z
2026-09-21T01:51:31.762Z [DEBUG] provider.terraform-provider-aws_v6.65.0_x5: HTTP Response Received: tf_mux_provider="*schema.GRPCProviderServer" tf_req_id=030c77ff-9bcc-b9b3-f8a8-e339a91d26d9 tf_rpc=ApplyResourceChange @caller=github.com/hashicorp/aws-sdk-go-base/v2@v2.0.0-beta.73/logging/tf_logger.go:45 rpc.method=EC2/DescribeInstances tf_aws.signing_region="" tf_resource_type=aws_instance http.response.header.date="Mon, 21 Sep 2026 01:51:31 GMT" http.response.header.server=AmazonEC2 @module=aws aws.region=us-east-1
  http.response.body=
  | <?xml version="1.0" encoding="UTF-8"?>
  | <DescribeInstancesResponse xmlns="http://ec2.amazonaws.com/doc/2016-11-15/">
  |     <requestId>8b4a057d-07cb-4b5a-8066-2466cafee912</requestId>
  |     <reservationSet>
  |         <item>
  |             <reservationId>r-0fcb516657a4a2cae</reservationId>
  |             <ownerId>020651500156</ownerId>
  |             <groupSet/>
  |             <instancesSet>
  |                 <item>
  |                     <instanceId>i-0e8c6fb6bc29c8abf</instanceId>
  |                     <imageId>ami-0354c98ae10b02961</imageId>
  |                     <instanceState>
  |                         <code>48</code>
  |                         <name>terminated</name>
  |                     </instanceState>
  |                     <privateDnsName/>
  |                     <dnsName/>
  |                     <reason>User initiated (2026-09-21 01:51:11 GMT)</reason>
  |                     <amiLaunchIndex>0</amiLaunchIndex>
  |                     <productCodes/>
  |                     <operator>
  |                         <managed>false</managed>
  |                         <hiddenByDefault>false</hiddenByDefault>
  |                     </operator>
  |                     <instanceType>t2.small</instanceType>
  |                     <launchTime>2026-09-21T01:42:05.000Z</launchTime>
  |                     <placement>
  |                         <availabilityZone>us-east-1d</availabilityZone>
  |                         <availabilityZoneId>use1-az6</availabilityZoneId>
  |                         <groupName/>
  |                         <tenancy>default</tenancy>
  |                     </placement>
  |                     <monitoring>
  |                         <state>disabled</state>
  |                     </monitoring>
  |                     <groupSet/>
  |                     <stateReason>
  |                         <code>Client.UserInitiatedShutdown</code>
  |                         <message>Client.UserInitiatedShutdown: User initiated shutdown</message>
  |                     </stateReason>
  |                     <architecture>x86_64</architecture>
  |                     <rootDeviceType>ebs</rootDeviceType>
  |                     <rootDeviceName>/dev/xvda</rootDeviceName>
  |                     <blockDeviceMapping/>
  |                     <virtualizationType>hvm</virtualizationType>
  |                     <clientToken>terraform-kydvLdroQ3xvQIfkGNp0kzuyxA</clientToken>
  |                     <tagSet>
  |                         <item>
  |                             <key>Name</key>
  |                             <value>Worker_Node_2</value>
  |                         </item>
  |                     </tagSet>
  |                     <hypervisor>xen</hypervisor>
  |                     <networkInterfaceSet/>
  |                     <secondaryInterfaceSet/>
  |                     <ebsOptimized>false</ebsOptimized>
  |                     <enaSupport>true</enaSupport>
  |                     <cpuOptions>
  |                         <coreCount>1</coreCount>
  |                         <threadsPerCore>1</threadsPerCore>
  |                     </cpuOptions>
  |                     <capacityReservationSpecification>
  |                         <capacityReservationPreference>open</capacityReservationPreference>
  |                     </capacityReservationSpecification>
  |                     <hibernationOptions>
  |                         <configured>false</configured>
  |                     </hibernationOptions>
  |                     <enclaveOptions>
  |                         <enabled>false</enabled>
  |                     </enclaveOptions>
  |                     <metadataOptions>
  |                         <state>pending</state>
  |                         <httpTokens>required</httpTokens>
  |                         <httpPutResponseHopLimit>2</httpPutResponseHopLimit>
  |                         <httpEndpoint>enabled</httpEndpoint>
  |                         <httpProtocolIpv4>enabled</httpProtocolIpv4>
  |                         <httpProtocolIpv6>disabled</httpProtocolIpv6>
  |                         <instanceMetadataTags>disabled</instanceMetadataTags>
  |                     </metadataOptions>
  |                     <maintenanceOptions>
  |                         <autoRecovery>default</autoRecovery>
  |                         <rebootMigration>default</rebootMigration>
  |                     </maintenanceOptions>
  | [truncated...]
   http.status_code=200 http.response.header.vary=accept-encoding http.response.header.x_amzn_requestid=8b4a057d-07cb-4b5a-8066-2466cafee912 rpc.system.name=aws-api tf_aws.sdk=aws-sdk-go-v2 tf_provider_addr=registry.terraform.io/hashicorp/aws http.response.header.content_type=text/xml;charset=UTF-8 http.response.header.strict_transport_security="max-age=31536000; includeSubDomains" http.duration=307 http.response.header.cache_control="no-cache, no-store" timestamp=2026-09-21T01:51:31.761Z
2026-09-21T01:51:31.777Z [DEBUG] provider.terraform-provider-aws_v6.65.0_x5: HTTP Response Received: tf_aws.signing_region="" http.response.header.date="Mon, 21 Sep 2026 01:51:31 GMT" tf_resource_type=aws_instance tf_rpc=ApplyResourceChange @module=aws http.response.header.server=AmazonEC2 http.response.header.vary=accept-encoding rpc.method=EC2/DescribeInstances rpc.system.name=aws-api tf_aws.sdk=aws-sdk-go-v2 @caller=github.com/hashicorp/aws-sdk-go-base/v2@v2.0.0-beta.73/logging/tf_logger.go:45 http.duration=294 http.response.header.cache_control="no-cache, no-store" http.response.header.strict_transport_security="max-age=31536000; includeSubDomains" tf_mux_provider="*schema.GRPCProviderServer" tf_provider_addr=registry.terraform.io/hashicorp/aws tf_req_id=3627060d-9819-2bf5-8e79-1ac5ffef22a0 aws.region=us-east-1
  http.response.body=
  | <?xml version="1.0" encoding="UTF-8"?>
  | <DescribeInstancesResponse xmlns="http://ec2.amazonaws.com/doc/2016-11-15/">
  |     <requestId>f7b74117-e8f3-4d7a-87bd-5c1e628611ab</requestId>
  |     <reservationSet>
  |         <item>
  |             <reservationId>r-06c016c994fd06c16</reservationId>
  |             <ownerId>020651500156</ownerId>
  |             <groupSet/>
  |             <instancesSet>
  |                 <item>
  |                     <instanceId>i-0183c7ae07ebb5fbd</instanceId>
  |                     <imageId>ami-0354c98ae10b02961</imageId>
  |                     <instanceState>
  |                         <code>32</code>
  |                         <name>shutting-down</name>
  |                     </instanceState>
  |                     <privateDnsName/>
  |                     <dnsName/>
  |                     <reason>User initiated (2026-09-21 01:51:11 GMT)</reason>
  |                     <amiLaunchIndex>0</amiLaunchIndex>
  |                     <productCodes/>
  |                     <operator>
  |                         <managed>false</managed>
  |                         <hiddenByDefault>false</hiddenByDefault>
  |                     </operator>
  |                     <instanceType>t2.small</instanceType>
  |                     <launchTime>2026-09-21T01:42:05.000Z</launchTime>
  |                     <placement>
  |                         <availabilityZone>us-east-1d</availabilityZone>
  |                         <availabilityZoneId>use1-az6</availabilityZoneId>
  |                         <groupName/>
  |                         <tenancy>default</tenancy>
  |                     </placement>
  |                     <monitoring>
  |                         <state>disabled</state>
  |                     </monitoring>
  |                     <groupSet/>
  |                     <stateReason>
  |                         <code>Client.UserInitiatedShutdown</code>
  |                         <message>Client.UserInitiatedShutdown: User initiated shutdown</message>
  |                     </stateReason>
  |                     <architecture>x86_64</architecture>
  |                     <rootDeviceType>ebs</rootDeviceType>
  |                     <rootDeviceName>/dev/xvda</rootDeviceName>
  |                     <blockDeviceMapping/>
  |                     <virtualizationType>hvm</virtualizationType>
  |                     <clientToken>terraform-IJVRgnVuhY9SVT61RlerBNeh0N</clientToken>
  |                     <tagSet>
  |                         <item>
  |                             <key>Name</key>
  |                             <value>Worker_Node_0</value>
  |                         </item>
  |                     </tagSet>
  |                     <hypervisor>xen</hypervisor>
  |                     <networkInterfaceSet/>
  |                     <secondaryInterfaceSet/>
  |                     <ebsOptimized>false</ebsOptimized>
  |                     <enaSupport>true</enaSupport>
  |                     <cpuOptions>
  |                         <coreCount>1</coreCount>
  |                         <threadsPerCore>1</threadsPerCore>
  |                     </cpuOptions>
  |                     <capacityReservationSpecification>
  |                         <capacityReservationPreference>open</capacityReservationPreference>
  |                     </capacityReservationSpecification>
  |                     <hibernationOptions>
  |                         <configured>false</configured>
  |                     </hibernationOptions>
  |                     <enclaveOptions>
  |                         <enabled>false</enabled>
  |                     </enclaveOptions>
  |                     <metadataOptions>
  |                         <state>pending</state>
  |                         <httpTokens>required</httpTokens>
  |                         <httpPutResponseHopLimit>2</httpPutResponseHopLimit>
  |                         <httpEndpoint>enabled</httpEndpoint>
  |                         <httpProtocolIpv4>enabled</httpProtocolIpv4>
  |                         <httpProtocolIpv6>disabled</httpProtocolIpv6>
  |                         <instanceMetadataTags>disabled</instanceMetadataTags>
  |                     </metadataOptions>
  |                     <maintenanceOptions>
  |                         <autoRecovery>default</autoRecovery>
  |                         <rebootMigration>default</rebootMigration>
  |                     </maintenanceOptions>
  | [truncated...]
   http.response.header.content_type=text/xml;charset=UTF-8 http.response.header.x_amzn_requestid=f7b74117-e8f3-4d7a-87bd-5c1e628611ab http.status_code=200 timestamp=2026-09-21T01:51:31.776Z
2026-09-21T01:51:31.797Z [DEBUG] provider.terraform-provider-aws_v6.65.0_x5: HTTP Response Received: tf_mux_provider="*schema.GRPCProviderServer" tf_req_id=dac946b3-4c42-771e-116d-9f68e9db3692 http.response.header.date="Mon, 21 Sep 2026 01:51:31 GMT" tf_aws.sdk=aws-sdk-go-v2 tf_provider_addr=registry.terraform.io/hashicorp/aws tf_resource_type=aws_instance http.response.header.strict_transport_security="max-age=31536000; includeSubDomains" @caller=github.com/hashicorp/aws-sdk-go-base/v2@v2.0.0-beta.73/logging/tf_logger.go:45
  http.response.body=
  | <?xml version="1.0" encoding="UTF-8"?>
  | <DescribeInstancesResponse xmlns="http://ec2.amazonaws.com/doc/2016-11-15/">
  |     <requestId>5efa7d71-5598-4706-b35b-a48b729154e4</requestId>
  |     <reservationSet>
  |         <item>
  |             <reservationId>r-01a1aa503c7edd071</reservationId>
  |             <ownerId>020651500156</ownerId>
  |             <groupSet/>
  |             <instancesSet>
  |                 <item>
  |                     <instanceId>i-0375066a2908bdbaa</instanceId>
  |                     <imageId>ami-0354c98ae10b02961</imageId>
  |                     <instanceState>
  |                         <code>32</code>
  |                         <name>shutting-down</name>
  |                     </instanceState>
  |                     <privateDnsName/>
  |                     <dnsName/>
  |                     <reason>User initiated (2026-09-21 01:51:11 GMT)</reason>
  |                     <amiLaunchIndex>0</amiLaunchIndex>
  |                     <productCodes/>
  |                     <operator>
  |                         <managed>false</managed>
  |                         <hiddenByDefault>false</hiddenByDefault>
  |                     </operator>
  |                     <instanceType>t2.small</instanceType>
  |                     <launchTime>2026-09-21T01:42:05.000Z</launchTime>
  |                     <placement>
  |                         <availabilityZone>us-east-1d</availabilityZone>
  |                         <availabilityZoneId>use1-az6</availabilityZoneId>
  |                         <groupName/>
  |                         <tenancy>default</tenancy>
  |                     </placement>
  |                     <monitoring>
  |                         <state>disabled</state>
  |                     </monitoring>
  |                     <groupSet/>
  |                     <stateReason>
  |                         <code>Client.UserInitiatedShutdown</code>
  |                         <message>Client.UserInitiatedShutdown: User initiated shutdown</message>
  |                     </stateReason>
  |                     <architecture>x86_64</architecture>
  |                     <rootDeviceType>ebs</rootDeviceType>
  |                     <rootDeviceName>/dev/xvda</rootDeviceName>
  |                     <blockDeviceMapping/>
  |                     <virtualizationType>hvm</virtualizationType>
  |                     <clientToken>terraform-jdbGfTvfKkLT17SOqZh82uiHS9</clientToken>
  |                     <tagSet>
  |                         <item>
  |                             <key>Name</key>
  |                             <value>Worker_Node_1</value>
  |                         </item>
  |                     </tagSet>
  |                     <hypervisor>xen</hypervisor>
  |                     <networkInterfaceSet/>
  |                     <secondaryInterfaceSet/>
  |                     <ebsOptimized>false</ebsOptimized>
  |                     <enaSupport>true</enaSupport>
  |                     <cpuOptions>
  |                         <coreCount>1</coreCount>
  |                         <threadsPerCore>1</threadsPerCore>
  |                     </cpuOptions>
  |                     <capacityReservationSpecification>
  |                         <capacityReservationPreference>open</capacityReservationPreference>
  |                     </capacityReservationSpecification>
  |                     <hibernationOptions>
  |                         <configured>false</configured>
  |                     </hibernationOptions>
  |                     <enclaveOptions>
  |                         <enabled>false</enabled>
  |                     </enclaveOptions>
  |                     <metadataOptions>
  |                         <state>pending</state>
  |                         <httpTokens>required</httpTokens>
  |                         <httpPutResponseHopLimit>2</httpPutResponseHopLimit>
  |                         <httpEndpoint>enabled</httpEndpoint>
  |                         <httpProtocolIpv4>enabled</httpProtocolIpv4>
  |                         <httpProtocolIpv6>disabled</httpProtocolIpv6>
  |                         <instanceMetadataTags>disabled</instanceMetadataTags>
  |                     </metadataOptions>
  |                     <maintenanceOptions>
  |                         <autoRecovery>default</autoRecovery>
  |                         <rebootMigration>default</rebootMigration>
  |                     </maintenanceOptions>
  | [truncated...]
   http.response.header.cache_control="no-cache, no-store" http.response.header.server=AmazonEC2 tf_rpc=ApplyResourceChange aws.region=us-east-1 http.duration=305 rpc.system.name=aws-api tf_aws.signing_region="" http.response.header.vary=accept-encoding @module=aws http.response.header.content_type=text/xml;charset=UTF-8 http.response.header.x_amzn_requestid=5efa7d71-5598-4706-b35b-a48b729154e4 http.status_code=200 rpc.method=EC2/DescribeInstances timestamp=2026-09-21T01:51:31.795Z
2026-09-21T01:51:41.782Z [DEBUG] provider.terraform-provider-aws_v6.65.0_x5: HTTP Request Sent: @caller=github.com/hashicorp/aws-sdk-go-base/v2@v2.0.0-beta.73/logging/tf_logger.go:45 http.url=https://ec2.us-east-1.amazonaws.com/ rpc.method=EC2/DescribeInstances rpc.system.name=aws-api tf_aws.sdk=aws-sdk-go-v2 http.request.header.amz_sdk_invocation_id=5a6b9054-5432-4c8a-ab09-bb93ea88985a http.request.header.content_type=application/x-www-form-urlencoded tf_aws.signing_region="" tf_resource_type=aws_instance tf_rpc=ApplyResourceChange aws.region=us-east-1 http.method=POST
  http.request.body=
  | Action=DescribeInstances&InstanceId.1=i-0183c7ae07ebb5fbd&Version=2016-11-15
   http.request_content_length=76 http.user_agent="APN/1.0 HashiCorp/1.0 Terraform/1.16.3 (+https://www.terraform.io) terraform-provider-aws/6.65.0 (+https://registry.terraform.io/providers/hashicorp/aws) aws-sdk-go-v2/1.47.0 ua/2.1 os/linux lang/go#1.26.6 md/GOOS#linux md/GOARCH#amd64 api/ec2#1.332.0 m/C,n" net.peer.name=ec2.us-east-1.amazonaws.com tf_mux_provider="*schema.GRPCProviderServer" @module=aws http.request.header.amz_sdk_request="attempt=1; max=25" http.request.header.authorization="AWS4-HMAC-SHA256 Credential=AKIA************HAG5/20260921/us-east-1/ec2/aws4_request, SignedHeaders=amz-sdk-invocation-id;amz-sdk-request;content-length;content-type;host;x-amz-date, Signature=*****" http.request.header.x_amz_date=20260921T015141Z tf_provider_addr=registry.terraform.io/hashicorp/aws tf_req_id=3627060d-9819-2bf5-8e79-1ac5ffef22a0 timestamp=2026-09-21T01:51:41.781Z
2026-09-21T01:51:41.800Z [DEBUG] provider.terraform-provider-aws_v6.65.0_x5: HTTP Request Sent: tf_provider_addr=registry.terraform.io/hashicorp/aws tf_resource_type=aws_instance tf_rpc=ApplyResourceChange @module=aws http.request_content_length=76 rpc.method=EC2/DescribeInstances tf_aws.signing_region="" tf_req_id=dac946b3-4c42-771e-116d-9f68e9db3692
  http.request.body=
  | Action=DescribeInstances&InstanceId.1=i-0375066a2908bdbaa&Version=2016-11-15
   http.request.header.amz_sdk_request="attempt=1; max=25" http.request.header.content_type=application/x-www-form-urlencoded http.request.header.x_amz_date=20260921T015141Z http.user_agent="APN/1.0 HashiCorp/1.0 Terraform/1.16.3 (+https://www.terraform.io) terraform-provider-aws/6.65.0 (+https://registry.terraform.io/providers/hashicorp/aws) aws-sdk-go-v2/1.47.0 ua/2.1 os/linux lang/go#1.26.6 md/GOOS#linux md/GOARCH#amd64 api/ec2#1.332.0 m/C,n" net.peer.name=ec2.us-east-1.amazonaws.com rpc.system.name=aws-api tf_aws.sdk=aws-sdk-go-v2 @caller=github.com/hashicorp/aws-sdk-go-base/v2@v2.0.0-beta.73/logging/tf_logger.go:45 aws.region=us-east-1 http.method=POST http.request.header.amz_sdk_invocation_id=b8c2f17c-440f-4d82-9e2f-7279764ccdaa http.request.header.authorization="AWS4-HMAC-SHA256 Credential=AKIA************HAG5/20260921/us-east-1/ec2/aws4_request, SignedHeaders=amz-sdk-invocation-id;amz-sdk-request;content-length;content-type;host;x-amz-date, Signature=*****" http.url=https://ec2.us-east-1.amazonaws.com/ tf_mux_provider="*schema.GRPCProviderServer" timestamp=2026-09-21T01:51:41.799Z
2026-09-21T01:51:42.086Z [DEBUG] provider.terraform-provider-aws_v6.65.0_x5: HTTP Response Received: rpc.system.name=aws-api tf_aws.sdk=aws-sdk-go-v2 aws.region=us-east-1 http.duration=301
  http.response.body=
  | <?xml version="1.0" encoding="UTF-8"?>
  | <DescribeInstancesResponse xmlns="http://ec2.amazonaws.com/doc/2016-11-15/">
  |     <requestId>3a9054df-6cfa-40a1-b22a-a61f6858694b</requestId>
  |     <reservationSet>
  |         <item>
  |             <reservationId>r-06c016c994fd06c16</reservationId>
  |             <ownerId>020651500156</ownerId>
  |             <groupSet/>
  |             <instancesSet>
  |                 <item>
  |                     <instanceId>i-0183c7ae07ebb5fbd</instanceId>
  |                     <imageId>ami-0354c98ae10b02961</imageId>
  |                     <instanceState>
  |                         <code>48</code>
  |                         <name>terminated</name>
  |                     </instanceState>
  |                     <privateDnsName/>
  |                     <dnsName/>
  |                     <reason>User initiated (2026-09-21 01:51:11 GMT)</reason>
  |                     <amiLaunchIndex>0</amiLaunchIndex>
  |                     <productCodes/>
  |                     <operator>
  |                         <managed>false</managed>
  |                         <hiddenByDefault>false</hiddenByDefault>
  |                     </operator>
  |                     <instanceType>t2.small</instanceType>
  |                     <launchTime>2026-09-21T01:42:05.000Z</launchTime>
  |                     <placement>
  |                         <availabilityZone>us-east-1d</availabilityZone>
  |                         <availabilityZoneId>use1-az6</availabilityZoneId>
  |                         <groupName/>
  |                         <tenancy>default</tenancy>
  |                     </placement>
  |                     <monitoring>
  |                         <state>disabled</state>
  |                     </monitoring>
  |                     <groupSet/>
  |                     <stateReason>
  |                         <code>Client.UserInitiatedShutdown</code>
  |                         <message>Client.UserInitiatedShutdown: User initiated shutdown</message>
  |                     </stateReason>
  |                     <architecture>x86_64</architecture>
  |                     <rootDeviceType>ebs</rootDeviceType>
  |                     <rootDeviceName>/dev/xvda</rootDeviceName>
  |                     <blockDeviceMapping/>
  |                     <virtualizationType>hvm</virtualizationType>
  |                     <clientToken>terraform-IJVRgnVuhY9SVT61RlerBNeh0N</clientToken>
  |                     <tagSet>
  |                         <item>
  |                             <key>Name</key>
  |                             <value>Worker_Node_0</value>
  |                         </item>
  |                     </tagSet>
  |                     <hypervisor>xen</hypervisor>
  |                     <networkInterfaceSet/>
  |                     <secondaryInterfaceSet/>
  |                     <ebsOptimized>false</ebsOptimized>
  |                     <enaSupport>true</enaSupport>
  |                     <cpuOptions>
  |                         <coreCount>1</coreCount>
  |                         <threadsPerCore>1</threadsPerCore>
  |                     </cpuOptions>
  |                     <capacityReservationSpecification>
  |                         <capacityReservationPreference>open</capacityReservationPreference>
  |                     </capacityReservationSpecification>
  |                     <hibernationOptions>
  |                         <configured>false</configured>
  |                     </hibernationOptions>
  |                     <enclaveOptions>
  |                         <enabled>false</enabled>
  |                     </enclaveOptions>
  |                     <metadataOptions>
  |                         <state>pending</state>
  |                         <httpTokens>required</httpTokens>
  |                         <httpPutResponseHopLimit>2</httpPutResponseHopLimit>
  |                         <httpEndpoint>enabled</httpEndpoint>
  |                         <httpProtocolIpv4>enabled</httpProtocolIpv4>
  |                         <httpProtocolIpv6>disabled</httpProtocolIpv6>
  |                         <instanceMetadataTags>disabled</instanceMetadataTags>
  |                     </metadataOptions>
  |                     <maintenanceOptions>
  |                         <autoRecovery>default</autoRecovery>
  |                         <rebootMigration>default</rebootMigration>
  |                     </maintenanceOptions>
  | [truncated...]
   tf_aws.signing_region="" tf_provider_addr=registry.terraform.io/hashicorp/aws http.response.header.content_type=text/xml;charset=UTF-8 http.response.header.server=AmazonEC2 http.response.header.vary=accept-encoding tf_mux_provider="*schema.GRPCProviderServer" tf_resource_type=aws_instance tf_rpc=ApplyResourceChange http.response.header.date="Mon, 21 Sep 2026 01:51:42 GMT" @caller=github.com/hashicorp/aws-sdk-go-base/v2@v2.0.0-beta.73/logging/tf_logger.go:45 @module=aws http.response.header.cache_control="no-cache, no-store" http.response.header.x_amzn_requestid=3a9054df-6cfa-40a1-b22a-a61f6858694b rpc.method=EC2/DescribeInstances tf_req_id=3627060d-9819-2bf5-8e79-1ac5ffef22a0 http.response.header.strict_transport_security="max-age=31536000; includeSubDomains" http.status_code=200 timestamp=2026-09-21T01:51:42.085Z
2026-09-21T01:51:42.091Z [DEBUG] provider.terraform-provider-aws_v6.65.0_x5: HTTP Response Received: http.response.header.server=AmazonEC2 http.response.header.strict_transport_security="max-age=31536000; includeSubDomains" http.duration=289 http.response.header.content_type=text/xml;charset=UTF-8 http.response.header.date="Mon, 21 Sep 2026 01:51:42 GMT" rpc.system.name=aws-api aws.region=us-east-1 http.response.header.cache_control="no-cache, no-store" http.response.header.x_amzn_requestid=8203de0c-4fd5-44ea-a02d-9e427da83589 tf_aws.sdk=aws-sdk-go-v2 tf_mux_provider="*schema.GRPCProviderServer" tf_provider_addr=registry.terraform.io/hashicorp/aws tf_req_id=dac946b3-4c42-771e-116d-9f68e9db3692 tf_rpc=ApplyResourceChange http.response.header.vary=accept-encoding @caller=github.com/hashicorp/aws-sdk-go-base/v2@v2.0.0-beta.73/logging/tf_logger.go:45 @module=aws http.status_code=200 rpc.method=EC2/DescribeInstances tf_resource_type=aws_instance
  http.response.body=
  | <?xml version="1.0" encoding="UTF-8"?>
  | <DescribeInstancesResponse xmlns="http://ec2.amazonaws.com/doc/2016-11-15/">
  |     <requestId>8203de0c-4fd5-44ea-a02d-9e427da83589</requestId>
  |     <reservationSet>
  |         <item>
  |             <reservationId>r-01a1aa503c7edd071</reservationId>
  |             <ownerId>020651500156</ownerId>
  |             <groupSet/>
  |             <instancesSet>
  |                 <item>
  |                     <instanceId>i-0375066a2908bdbaa</instanceId>
  |                     <imageId>ami-0354c98ae10b02961</imageId>
  |                     <instanceState>
  |                         <code>48</code>
  |                         <name>terminated</name>
  |                     </instanceState>
  |                     <privateDnsName/>
  |                     <dnsName/>
  |                     <reason>User initiated (2026-09-21 01:51:11 GMT)</reason>
  |                     <amiLaunchIndex>0</amiLaunchIndex>
  |                     <productCodes/>
  |                     <operator>
  |                         <managed>false</managed>
  |                         <hiddenByDefault>false</hiddenByDefault>
  |                     </operator>
  |                     <instanceType>t2.small</instanceType>
  |                     <launchTime>2026-09-21T01:42:05.000Z</launchTime>
  |                     <placement>
  |                         <availabilityZone>us-east-1d</availabilityZone>
  |                         <availabilityZoneId>use1-az6</availabilityZoneId>
  |                         <groupName/>
  |                         <tenancy>default</tenancy>
  |                     </placement>
  |                     <monitoring>
  |                         <state>disabled</state>
  |                     </monitoring>
  |                     <groupSet/>
  |                     <stateReason>
  |                         <code>Client.UserInitiatedShutdown</code>
  |                         <message>Client.UserInitiatedShutdown: User initiated shutdown</message>
  |                     </stateReason>
  |                     <architecture>x86_64</architecture>
  |                     <rootDeviceType>ebs</rootDeviceType>
  |                     <rootDeviceName>/dev/xvda</rootDeviceName>
  |                     <blockDeviceMapping/>
  |                     <virtualizationType>hvm</virtualizationType>
  |                     <clientToken>terraform-jdbGfTvfKkLT17SOqZh82uiHS9</clientToken>
  |                     <tagSet>
  |                         <item>
  |                             <key>Name</key>
  |                             <value>Worker_Node_1</value>
  |                         </item>
  |                     </tagSet>
  |                     <hypervisor>xen</hypervisor>
  |                     <networkInterfaceSet/>
  |                     <secondaryInterfaceSet/>
  |                     <ebsOptimized>false</ebsOptimized>
  |                     <enaSupport>true</enaSupport>
  |                     <cpuOptions>
  |                         <coreCount>1</coreCount>
  |                         <threadsPerCore>1</threadsPerCore>
  |                     </cpuOptions>
  |                     <capacityReservationSpecification>
  |                         <capacityReservationPreference>open</capacityReservationPreference>
  |                     </capacityReservationSpecification>
  |                     <hibernationOptions>
  |                         <configured>false</configured>
  |                     </hibernationOptions>
  |                     <enclaveOptions>
  |                         <enabled>false</enabled>
  |                     </enclaveOptions>
  |                     <metadataOptions>
  |                         <state>pending</state>
  |                         <httpTokens>required</httpTokens>
  |                         <httpPutResponseHopLimit>2</httpPutResponseHopLimit>
  |                         <httpEndpoint>enabled</httpEndpoint>
  |                         <httpProtocolIpv4>enabled</httpProtocolIpv4>
  |                         <httpProtocolIpv6>disabled</httpProtocolIpv6>
  |                         <instanceMetadataTags>disabled</instanceMetadataTags>
  |                     </metadataOptions>
  |                     <maintenanceOptions>
  |                         <autoRecovery>default</autoRecovery>
  |                         <rebootMigration>default</rebootMigration>
  |                     </maintenanceOptions>
  | [truncated...]
   tf_aws.signing_region="" timestamp=2026-09-21T01:51:42.090Z
2026-09-21T01:51:42.105Z [DEBUG] State storage *statemgr.Filesystem declined to persist a state snapshot
2026-09-21T01:51:42.118Z [DEBUG] State storage *statemgr.Filesystem declined to persist a state snapshot
2026-09-21T01:51:42.124Z [DEBUG] provider.stdio: received EOF, stopping recv loop: err="rpc error: code = Unavailable desc = error reading from server: EOF"
2026-09-21T01:51:42.270Z [INFO]  provider: plugin process exited: plugin=.terraform/providers/registry.terraform.io/hashicorp/aws/6.65.0/linux_amd64/terraform-provider-aws_v6.65.0_x5 id=235068
2026-09-21T01:51:42.272Z [DEBUG] provider: plugin exited
